/*M!999999\- enable the sandbox mode */ 
-- MariaDB dump 10.19-12.1.2-MariaDB, for osx10.21 (arm64)
--
-- Host: 127.0.0.1    Database: deebuk_platform
-- ------------------------------------------------------
-- Server version	12.1.2-MariaDB

/*!40101 SET @OLD_CHARACTER_SET_CLIENT=@@CHARACTER_SET_CLIENT */;
/*!40101 SET @OLD_CHARACTER_SET_RESULTS=@@CHARACTER_SET_RESULTS */;
/*!40101 SET @OLD_COLLATION_CONNECTION=@@COLLATION_CONNECTION */;
/*!40101 SET NAMES utf8mb4 */;
/*!40103 SET @OLD_TIME_ZONE=@@TIME_ZONE */;
/*!40103 SET TIME_ZONE='+00:00' */;
/*!40014 SET @OLD_UNIQUE_CHECKS=@@UNIQUE_CHECKS, UNIQUE_CHECKS=0 */;
/*!40014 SET @OLD_FOREIGN_KEY_CHECKS=@@FOREIGN_KEY_CHECKS, FOREIGN_KEY_CHECKS=0 */;
/*!40101 SET @OLD_SQL_MODE=@@SQL_MODE, SQL_MODE='NO_AUTO_VALUE_ON_ZERO' */;
/*M!100616 SET @OLD_NOTE_VERBOSITY=@@NOTE_VERBOSITY, NOTE_VERBOSITY=0 */;

--
-- Dumping routines for database 'deebuk_platform'
--

--
-- Table structure for table `dh_circular_announcements`
--

DROP TABLE IF EXISTS `dh_circular_announcements`;
/*!40101 SET @saved_cs_client     = @@character_set_client */;
/*!40101 SET character_set_client = utf8mb4 */;
CREATE TABLE `dh_circular_announcements` (
  `announcementID` bigint(20) NOT NULL AUTO_INCREMENT,
  `circularID` bigint(20) NOT NULL,
  `selectedByPID` varchar(13) NOT NULL,
  `selectedAt` timestamp NOT NULL DEFAULT current_timestamp(),
  `isActive` tinyint(1) NOT NULL DEFAULT 1,
  `note` text DEFAULT NULL,
  PRIMARY KEY (`announcementID`),
  KEY `idx_cir_announce_active` (`isActive`,`selectedAt`),
  KEY `fk_cir_announce_circular` (`circularID`),
  KEY `fk_cir_announce_user` (`selectedByPID`),
  CONSTRAINT `fk_cir_announce_circular` FOREIGN KEY (`circularID`) REFERENCES `dh_circulars` (`circularID`) ON DELETE CASCADE ON UPDATE CASCADE,
  CONSTRAINT `fk_cir_announce_user` FOREIGN KEY (`selectedByPID`) REFERENCES `teacher` (`pID`) ON UPDATE CASCADE
) ENGINE=InnoDB DEFAULT CHARSET=utf8mb4 COLLATE=utf8mb4_general_ci;
/*!40101 SET character_set_client = @saved_cs_client */;

--
-- Dumping data for table `dh_circular_announcements`
--

LOCK TABLES `dh_circular_announcements` WRITE;
/*!40000 ALTER TABLE `dh_circular_announcements` DISABLE KEYS */;
set autocommit=0;
/*!40000 ALTER TABLE `dh_circular_announcements` ENABLE KEYS */;
UNLOCK TABLES;
commit;

--
-- Table structure for table `dh_circular_inboxes`
--

DROP TABLE IF EXISTS `dh_circular_inboxes`;
/*!40101 SET @saved_cs_client     = @@character_set_client */;
/*!40101 SET character_set_client = utf8mb4 */;
CREATE TABLE `dh_circular_inboxes` (
  `inboxID` bigint(20) NOT NULL AUTO_INCREMENT,
  `circularID` bigint(20) NOT NULL,
  `pID` varchar(13) NOT NULL,
  `inboxType` enum('normal_inbox','special_principal_inbox','saraban_return_inbox','acting_principal_inbox') NOT NULL DEFAULT 'normal_inbox',
  `isRead` tinyint(1) NOT NULL DEFAULT 0,
  `readAt` datetime DEFAULT NULL,
  `isArchived` tinyint(1) NOT NULL DEFAULT 0,
  `archivedAt` datetime DEFAULT NULL,
  `deliveredByPID` varchar(13) DEFAULT NULL,
  `deliveredAt` timestamp NOT NULL DEFAULT current_timestamp(),
  `updatedAt` timestamp NOT NULL DEFAULT '0000-00-00 00:00:00' ON UPDATE current_timestamp(),
  PRIMARY KEY (`inboxID`),
  KEY `fk_cirinbox_delivered_by` (`deliveredByPID`),
  KEY `idx_cirinbox_user` (`pID`,`inboxType`,`isRead`,`isArchived`,`deliveredAt`),
  KEY `idx_cirinbox_circular` (`circularID`),
  CONSTRAINT `fk_cirinbox_circular` FOREIGN KEY (`circularID`) REFERENCES `dh_circulars` (`circularID`) ON DELETE CASCADE ON UPDATE CASCADE,
  CONSTRAINT `fk_cirinbox_delivered_by` FOREIGN KEY (`deliveredByPID`) REFERENCES `teacher` (`pID`) ON DELETE SET NULL ON UPDATE CASCADE,
  CONSTRAINT `fk_cirinbox_user` FOREIGN KEY (`pID`) REFERENCES `teacher` (`pID`) ON DELETE CASCADE ON UPDATE CASCADE
) ENGINE=InnoDB AUTO_INCREMENT=172 DEFAULT CHARSET=utf8mb4 COLLATE=utf8mb4_general_ci;
/*!40101 SET character_set_client = @saved_cs_client */;

--
-- Dumping data for table `dh_circular_inboxes`
--

LOCK TABLES `dh_circular_inboxes` WRITE;
/*!40000 ALTER TABLE `dh_circular_inboxes` DISABLE KEYS */;
set autocommit=0;
INSERT INTO `dh_circular_inboxes` VALUES
(5,1,'3810100580006','normal_inbox',0,NULL,0,NULL,'1829900159722','2026-02-01 16:05:53','2026-02-02 06:29:50'),
(6,1,'5800900028151','normal_inbox',0,NULL,0,NULL,'1829900159722','2026-02-01 16:05:53','2026-02-02 06:29:50'),
(7,1,'3820100025592','normal_inbox',0,NULL,0,NULL,'1829900159722','2026-02-01 16:05:53','2026-02-02 06:29:50'),
(8,1,'1829900012446','normal_inbox',0,NULL,0,NULL,'1829900159722','2026-02-01 16:05:53','2026-02-02 06:29:50'),
(10,3,'1829900159722','normal_inbox',1,'2026-02-02 00:18:19',0,NULL,'1810500062871','2026-02-01 17:18:01','2026-02-02 06:29:50'),
(12,2,'1829900159722','normal_inbox',1,'2026-02-02 00:43:16',1,'2026-02-02 00:45:33','1810500062871','2026-02-01 17:22:17','2026-02-02 06:29:50'),
(13,4,'EL4754143','normal_inbox',0,NULL,0,NULL,'1829900159722','2026-02-02 06:43:02','0000-00-00 00:00:00'),
(14,4,'P6073482C','normal_inbox',0,NULL,0,NULL,'1829900159722','2026-02-02 06:43:02','0000-00-00 00:00:00'),
(15,4,'3810100580006','normal_inbox',0,NULL,0,NULL,'1829900159722','2026-02-02 06:43:02','0000-00-00 00:00:00'),
(16,4,'1820500007021','normal_inbox',0,NULL,0,NULL,'1829900159722','2026-02-02 06:43:02','0000-00-00 00:00:00'),
(17,4,'3800400522290','normal_inbox',0,NULL,0,NULL,'1829900159722','2026-02-02 06:43:02','0000-00-00 00:00:00'),
(18,4,'3820400303415','normal_inbox',0,NULL,0,NULL,'1829900159722','2026-02-02 06:43:02','0000-00-00 00:00:00'),
(19,4,'1810500062871','normal_inbox',0,NULL,0,NULL,'1829900159722','2026-02-02 06:43:02','0000-00-00 00:00:00'),
(20,5,'A50222028','normal_inbox',0,NULL,1,'2026-02-02 16:42:10','1829900159722','2026-02-02 08:06:18','2026-02-02 09:42:10'),
(21,5,'P0405195B','normal_inbox',0,NULL,1,'2026-02-02 16:42:10','1829900159722','2026-02-02 08:06:18','2026-02-02 09:42:10'),
(22,5,'EN963I933','normal_inbox',0,NULL,1,'2026-02-02 16:42:10','1829900159722','2026-02-02 08:06:18','2026-02-02 09:42:10'),
(23,5,'EL0213937','normal_inbox',0,NULL,1,'2026-02-02 16:42:10','1829900159722','2026-02-02 08:06:18','2026-02-02 09:42:10'),
(24,5,'EL4754143','normal_inbox',0,NULL,1,'2026-02-02 16:42:10','1829900159722','2026-02-02 08:06:18','2026-02-02 09:42:10'),
(25,5,'P6073482C','normal_inbox',0,NULL,1,'2026-02-02 16:42:10','1829900159722','2026-02-02 08:06:18','2026-02-02 09:42:10'),
(26,5,'3810100580006','normal_inbox',0,NULL,1,'2026-02-02 16:42:10','1829900159722','2026-02-02 08:06:18','2026-02-02 09:42:10'),
(27,5,'5800900028151','normal_inbox',0,NULL,1,'2026-02-02 16:42:10','1829900159722','2026-02-02 08:06:18','2026-02-02 09:42:10'),
(28,5,'3820100025592','normal_inbox',0,NULL,1,'2026-02-02 16:42:10','1829900159722','2026-02-02 08:06:18','2026-02-02 09:42:10'),
(29,5,'1820500007021','normal_inbox',0,NULL,1,'2026-02-02 16:42:10','1829900159722','2026-02-02 08:06:18','2026-02-02 09:42:10'),
(30,5,'3800400522290','normal_inbox',0,NULL,1,'2026-02-02 16:42:10','1829900159722','2026-02-02 08:06:18','2026-02-02 09:42:10'),
(31,5,'3820400303415','normal_inbox',0,NULL,1,'2026-02-02 16:42:10','1829900159722','2026-02-02 08:06:18','2026-02-02 09:42:10'),
(32,5,'3920100747937','normal_inbox',0,NULL,1,'2026-02-02 16:42:10','1829900159722','2026-02-02 08:06:18','2026-02-02 09:42:10'),
(33,5,'3820400215231','normal_inbox',0,NULL,1,'2026-02-02 16:42:10','1829900159722','2026-02-02 08:06:18','2026-02-02 09:42:10'),
(34,5,'3930300511171','normal_inbox',0,NULL,1,'2026-02-02 16:42:10','1829900159722','2026-02-02 08:06:18','2026-02-02 09:42:10'),
(35,5,'3840100521778','normal_inbox',0,NULL,1,'2026-02-02 16:42:10','1829900159722','2026-02-02 08:06:18','2026-02-02 09:42:10'),
(36,5,'3820300027670','normal_inbox',0,NULL,1,'2026-02-02 16:42:10','1829900159722','2026-02-02 08:06:18','2026-02-02 09:42:10'),
(37,5,'1829900063989','normal_inbox',0,NULL,1,'2026-02-02 16:42:10','1829900159722','2026-02-02 08:06:18','2026-02-02 09:42:10'),
(38,5,'3820400234871','normal_inbox',0,NULL,1,'2026-02-02 16:42:10','1829900159722','2026-02-02 08:06:18','2026-02-02 09:42:10'),
(39,5,'3331001384867','normal_inbox',0,NULL,1,'2026-02-02 16:42:10','1829900159722','2026-02-02 08:06:18','2026-02-02 09:42:10'),
(40,5,'1829900007736','normal_inbox',0,NULL,1,'2026-02-02 16:42:10','1829900159722','2026-02-02 08:06:18','2026-02-02 09:42:10'),
(41,5,'1920600003469','normal_inbox',0,NULL,1,'2026-02-02 16:42:10','1829900159722','2026-02-02 08:06:18','2026-02-02 09:42:10'),
(42,5,'1930600099890','normal_inbox',0,NULL,1,'2026-02-02 16:42:10','1829900159722','2026-02-02 08:06:18','2026-02-02 09:42:10'),
(43,5,'3940400027034','normal_inbox',0,NULL,1,'2026-02-02 16:42:10','1829900159722','2026-02-02 08:06:18','2026-02-02 09:42:10'),
(44,5,'1839900175043','normal_inbox',0,NULL,1,'2026-02-02 16:42:10','1829900159722','2026-02-02 08:06:18','2026-02-02 09:42:10'),
(45,5,'3950300068146','normal_inbox',0,NULL,1,'2026-02-02 16:42:10','1829900159722','2026-02-02 08:06:18','2026-02-02 09:42:10'),
(46,5,'1829900003064','normal_inbox',0,NULL,1,'2026-02-02 16:42:10','1829900159722','2026-02-02 08:06:18','2026-02-02 09:42:10'),
(47,5,'3820100172170','normal_inbox',0,NULL,1,'2026-02-02 16:42:10','1829900159722','2026-02-02 08:06:18','2026-02-02 09:42:10'),
(48,5,'1809900084706','normal_inbox',0,NULL,1,'2026-02-02 16:42:10','1829900159722','2026-02-02 08:06:18','2026-02-02 09:42:10'),
(49,5,'3820100025495','normal_inbox',0,NULL,1,'2026-02-02 16:42:10','1829900159722','2026-02-02 08:06:18','2026-02-02 09:42:10'),
(50,5,'1800700082485','normal_inbox',0,NULL,1,'2026-02-02 16:42:10','1829900159722','2026-02-02 08:06:18','2026-02-02 09:42:10'),
(51,5,'1829900054688','normal_inbox',0,NULL,1,'2026-02-02 16:42:10','1829900159722','2026-02-02 08:06:18','2026-02-02 09:42:10'),
(52,5,'1829900179103','normal_inbox',0,NULL,1,'2026-02-02 16:42:10','1829900159722','2026-02-02 08:06:18','2026-02-02 09:42:10'),
(53,5,'1810500062871','normal_inbox',0,NULL,1,'2026-02-02 16:42:10','1829900159722','2026-02-02 08:06:18','2026-02-02 09:42:10'),
(54,5,'1829900103735','normal_inbox',0,NULL,1,'2026-02-02 16:42:10','1829900159722','2026-02-02 08:06:18','2026-02-02 09:42:10'),
(55,5,'1829900059485','normal_inbox',0,NULL,1,'2026-02-02 16:42:10','1829900159722','2026-02-02 08:06:18','2026-02-02 09:42:10'),
(56,5,'1829900082835','normal_inbox',0,NULL,1,'2026-02-02 16:42:10','1829900159722','2026-02-02 08:06:18','2026-02-02 09:42:10'),
(57,5,'1829900062591','normal_inbox',0,NULL,1,'2026-02-02 16:42:10','1829900159722','2026-02-02 08:06:18','2026-02-02 09:42:10'),
(58,5,'3820100155283','normal_inbox',0,NULL,1,'2026-02-02 16:42:10','1829900159722','2026-02-02 08:06:18','2026-02-02 09:42:10'),
(59,5,'1930500083592','normal_inbox',0,NULL,1,'2026-02-02 16:42:10','1829900159722','2026-02-02 08:06:18','2026-02-02 09:42:10'),
(60,5,'3829900033725','normal_inbox',0,NULL,1,'2026-02-02 16:42:10','1829900159722','2026-02-02 08:06:18','2026-02-02 09:42:10'),
(61,5,'1800400181101','normal_inbox',0,NULL,1,'2026-02-02 16:42:10','1829900159722','2026-02-02 08:06:18','2026-02-02 09:42:10'),
(62,5,'1829900172052','normal_inbox',0,NULL,1,'2026-02-02 16:42:10','1829900159722','2026-02-02 08:06:18','2026-02-02 09:42:10'),
(63,5,'3840200430855','normal_inbox',0,NULL,1,'2026-02-02 16:42:10','1829900159722','2026-02-02 08:06:18','2026-02-02 09:42:10'),
(64,5,'1729900457121','normal_inbox',0,NULL,1,'2026-02-02 16:42:10','1829900159722','2026-02-02 08:06:18','2026-02-02 09:42:10'),
(65,5,'1820500147966','normal_inbox',0,NULL,1,'2026-02-02 16:42:10','1829900159722','2026-02-02 08:06:18','2026-02-02 09:42:10'),
(66,5,'1829900202598','normal_inbox',0,NULL,1,'2026-02-02 16:42:10','1829900159722','2026-02-02 08:06:18','2026-02-02 09:42:10'),
(67,5,'2800800033557','normal_inbox',0,NULL,1,'2026-02-02 16:42:10','1829900159722','2026-02-02 08:06:18','2026-02-02 09:42:10'),
(68,5,'3850100320012','normal_inbox',0,NULL,1,'2026-02-02 16:42:10','1829900159722','2026-02-02 08:06:18','2026-02-02 09:42:10'),
(69,5,'1829900119712','normal_inbox',0,NULL,1,'2026-02-02 16:42:10','1829900159722','2026-02-02 08:06:18','2026-02-02 09:42:10'),
(70,5,'3810500179350','normal_inbox',0,NULL,1,'2026-02-02 16:42:10','1829900159722','2026-02-02 08:06:18','2026-02-02 09:42:10'),
(71,5,'3820600035619','normal_inbox',0,NULL,1,'2026-02-02 16:42:10','1829900159722','2026-02-02 08:06:18','2026-02-02 09:42:10'),
(72,5,'1920600250041','normal_inbox',0,NULL,1,'2026-02-02 16:42:10','1829900159722','2026-02-02 08:06:18','2026-02-02 09:42:10'),
(73,5,'1820700059157','normal_inbox',0,NULL,1,'2026-02-02 16:42:10','1829900159722','2026-02-02 08:06:18','2026-02-02 09:42:10'),
(74,5,'1829900118058','normal_inbox',0,NULL,1,'2026-02-02 16:42:10','1829900159722','2026-02-02 08:06:18','2026-02-02 09:42:10'),
(75,5,'1830101156953','normal_inbox',0,NULL,1,'2026-02-02 16:42:10','1829900159722','2026-02-02 08:06:18','2026-02-02 09:42:10'),
(76,5,'1829900174284','normal_inbox',0,NULL,1,'2026-02-02 16:42:10','1829900159722','2026-02-02 08:06:18','2026-02-02 09:42:10'),
(77,5,'3820800038999','normal_inbox',0,NULL,1,'2026-02-02 16:42:10','1829900159722','2026-02-02 08:06:18','2026-02-02 09:42:10'),
(78,5,'1910300050321','normal_inbox',0,NULL,1,'2026-02-02 16:42:10','1829900159722','2026-02-02 08:06:18','2026-02-02 09:42:10'),
(79,5,'1820700006258','normal_inbox',0,NULL,1,'2026-02-02 16:42:10','1829900159722','2026-02-02 08:06:18','2026-02-02 09:42:10'),
(80,5,'1829900051727','normal_inbox',0,NULL,1,'2026-02-02 16:42:10','1829900159722','2026-02-02 08:06:18','2026-02-02 09:42:10'),
(81,5,'1840100431373','normal_inbox',0,NULL,1,'2026-02-02 16:42:10','1829900159722','2026-02-02 08:06:18','2026-02-02 09:42:10'),
(82,5,'1810300103434','normal_inbox',0,NULL,1,'2026-02-02 16:42:10','1829900159722','2026-02-02 08:06:18','2026-02-02 09:42:10'),
(83,5,'3840700282162','normal_inbox',0,NULL,1,'2026-02-02 16:42:10','1829900159722','2026-02-02 08:06:18','2026-02-02 09:42:10'),
(84,5,'1810600075673','normal_inbox',0,NULL,1,'2026-02-02 16:42:10','1829900159722','2026-02-02 08:06:18','2026-02-02 09:42:10'),
(85,5,'1410100117524','normal_inbox',0,NULL,1,'2026-02-02 16:42:10','1829900159722','2026-02-02 08:06:18','2026-02-02 09:42:10'),
(86,5,'1829900090897','normal_inbox',0,NULL,1,'2026-02-02 16:42:10','1829900159722','2026-02-02 08:06:18','2026-02-02 09:42:10'),
(87,5,'3829900019706','normal_inbox',0,NULL,1,'2026-02-02 16:42:10','1829900159722','2026-02-02 08:06:18','2026-02-02 09:42:10'),
(88,5,'1820400055491','normal_inbox',0,NULL,1,'2026-02-02 16:42:10','1829900159722','2026-02-02 08:06:18','2026-02-02 09:42:10'),
(89,5,'1820800093039','normal_inbox',0,NULL,1,'2026-02-02 16:42:10','1829900159722','2026-02-02 08:06:18','2026-02-02 09:42:10'),
(90,5,'1820600006469','normal_inbox',0,NULL,1,'2026-02-02 16:42:10','1829900159722','2026-02-02 08:06:18','2026-02-02 09:42:10'),
(91,5,'1920100023843','normal_inbox',0,NULL,1,'2026-02-02 16:42:10','1829900159722','2026-02-02 08:06:18','2026-02-02 09:42:10'),
(92,5,'1101401730717','normal_inbox',0,NULL,1,'2026-02-02 16:42:10','1829900159722','2026-02-02 08:06:18','2026-02-02 09:42:10'),
(93,5,'1809900831358','normal_inbox',0,NULL,1,'2026-02-02 16:42:10','1829900159722','2026-02-02 08:06:18','2026-02-02 09:42:10'),
(94,5,'3820100171700','normal_inbox',0,NULL,1,'2026-02-02 16:42:10','1829900159722','2026-02-02 08:06:18','2026-02-02 09:42:10'),
(95,5,'1829900096909','normal_inbox',0,NULL,1,'2026-02-02 16:42:10','1829900159722','2026-02-02 08:06:18','2026-02-02 09:42:10'),
(96,5,'3820400028481','normal_inbox',0,NULL,1,'2026-02-02 16:42:10','1829900159722','2026-02-02 08:06:18','2026-02-02 09:42:10'),
(97,5,'1829900012535','normal_inbox',0,NULL,1,'2026-02-02 16:42:10','1829900159722','2026-02-02 08:06:18','2026-02-02 09:42:10'),
(98,5,'1820500097624','normal_inbox',0,NULL,1,'2026-02-02 16:42:10','1829900159722','2026-02-02 08:06:18','2026-02-02 09:42:10'),
(99,5,'1820500148121','normal_inbox',0,NULL,1,'2026-02-02 16:42:10','1829900159722','2026-02-02 08:06:18','2026-02-02 09:42:10'),
(100,5,'3820500121271','normal_inbox',0,NULL,1,'2026-02-02 16:42:10','1829900159722','2026-02-02 08:06:18','2026-02-02 09:42:10'),
(101,5,'3820700136859','normal_inbox',0,NULL,1,'2026-02-02 16:42:10','1829900159722','2026-02-02 08:06:18','2026-02-02 09:42:10'),
(102,5,'1820500130320','normal_inbox',0,NULL,1,'2026-02-02 16:42:10','1829900159722','2026-02-02 08:06:18','2026-02-02 09:42:10'),
(103,5,'1940100013597','normal_inbox',0,NULL,1,'2026-02-02 16:42:10','1829900159722','2026-02-02 08:06:18','2026-02-02 09:42:10'),
(104,5,'1810500053066','normal_inbox',0,NULL,1,'2026-02-02 16:42:10','1829900159722','2026-02-02 08:06:18','2026-02-02 09:42:10'),
(105,5,'1840100326120','normal_inbox',0,NULL,1,'2026-02-02 16:42:10','1829900159722','2026-02-02 08:06:18','2026-02-02 09:42:10'),
(106,5,'1820500005169','normal_inbox',0,NULL,1,'2026-02-02 16:42:10','1829900159722','2026-02-02 08:06:18','2026-02-02 09:42:10'),
(107,5,'3820100140782','normal_inbox',0,NULL,1,'2026-02-02 16:42:10','1829900159722','2026-02-02 08:06:18','2026-02-02 09:42:10'),
(108,5,'3801600044431','normal_inbox',0,NULL,1,'2026-02-02 16:42:10','1829900159722','2026-02-02 08:06:18','2026-02-02 09:42:10'),
(109,5,'1829900099401','normal_inbox',0,NULL,1,'2026-02-02 16:42:10','1829900159722','2026-02-02 08:06:18','2026-02-02 09:42:10'),
(110,5,'1809901015490','normal_inbox',0,NULL,1,'2026-02-02 16:42:10','1829900159722','2026-02-02 08:06:18','2026-02-02 09:42:10'),
(111,5,'1829900141980','normal_inbox',0,NULL,1,'2026-02-02 16:42:10','1829900159722','2026-02-02 08:06:18','2026-02-02 09:42:10'),
(112,5,'1820800031408','normal_inbox',0,NULL,1,'2026-02-02 16:42:10','1829900159722','2026-02-02 08:06:18','2026-02-02 09:42:10'),
(113,5,'1829900065485','normal_inbox',0,NULL,1,'2026-02-02 16:42:10','1829900159722','2026-02-02 08:06:18','2026-02-02 09:42:10'),
(114,5,'1909901558298','normal_inbox',0,NULL,1,'2026-02-02 16:42:10','1829900159722','2026-02-02 08:06:18','2026-02-02 09:42:10'),
(115,5,'1102001245405','normal_inbox',0,NULL,1,'2026-02-02 16:42:10','1829900159722','2026-02-02 08:06:18','2026-02-02 09:42:10'),
(116,5,'1829900170670','normal_inbox',0,NULL,1,'2026-02-02 16:42:10','1829900159722','2026-02-02 08:06:18','2026-02-02 09:42:10'),
(117,5,'1800100218262','normal_inbox',0,NULL,1,'2026-02-02 16:42:10','1829900159722','2026-02-02 08:06:18','2026-02-02 09:42:10'),
(118,5,'1800800204043','normal_inbox',0,NULL,1,'2026-02-02 16:42:10','1829900159722','2026-02-02 08:06:18','2026-02-02 09:42:10'),
(119,5,'1829900149409','normal_inbox',0,NULL,1,'2026-02-02 16:42:10','1829900159722','2026-02-02 08:06:18','2026-02-02 09:42:10'),
(120,5,'3601000301019','normal_inbox',0,NULL,1,'2026-02-02 16:42:10','1829900159722','2026-02-02 08:06:18','2026-02-02 09:42:10'),
(121,5,'3820700050342','normal_inbox',0,NULL,1,'2026-02-02 16:42:10','1829900159722','2026-02-02 08:06:18','2026-02-02 09:42:10'),
(122,5,'1930500116202','normal_inbox',0,NULL,1,'2026-02-02 16:42:10','1829900159722','2026-02-02 08:06:18','2026-02-02 09:42:10'),
(123,5,'1820700004867','normal_inbox',0,NULL,1,'2026-02-02 16:42:10','1829900159722','2026-02-02 08:06:18','2026-02-02 09:42:10'),
(124,5,'3820400309367','normal_inbox',0,NULL,1,'2026-02-02 16:42:10','1829900159722','2026-02-02 08:06:18','2026-02-02 09:42:10'),
(125,5,'3930300329632','normal_inbox',0,NULL,1,'2026-02-02 16:42:10','1829900159722','2026-02-02 08:06:18','2026-02-02 09:42:10'),
(126,5,'3820700019381','normal_inbox',0,NULL,1,'2026-02-02 16:42:10','1829900159722','2026-02-02 08:06:18','2026-02-02 09:42:10'),
(127,5,'1819300006267','normal_inbox',0,NULL,1,'2026-02-02 16:42:10','1829900159722','2026-02-02 08:06:18','2026-02-02 09:42:10'),
(128,5,'1859900070560','normal_inbox',0,NULL,1,'2026-02-02 16:42:10','1829900159722','2026-02-02 08:06:18','2026-02-02 09:42:10'),
(129,5,'3820400261097','normal_inbox',0,NULL,1,'2026-02-02 16:42:10','1829900159722','2026-02-02 08:06:18','2026-02-02 09:42:10'),
(130,5,'1849900176813','normal_inbox',0,NULL,1,'2026-02-02 16:42:10','1829900159722','2026-02-02 08:06:18','2026-02-02 09:42:10'),
(131,5,'3820700017680','normal_inbox',0,NULL,1,'2026-02-02 16:42:10','1829900159722','2026-02-02 08:06:18','2026-02-02 09:42:10'),
(132,5,'1319800069611','normal_inbox',0,NULL,1,'2026-02-02 16:42:10','1829900159722','2026-02-02 08:06:18','2026-02-02 09:42:10'),
(133,5,'3810500334835','normal_inbox',0,NULL,1,'2026-02-02 16:42:10','1829900159722','2026-02-02 08:06:18','2026-02-02 09:42:10'),
(134,5,'1809901028575','normal_inbox',0,NULL,1,'2026-02-02 16:42:10','1829900159722','2026-02-02 08:06:18','2026-02-02 09:42:10'),
(135,5,'1959900030702','normal_inbox',0,NULL,1,'2026-02-02 16:42:10','1829900159722','2026-02-02 08:06:18','2026-02-02 09:42:10'),
(136,5,'1839900193629','normal_inbox',0,NULL,1,'2026-02-02 16:42:10','1829900159722','2026-02-02 08:06:18','2026-02-02 09:42:10'),
(137,5,'1841500136302','normal_inbox',0,NULL,1,'2026-02-02 16:42:10','1829900159722','2026-02-02 08:06:18','2026-02-02 09:42:10'),
(138,5,'1860700158147','normal_inbox',0,NULL,1,'2026-02-02 16:42:10','1829900159722','2026-02-02 08:06:18','2026-02-02 09:42:10'),
(139,5,'1860100007288','normal_inbox',0,NULL,1,'2026-02-02 16:42:10','1829900159722','2026-02-02 08:06:18','2026-02-02 09:42:10'),
(140,5,'1839900094990','normal_inbox',0,NULL,1,'2026-02-02 16:42:10','1829900159722','2026-02-02 08:06:18','2026-02-02 09:42:10'),
(141,5,'1102003266698','normal_inbox',0,NULL,1,'2026-02-02 16:42:10','1829900159722','2026-02-02 08:06:18','2026-02-02 09:42:10'),
(142,5,'3820100098301','normal_inbox',0,NULL,1,'2026-02-02 16:42:10','1829900159722','2026-02-02 08:06:18','2026-02-02 09:42:10'),
(143,5,'3820400295111','normal_inbox',0,NULL,1,'2026-02-02 16:42:10','1829900159722','2026-02-02 08:06:18','2026-02-02 09:42:10'),
(144,5,'1819900163142','normal_inbox',0,NULL,1,'2026-02-02 16:42:10','1829900159722','2026-02-02 08:06:18','2026-02-02 09:42:10'),
(145,5,'1920400002230','normal_inbox',0,NULL,1,'2026-02-02 16:42:10','1829900159722','2026-02-02 08:06:18','2026-02-02 09:42:10'),
(146,5,'1829900109890','normal_inbox',0,NULL,1,'2026-02-02 16:42:10','1829900159722','2026-02-02 08:06:18','2026-02-02 09:42:10'),
(147,5,'3940400221191','normal_inbox',0,NULL,1,'2026-02-02 16:42:10','1829900159722','2026-02-02 08:06:18','2026-02-02 09:42:10'),
(148,5,'1829900206275','normal_inbox',0,NULL,1,'2026-02-02 16:42:10','1829900159722','2026-02-02 08:06:18','2026-02-02 09:42:10'),
(149,5,'1820501214179','normal_inbox',0,NULL,1,'2026-02-02 16:42:10','1829900159722','2026-02-02 08:06:18','2026-02-02 09:42:10'),
(150,5,'1820500004103','normal_inbox',0,NULL,1,'2026-02-02 16:42:10','1829900159722','2026-02-02 08:06:18','2026-02-02 09:42:10'),
(151,5,'1829900012446','normal_inbox',0,NULL,1,'2026-02-02 16:42:10','1829900159722','2026-02-02 08:06:18','2026-02-02 09:42:10'),
(152,5,'3820100028745','normal_inbox',0,NULL,1,'2026-02-02 16:42:10','1829900159722','2026-02-02 08:06:18','2026-02-02 09:42:10'),
(153,5,'1160100618291','normal_inbox',0,NULL,1,'2026-02-02 16:42:10','1829900159722','2026-02-02 08:06:18','2026-02-02 09:42:10'),
(154,5,'3820800037747','normal_inbox',0,NULL,1,'2026-02-02 16:42:10','1829900159722','2026-02-02 08:06:18','2026-02-02 09:42:10'),
(155,5,'1829900056460','normal_inbox',0,NULL,1,'2026-02-02 16:42:10','1829900159722','2026-02-02 08:06:18','2026-02-02 09:42:10'),
(156,5,'1829900093446','normal_inbox',0,NULL,1,'2026-02-02 16:42:10','1829900159722','2026-02-02 08:06:18','2026-02-02 09:42:10'),
(157,5,'3820700143669','normal_inbox',0,NULL,1,'2026-02-02 16:42:10','1829900159722','2026-02-02 08:06:18','2026-02-02 09:42:10'),
(158,5,'1800800331088','normal_inbox',0,NULL,1,'2026-02-02 16:42:10','1829900159722','2026-02-02 08:06:18','2026-02-02 09:42:10'),
(159,5,'3810500157631','normal_inbox',0,NULL,1,'2026-02-02 16:42:10','1829900159722','2026-02-02 08:06:18','2026-02-02 09:42:10'),
(160,5,'3810200084621','normal_inbox',0,NULL,1,'2026-02-02 16:42:10','1829900159722','2026-02-02 08:06:18','2026-02-02 09:42:10'),
(161,5,'3820400194578','normal_inbox',0,NULL,1,'2026-02-02 16:42:10','1829900159722','2026-02-02 08:06:18','2026-02-02 09:42:10'),
(162,5,'3810300076964','normal_inbox',0,NULL,1,'2026-02-02 16:42:10','1829900159722','2026-02-02 08:06:18','2026-02-02 09:42:10'),
(163,5,'3929900087867','normal_inbox',0,NULL,1,'2026-02-02 16:42:10','1829900159722','2026-02-02 08:06:18','2026-02-02 09:42:10'),
(164,5,'1829900162341','normal_inbox',0,NULL,1,'2026-02-02 16:42:10','1829900159722','2026-02-02 08:06:18','2026-02-02 09:42:10'),
(165,5,'1901100006087','normal_inbox',0,NULL,1,'2026-02-02 16:42:10','1829900159722','2026-02-02 08:06:18','2026-02-02 09:42:10'),
(166,5,'3180600191510','normal_inbox',0,NULL,1,'2026-02-02 16:42:10','1829900159722','2026-02-02 08:06:18','2026-02-02 09:42:10'),
(167,5,'1829900072562','normal_inbox',0,NULL,1,'2026-02-02 16:42:10','1829900159722','2026-02-02 08:06:18','2026-02-02 09:42:10'),
(168,5,'3430200354125','normal_inbox',0,NULL,1,'2026-02-02 16:42:10','1829900159722','2026-02-02 08:06:18','2026-02-02 09:42:10'),
(169,5,'1640700056303','normal_inbox',0,NULL,1,'2026-02-02 16:42:10','1829900159722','2026-02-02 08:06:18','2026-02-02 09:42:10'),
(170,5,'2850300001460','normal_inbox',0,NULL,1,'2026-02-02 16:42:10','1829900159722','2026-02-02 08:06:18','2026-02-02 09:42:10'),
(171,5,'1809900094507','normal_inbox',0,NULL,1,'2026-02-02 16:42:10','1829900159722','2026-02-02 08:06:18','2026-02-02 09:42:10');
/*!40000 ALTER TABLE `dh_circular_inboxes` ENABLE KEYS */;
UNLOCK TABLES;
commit;

--
-- Table structure for table `dh_circular_recipients`
--

DROP TABLE IF EXISTS `dh_circular_recipients`;
/*!40101 SET @saved_cs_client     = @@character_set_client */;
/*!40101 SET character_set_client = utf8mb4 */;
CREATE TABLE `dh_circular_recipients` (
  `recipientID` bigint(20) NOT NULL AUTO_INCREMENT,
  `circularID` bigint(20) NOT NULL,
  `targetType` enum('UNIT','ROLE','PERSON') NOT NULL,
  `fID` int(3) DEFAULT NULL,
  `roleID` int(2) DEFAULT NULL,
  `pID` varchar(13) DEFAULT NULL,
  `isCc` tinyint(1) NOT NULL DEFAULT 0,
  `createdAt` timestamp NOT NULL DEFAULT current_timestamp(),
  PRIMARY KEY (`recipientID`),
  KEY `fk_cirrec_person` (`pID`),
  KEY `idx_cirrec_target` (`targetType`,`fID`,`roleID`,`pID`),
  KEY `idx_cirrec_circular` (`circularID`),
  CONSTRAINT `fk_cirrec_circular` FOREIGN KEY (`circularID`) REFERENCES `dh_circulars` (`circularID`) ON DELETE CASCADE ON UPDATE CASCADE,
  CONSTRAINT `fk_cirrec_person` FOREIGN KEY (`pID`) REFERENCES `teacher` (`pID`) ON DELETE SET NULL ON UPDATE CASCADE
) ENGINE=InnoDB AUTO_INCREMENT=167 DEFAULT CHARSET=utf8mb4 COLLATE=utf8mb4_general_ci;
/*!40101 SET character_set_client = @saved_cs_client */;

--
-- Dumping data for table `dh_circular_recipients`
--

LOCK TABLES `dh_circular_recipients` WRITE;
/*!40000 ALTER TABLE `dh_circular_recipients` DISABLE KEYS */;
set autocommit=0;
INSERT INTO `dh_circular_recipients` VALUES
(1,1,'PERSON',NULL,NULL,'3810100580006',0,'2026-02-01 16:05:41'),
(2,1,'PERSON',NULL,NULL,'5800900028151',0,'2026-02-01 16:05:41'),
(3,1,'PERSON',NULL,NULL,'3820100025592',0,'2026-02-01 16:05:41'),
(4,1,'PERSON',NULL,NULL,'1829900012446',0,'2026-02-01 16:05:41'),
(5,2,'PERSON',NULL,NULL,'1829900159722',0,'2026-02-01 17:06:14'),
(6,3,'PERSON',NULL,NULL,'1829900159722',0,'2026-02-01 17:18:01'),
(7,4,'PERSON',NULL,NULL,'EL4754143',0,'2026-02-02 06:43:02'),
(8,4,'PERSON',NULL,NULL,'P6073482C',0,'2026-02-02 06:43:02'),
(9,4,'PERSON',NULL,NULL,'3810100580006',0,'2026-02-02 06:43:02'),
(10,4,'PERSON',NULL,NULL,'1820500007021',0,'2026-02-02 06:43:02'),
(11,4,'PERSON',NULL,NULL,'3800400522290',0,'2026-02-02 06:43:02'),
(12,4,'PERSON',NULL,NULL,'3820400303415',0,'2026-02-02 06:43:02'),
(13,4,'PERSON',NULL,NULL,'1810500062871',0,'2026-02-02 06:43:02'),
(14,5,'PERSON',NULL,NULL,'A50222028',0,'2026-02-02 08:06:18'),
(15,5,'PERSON',NULL,NULL,'P0405195B',0,'2026-02-02 08:06:18'),
(16,5,'PERSON',NULL,NULL,'EN963I933',0,'2026-02-02 08:06:18'),
(17,5,'PERSON',NULL,NULL,'EL0213937',0,'2026-02-02 08:06:18'),
(18,5,'PERSON',NULL,NULL,'EL4754143',0,'2026-02-02 08:06:18'),
(19,5,'PERSON',NULL,NULL,'P6073482C',0,'2026-02-02 08:06:18'),
(20,5,'PERSON',NULL,NULL,'3810100580006',0,'2026-02-02 08:06:18'),
(21,5,'PERSON',NULL,NULL,'5800900028151',0,'2026-02-02 08:06:18'),
(22,5,'PERSON',NULL,NULL,'3820100025592',0,'2026-02-02 08:06:18'),
(23,5,'PERSON',NULL,NULL,'1820500007021',0,'2026-02-02 08:06:18'),
(24,5,'PERSON',NULL,NULL,'3800400522290',0,'2026-02-02 08:06:18'),
(25,5,'PERSON',NULL,NULL,'3820400303415',0,'2026-02-02 08:06:18'),
(26,5,'PERSON',NULL,NULL,'3920100747937',0,'2026-02-02 08:06:18'),
(27,5,'PERSON',NULL,NULL,'3820400215231',0,'2026-02-02 08:06:18'),
(28,5,'PERSON',NULL,NULL,'3930300511171',0,'2026-02-02 08:06:18'),
(29,5,'PERSON',NULL,NULL,'3840100521778',0,'2026-02-02 08:06:18'),
(30,5,'PERSON',NULL,NULL,'3820300027670',0,'2026-02-02 08:06:18'),
(31,5,'PERSON',NULL,NULL,'1829900063989',0,'2026-02-02 08:06:18'),
(32,5,'PERSON',NULL,NULL,'3820400234871',0,'2026-02-02 08:06:18'),
(33,5,'PERSON',NULL,NULL,'3331001384867',0,'2026-02-02 08:06:18'),
(34,5,'PERSON',NULL,NULL,'1829900007736',0,'2026-02-02 08:06:18'),
(35,5,'PERSON',NULL,NULL,'1920600003469',0,'2026-02-02 08:06:18'),
(36,5,'PERSON',NULL,NULL,'1930600099890',0,'2026-02-02 08:06:18'),
(37,5,'PERSON',NULL,NULL,'3940400027034',0,'2026-02-02 08:06:18'),
(38,5,'PERSON',NULL,NULL,'1839900175043',0,'2026-02-02 08:06:18'),
(39,5,'PERSON',NULL,NULL,'3950300068146',0,'2026-02-02 08:06:18'),
(40,5,'PERSON',NULL,NULL,'1829900003064',0,'2026-02-02 08:06:18'),
(41,5,'PERSON',NULL,NULL,'3820100172170',0,'2026-02-02 08:06:18'),
(42,5,'PERSON',NULL,NULL,'1809900084706',0,'2026-02-02 08:06:18'),
(43,5,'PERSON',NULL,NULL,'3820100025495',0,'2026-02-02 08:06:18'),
(44,5,'PERSON',NULL,NULL,'1800700082485',0,'2026-02-02 08:06:18'),
(45,5,'PERSON',NULL,NULL,'1829900054688',0,'2026-02-02 08:06:18'),
(46,5,'PERSON',NULL,NULL,'1829900179103',0,'2026-02-02 08:06:18'),
(47,5,'PERSON',NULL,NULL,'1810500062871',0,'2026-02-02 08:06:18'),
(48,5,'PERSON',NULL,NULL,'1829900103735',0,'2026-02-02 08:06:18'),
(49,5,'PERSON',NULL,NULL,'1829900059485',0,'2026-02-02 08:06:18'),
(50,5,'PERSON',NULL,NULL,'1829900082835',0,'2026-02-02 08:06:18'),
(51,5,'PERSON',NULL,NULL,'1829900062591',0,'2026-02-02 08:06:18'),
(52,5,'PERSON',NULL,NULL,'3820100155283',0,'2026-02-02 08:06:18'),
(53,5,'PERSON',NULL,NULL,'1930500083592',0,'2026-02-02 08:06:18'),
(54,5,'PERSON',NULL,NULL,'3829900033725',0,'2026-02-02 08:06:18'),
(55,5,'PERSON',NULL,NULL,'1800400181101',0,'2026-02-02 08:06:18'),
(56,5,'PERSON',NULL,NULL,'1829900172052',0,'2026-02-02 08:06:18'),
(57,5,'PERSON',NULL,NULL,'3840200430855',0,'2026-02-02 08:06:18'),
(58,5,'PERSON',NULL,NULL,'1729900457121',0,'2026-02-02 08:06:18'),
(59,5,'PERSON',NULL,NULL,'1829900159722',0,'2026-02-02 08:06:18'),
(60,5,'PERSON',NULL,NULL,'1820500147966',0,'2026-02-02 08:06:18'),
(61,5,'PERSON',NULL,NULL,'1829900202598',0,'2026-02-02 08:06:18'),
(62,5,'PERSON',NULL,NULL,'2800800033557',0,'2026-02-02 08:06:18'),
(63,5,'PERSON',NULL,NULL,'3850100320012',0,'2026-02-02 08:06:18'),
(64,5,'PERSON',NULL,NULL,'1829900119712',0,'2026-02-02 08:06:18'),
(65,5,'PERSON',NULL,NULL,'3810500179350',0,'2026-02-02 08:06:18'),
(66,5,'PERSON',NULL,NULL,'3820600035619',0,'2026-02-02 08:06:18'),
(67,5,'PERSON',NULL,NULL,'1920600250041',0,'2026-02-02 08:06:18'),
(68,5,'PERSON',NULL,NULL,'1820700059157',0,'2026-02-02 08:06:18'),
(69,5,'PERSON',NULL,NULL,'1829900118058',0,'2026-02-02 08:06:18'),
(70,5,'PERSON',NULL,NULL,'1830101156953',0,'2026-02-02 08:06:18'),
(71,5,'PERSON',NULL,NULL,'1829900174284',0,'2026-02-02 08:06:18'),
(72,5,'PERSON',NULL,NULL,'3820800038999',0,'2026-02-02 08:06:18'),
(73,5,'PERSON',NULL,NULL,'1910300050321',0,'2026-02-02 08:06:18'),
(74,5,'PERSON',NULL,NULL,'1820700006258',0,'2026-02-02 08:06:18'),
(75,5,'PERSON',NULL,NULL,'1829900051727',0,'2026-02-02 08:06:18'),
(76,5,'PERSON',NULL,NULL,'1840100431373',0,'2026-02-02 08:06:18'),
(77,5,'PERSON',NULL,NULL,'1810300103434',0,'2026-02-02 08:06:18'),
(78,5,'PERSON',NULL,NULL,'3840700282162',0,'2026-02-02 08:06:18'),
(79,5,'PERSON',NULL,NULL,'1810600075673',0,'2026-02-02 08:06:18'),
(80,5,'PERSON',NULL,NULL,'1410100117524',0,'2026-02-02 08:06:18'),
(81,5,'PERSON',NULL,NULL,'1829900090897',0,'2026-02-02 08:06:18'),
(82,5,'PERSON',NULL,NULL,'3829900019706',0,'2026-02-02 08:06:18'),
(83,5,'PERSON',NULL,NULL,'1820400055491',0,'2026-02-02 08:06:18'),
(84,5,'PERSON',NULL,NULL,'1820800093039',0,'2026-02-02 08:06:18'),
(85,5,'PERSON',NULL,NULL,'1820600006469',0,'2026-02-02 08:06:18'),
(86,5,'PERSON',NULL,NULL,'1920100023843',0,'2026-02-02 08:06:18'),
(87,5,'PERSON',NULL,NULL,'1101401730717',0,'2026-02-02 08:06:18'),
(88,5,'PERSON',NULL,NULL,'1809900831358',0,'2026-02-02 08:06:18'),
(89,5,'PERSON',NULL,NULL,'3820100171700',0,'2026-02-02 08:06:18'),
(90,5,'PERSON',NULL,NULL,'1829900096909',0,'2026-02-02 08:06:18'),
(91,5,'PERSON',NULL,NULL,'3820400028481',0,'2026-02-02 08:06:18'),
(92,5,'PERSON',NULL,NULL,'1829900012535',0,'2026-02-02 08:06:18'),
(93,5,'PERSON',NULL,NULL,'1820500097624',0,'2026-02-02 08:06:18'),
(94,5,'PERSON',NULL,NULL,'1820500148121',0,'2026-02-02 08:06:18'),
(95,5,'PERSON',NULL,NULL,'3820500121271',0,'2026-02-02 08:06:18'),
(96,5,'PERSON',NULL,NULL,'3820700136859',0,'2026-02-02 08:06:18'),
(97,5,'PERSON',NULL,NULL,'1820500130320',0,'2026-02-02 08:06:18'),
(98,5,'PERSON',NULL,NULL,'1940100013597',0,'2026-02-02 08:06:18'),
(99,5,'PERSON',NULL,NULL,'1810500053066',0,'2026-02-02 08:06:18'),
(100,5,'PERSON',NULL,NULL,'1840100326120',0,'2026-02-02 08:06:18'),
(101,5,'PERSON',NULL,NULL,'1820500005169',0,'2026-02-02 08:06:18'),
(102,5,'PERSON',NULL,NULL,'3820100140782',0,'2026-02-02 08:06:18'),
(103,5,'PERSON',NULL,NULL,'3801600044431',0,'2026-02-02 08:06:18'),
(104,5,'PERSON',NULL,NULL,'1829900099401',0,'2026-02-02 08:06:18'),
(105,5,'PERSON',NULL,NULL,'1809901015490',0,'2026-02-02 08:06:18'),
(106,5,'PERSON',NULL,NULL,'1829900141980',0,'2026-02-02 08:06:18'),
(107,5,'PERSON',NULL,NULL,'1820800031408',0,'2026-02-02 08:06:18'),
(108,5,'PERSON',NULL,NULL,'1829900065485',0,'2026-02-02 08:06:18'),
(109,5,'PERSON',NULL,NULL,'1909901558298',0,'2026-02-02 08:06:18'),
(110,5,'PERSON',NULL,NULL,'1102001245405',0,'2026-02-02 08:06:18'),
(111,5,'PERSON',NULL,NULL,'1829900170670',0,'2026-02-02 08:06:18'),
(112,5,'PERSON',NULL,NULL,'1800100218262',0,'2026-02-02 08:06:18'),
(113,5,'PERSON',NULL,NULL,'1800800204043',0,'2026-02-02 08:06:18'),
(114,5,'PERSON',NULL,NULL,'1829900149409',0,'2026-02-02 08:06:18'),
(115,5,'PERSON',NULL,NULL,'3601000301019',0,'2026-02-02 08:06:18'),
(116,5,'PERSON',NULL,NULL,'3820700050342',0,'2026-02-02 08:06:18'),
(117,5,'PERSON',NULL,NULL,'1930500116202',0,'2026-02-02 08:06:18'),
(118,5,'PERSON',NULL,NULL,'1820700004867',0,'2026-02-02 08:06:18'),
(119,5,'PERSON',NULL,NULL,'3820400309367',0,'2026-02-02 08:06:18'),
(120,5,'PERSON',NULL,NULL,'3930300329632',0,'2026-02-02 08:06:18'),
(121,5,'PERSON',NULL,NULL,'3820700019381',0,'2026-02-02 08:06:18'),
(122,5,'PERSON',NULL,NULL,'1819300006267',0,'2026-02-02 08:06:18'),
(123,5,'PERSON',NULL,NULL,'1859900070560',0,'2026-02-02 08:06:18'),
(124,5,'PERSON',NULL,NULL,'3820400261097',0,'2026-02-02 08:06:18'),
(125,5,'PERSON',NULL,NULL,'1849900176813',0,'2026-02-02 08:06:18'),
(126,5,'PERSON',NULL,NULL,'3820700017680',0,'2026-02-02 08:06:18'),
(127,5,'PERSON',NULL,NULL,'1319800069611',0,'2026-02-02 08:06:18'),
(128,5,'PERSON',NULL,NULL,'3810500334835',0,'2026-02-02 08:06:18'),
(129,5,'PERSON',NULL,NULL,'1809901028575',0,'2026-02-02 08:06:18'),
(130,5,'PERSON',NULL,NULL,'1959900030702',0,'2026-02-02 08:06:18'),
(131,5,'PERSON',NULL,NULL,'1839900193629',0,'2026-02-02 08:06:18'),
(132,5,'PERSON',NULL,NULL,'1841500136302',0,'2026-02-02 08:06:18'),
(133,5,'PERSON',NULL,NULL,'1860700158147',0,'2026-02-02 08:06:18'),
(134,5,'PERSON',NULL,NULL,'1860100007288',0,'2026-02-02 08:06:18'),
(135,5,'PERSON',NULL,NULL,'1839900094990',0,'2026-02-02 08:06:18'),
(136,5,'PERSON',NULL,NULL,'1102003266698',0,'2026-02-02 08:06:18'),
(137,5,'PERSON',NULL,NULL,'3820100098301',0,'2026-02-02 08:06:18'),
(138,5,'PERSON',NULL,NULL,'3820400295111',0,'2026-02-02 08:06:18'),
(139,5,'PERSON',NULL,NULL,'1819900163142',0,'2026-02-02 08:06:18'),
(140,5,'PERSON',NULL,NULL,'1920400002230',0,'2026-02-02 08:06:18'),
(141,5,'PERSON',NULL,NULL,'1829900109890',0,'2026-02-02 08:06:18'),
(142,5,'PERSON',NULL,NULL,'3940400221191',0,'2026-02-02 08:06:18'),
(143,5,'PERSON',NULL,NULL,'1829900206275',0,'2026-02-02 08:06:18'),
(144,5,'PERSON',NULL,NULL,'1820501214179',0,'2026-02-02 08:06:18'),
(145,5,'PERSON',NULL,NULL,'1820500004103',0,'2026-02-02 08:06:18'),
(146,5,'PERSON',NULL,NULL,'1829900012446',0,'2026-02-02 08:06:18'),
(147,5,'PERSON',NULL,NULL,'3820100028745',0,'2026-02-02 08:06:18'),
(148,5,'PERSON',NULL,NULL,'1160100618291',0,'2026-02-02 08:06:18'),
(149,5,'PERSON',NULL,NULL,'3820800037747',0,'2026-02-02 08:06:18'),
(150,5,'PERSON',NULL,NULL,'1829900056460',0,'2026-02-02 08:06:18'),
(151,5,'PERSON',NULL,NULL,'1829900093446',0,'2026-02-02 08:06:18'),
(152,5,'PERSON',NULL,NULL,'3820700143669',0,'2026-02-02 08:06:18'),
(153,5,'PERSON',NULL,NULL,'1800800331088',0,'2026-02-02 08:06:18'),
(154,5,'PERSON',NULL,NULL,'3810500157631',0,'2026-02-02 08:06:18'),
(155,5,'PERSON',NULL,NULL,'3810200084621',0,'2026-02-02 08:06:18'),
(156,5,'PERSON',NULL,NULL,'3820400194578',0,'2026-02-02 08:06:18'),
(157,5,'PERSON',NULL,NULL,'3810300076964',0,'2026-02-02 08:06:18'),
(158,5,'PERSON',NULL,NULL,'3929900087867',0,'2026-02-02 08:06:18'),
(159,5,'PERSON',NULL,NULL,'1829900162341',0,'2026-02-02 08:06:18'),
(160,5,'PERSON',NULL,NULL,'1901100006087',0,'2026-02-02 08:06:18'),
(161,5,'PERSON',NULL,NULL,'3180600191510',0,'2026-02-02 08:06:18'),
(162,5,'PERSON',NULL,NULL,'1829900072562',0,'2026-02-02 08:06:18'),
(163,5,'PERSON',NULL,NULL,'3430200354125',0,'2026-02-02 08:06:18'),
(164,5,'PERSON',NULL,NULL,'1640700056303',0,'2026-02-02 08:06:18'),
(165,5,'PERSON',NULL,NULL,'2850300001460',0,'2026-02-02 08:06:18'),
(166,5,'PERSON',NULL,NULL,'1809900094507',0,'2026-02-02 08:06:18');
/*!40000 ALTER TABLE `dh_circular_recipients` ENABLE KEYS */;
UNLOCK TABLES;
commit;

--
-- Table structure for table `dh_circular_routes`
--

DROP TABLE IF EXISTS `dh_circular_routes`;
/*!40101 SET @saved_cs_client     = @@character_set_client */;
/*!40101 SET character_set_client = utf8mb4 */;
CREATE TABLE `dh_circular_routes` (
  `routeID` bigint(20) NOT NULL AUTO_INCREMENT,
  `circularID` bigint(20) NOT NULL,
  `action` enum('CREATE','SEND','RECALL','RETURN','FORWARD','APPROVE','ARCHIVE','CANCEL') NOT NULL,
  `fromPID` varchar(13) DEFAULT NULL,
  `toPID` varchar(13) DEFAULT NULL,
  `toFID` int(3) DEFAULT NULL,
  `note` text DEFAULT NULL,
  `actionAt` timestamp NOT NULL DEFAULT current_timestamp(),
  PRIMARY KEY (`routeID`),
  KEY `fk_cirroute_circular` (`circularID`),
  KEY `fk_cirroute_from` (`fromPID`),
  KEY `idx_cirroute_action` (`action`,`actionAt`),
  KEY `idx_cirroute_to` (`toPID`,`toFID`),
  CONSTRAINT `fk_cirroute_circular` FOREIGN KEY (`circularID`) REFERENCES `dh_circulars` (`circularID`) ON DELETE CASCADE ON UPDATE CASCADE,
  CONSTRAINT `fk_cirroute_from` FOREIGN KEY (`fromPID`) REFERENCES `teacher` (`pID`) ON DELETE SET NULL ON UPDATE CASCADE,
  CONSTRAINT `fk_cirroute_to` FOREIGN KEY (`toPID`) REFERENCES `teacher` (`pID`) ON DELETE SET NULL ON UPDATE CASCADE
) ENGINE=InnoDB AUTO_INCREMENT=20 DEFAULT CHARSET=utf8mb4 COLLATE=utf8mb4_general_ci;
/*!40101 SET character_set_client = @saved_cs_client */;

--
-- Dumping data for table `dh_circular_routes`
--

LOCK TABLES `dh_circular_routes` WRITE;
/*!40000 ALTER TABLE `dh_circular_routes` DISABLE KEYS */;
set autocommit=0;
INSERT INTO `dh_circular_routes` VALUES
(1,1,'CREATE','1829900159722',NULL,NULL,NULL,'2026-02-01 16:05:41'),
(2,1,'SEND','1829900159722',NULL,NULL,NULL,'2026-02-01 16:05:41'),
(3,1,'RECALL','1829900159722',NULL,NULL,NULL,'2026-02-01 16:05:49'),
(4,1,'RECALL','1829900159722',NULL,NULL,NULL,'2026-02-01 16:05:52'),
(5,1,'SEND','1829900159722',NULL,NULL,'RESEND','2026-02-01 16:05:53'),
(6,2,'CREATE','1810500062871',NULL,NULL,NULL,'2026-02-01 17:06:14'),
(7,2,'SEND','1810500062871',NULL,NULL,NULL,'2026-02-01 17:06:14'),
(8,3,'CREATE','1810500062871',NULL,NULL,NULL,'2026-02-01 17:18:01'),
(9,3,'SEND','1810500062871',NULL,NULL,NULL,'2026-02-01 17:18:01'),
(10,2,'RECALL','1810500062871',NULL,NULL,NULL,'2026-02-01 17:22:07'),
(11,2,'SEND','1810500062871',NULL,NULL,'RESEND','2026-02-01 17:22:12'),
(12,2,'RECALL','1810500062871',NULL,NULL,NULL,'2026-02-01 17:22:14'),
(13,2,'RECALL','1810500062871',NULL,NULL,NULL,'2026-02-01 17:22:16'),
(14,2,'SEND','1810500062871',NULL,NULL,'RESEND','2026-02-01 17:22:17'),
(15,4,'CREATE','1829900159722',NULL,NULL,NULL,'2026-02-02 06:43:02'),
(16,4,'SEND','1829900159722',NULL,NULL,NULL,'2026-02-02 06:43:02'),
(17,5,'CREATE','1829900159722',NULL,NULL,NULL,'2026-02-02 08:06:18'),
(18,5,'SEND','1829900159722',NULL,NULL,NULL,'2026-02-02 08:06:18'),
(19,5,'RECALL','1829900159722',NULL,NULL,NULL,'2026-02-02 09:42:10');
/*!40000 ALTER TABLE `dh_circular_routes` ENABLE KEYS */;
UNLOCK TABLES;
commit;

--
-- Table structure for table `dh_circulars`
--

DROP TABLE IF EXISTS `dh_circulars`;
/*!40101 SET @saved_cs_client     = @@character_set_client */;
/*!40101 SET character_set_client = utf8mb4 */;
CREATE TABLE `dh_circulars` (
  `circularID` bigint(20) NOT NULL AUTO_INCREMENT,
  `dh_year` int(4) NOT NULL,
  `circularType` enum('INTERNAL','EXTERNAL') NOT NULL DEFAULT 'INTERNAL',
  `subject` varchar(300) NOT NULL,
  `detail` text DEFAULT NULL,
  `linkURL` varchar(500) DEFAULT NULL,
  `fromFID` int(3) DEFAULT NULL,
  `extPriority` enum('ปกติ','ด่วน','ด่วนมาก','ด่วนที่สุด') DEFAULT NULL,
  `extBookNo` varchar(80) DEFAULT NULL,
  `extIssuedDate` date DEFAULT NULL,
  `extFromText` varchar(255) DEFAULT NULL,
  `extGroupFID` int(3) DEFAULT NULL,
  `status` enum('INTERNAL_DRAFT','INTERNAL_SENT','INTERNAL_RECALLED','INTERNAL_ARCHIVED','EXTERNAL_SUBMITTED','EXTERNAL_PENDING_REVIEW','EXTERNAL_REVIEWED','EXTERNAL_FORWARDED') NOT NULL DEFAULT 'INTERNAL_DRAFT',
  `createdByPID` varchar(13) NOT NULL,
  `updatedByPID` varchar(13) DEFAULT NULL,
  `deletedAt` datetime DEFAULT NULL,
  `createdAt` timestamp NOT NULL DEFAULT current_timestamp(),
  `updatedAt` timestamp NOT NULL DEFAULT '0000-00-00 00:00:00' ON UPDATE current_timestamp(),
  PRIMARY KEY (`circularID`),
  UNIQUE KEY `uq_cir_ext_book` (`dh_year`,`extBookNo`),
  KEY `fk_cir_created_by` (`createdByPID`),
  KEY `fk_cir_updated_by` (`updatedByPID`),
  KEY `idx_cir_type_status` (`circularType`,`status`),
  KEY `idx_cir_year` (`dh_year`,`createdAt`),
  KEY `idx_cir_fromFID` (`fromFID`),
  CONSTRAINT `fk_cir_created_by` FOREIGN KEY (`createdByPID`) REFERENCES `teacher` (`pID`) ON UPDATE CASCADE,
  CONSTRAINT `fk_cir_updated_by` FOREIGN KEY (`updatedByPID`) REFERENCES `teacher` (`pID`) ON DELETE SET NULL ON UPDATE CASCADE
) ENGINE=InnoDB AUTO_INCREMENT=6 DEFAULT CHARSET=utf8mb4 COLLATE=utf8mb4_general_ci;
/*!40101 SET character_set_client = @saved_cs_client */;

--
-- Dumping data for table `dh_circulars`
--

LOCK TABLES `dh_circulars` WRITE;
/*!40000 ALTER TABLE `dh_circulars` DISABLE KEYS */;
set autocommit=0;
INSERT INTO `dh_circulars` VALUES
(1,2568,'INTERNAL','กหดหกดหกดกหด','หกดกหดหกดหกดหกดหก',NULL,NULL,NULL,NULL,NULL,NULL,NULL,'INTERNAL_SENT','1829900159722','1829900159722',NULL,'2026-02-01 16:05:41','2026-02-02 06:29:50'),
(2,2568,'INTERNAL','1212','121212',NULL,NULL,NULL,NULL,NULL,NULL,NULL,'INTERNAL_SENT','1810500062871','1810500062871',NULL,'2026-02-01 17:06:14','2026-02-02 06:29:50'),
(3,2568,'INTERNAL','เอกสารราชการ','121212',NULL,NULL,NULL,NULL,NULL,NULL,NULL,'INTERNAL_SENT','1810500062871','1810500062871',NULL,'2026-02-01 17:18:01','2026-02-02 06:29:50'),
(4,2568,'INTERNAL','ฟหกฟหกฟห','กฟหกฟหกฟหก',NULL,NULL,NULL,NULL,NULL,NULL,NULL,'INTERNAL_SENT','1829900159722','1829900159722',NULL,'2026-02-02 06:43:02','2026-02-02 06:43:02'),
(5,2568,'INTERNAL','ffgsdfsdf','sdfdsfsdfds',NULL,NULL,NULL,NULL,NULL,NULL,NULL,'INTERNAL_RECALLED','1829900159722','1829900159722',NULL,'2026-02-02 08:06:18','2026-02-02 09:42:10');
/*!40000 ALTER TABLE `dh_circulars` ENABLE KEYS */;
UNLOCK TABLES;
commit;

--
-- Table structure for table `dh_document_recipients`
--

DROP TABLE IF EXISTS `dh_document_recipients`;
/*!40101 SET @saved_cs_client     = @@character_set_client */;
/*!40101 SET character_set_client = utf8mb4 */;
CREATE TABLE `dh_document_recipients` (
  `id` bigint(20) unsigned NOT NULL AUTO_INCREMENT,
  `documentID` bigint(20) unsigned NOT NULL,
  `recipientPID` varchar(13) NOT NULL,
  `inboxType` varchar(50) NOT NULL,
  `inboxStatus` enum('UNREAD','READ','ARCHIVED') NOT NULL DEFAULT 'UNREAD',
  `readAt` datetime DEFAULT NULL,
  `receivedAt` datetime DEFAULT NULL,
  `createdAt` timestamp NOT NULL DEFAULT current_timestamp(),
  PRIMARY KEY (`id`),
  UNIQUE KEY `uq_recipient` (`documentID`,`recipientPID`,`inboxType`),
  KEY `idx_recipient_pid` (`recipientPID`,`inboxStatus`),
  KEY `idx_recipient_document` (`documentID`),
  CONSTRAINT `fk_recipients_document` FOREIGN KEY (`documentID`) REFERENCES `dh_documents` (`id`) ON DELETE CASCADE ON UPDATE CASCADE,
  CONSTRAINT `fk_recipients_user` FOREIGN KEY (`recipientPID`) REFERENCES `teacher` (`pID`) ON UPDATE CASCADE
) ENGINE=InnoDB AUTO_INCREMENT=160 DEFAULT CHARSET=utf8mb4 COLLATE=utf8mb4_general_ci;
/*!40101 SET character_set_client = @saved_cs_client */;

--
-- Dumping data for table `dh_document_recipients`
--

LOCK TABLES `dh_document_recipients` WRITE;
/*!40000 ALTER TABLE `dh_document_recipients` DISABLE KEYS */;
set autocommit=0;
INSERT INTO `dh_document_recipients` VALUES
(1,2,'EL4754143','normal_inbox','UNREAD',NULL,'2026-02-02 13:43:02','2026-02-02 06:43:02'),
(2,2,'P6073482C','normal_inbox','UNREAD',NULL,'2026-02-02 13:43:02','2026-02-02 06:43:02'),
(3,2,'3810100580006','normal_inbox','UNREAD',NULL,'2026-02-02 13:43:02','2026-02-02 06:43:02'),
(4,2,'1820500007021','normal_inbox','UNREAD',NULL,'2026-02-02 13:43:02','2026-02-02 06:43:02'),
(5,2,'3800400522290','normal_inbox','UNREAD',NULL,'2026-02-02 13:43:02','2026-02-02 06:43:02'),
(6,2,'3820400303415','normal_inbox','UNREAD',NULL,'2026-02-02 13:43:02','2026-02-02 06:43:02'),
(7,2,'1810500062871','normal_inbox','UNREAD',NULL,'2026-02-02 13:43:02','2026-02-02 06:43:02'),
(8,3,'A50222028','normal_inbox','ARCHIVED',NULL,'2026-02-02 15:06:18','2026-02-02 08:06:18'),
(9,3,'P0405195B','normal_inbox','ARCHIVED',NULL,'2026-02-02 15:06:18','2026-02-02 08:06:18'),
(10,3,'EN963I933','normal_inbox','ARCHIVED',NULL,'2026-02-02 15:06:18','2026-02-02 08:06:18'),
(11,3,'EL0213937','normal_inbox','ARCHIVED',NULL,'2026-02-02 15:06:18','2026-02-02 08:06:18'),
(12,3,'EL4754143','normal_inbox','ARCHIVED',NULL,'2026-02-02 15:06:18','2026-02-02 08:06:18'),
(13,3,'P6073482C','normal_inbox','ARCHIVED',NULL,'2026-02-02 15:06:18','2026-02-02 08:06:18'),
(14,3,'3810100580006','normal_inbox','ARCHIVED',NULL,'2026-02-02 15:06:18','2026-02-02 08:06:18'),
(15,3,'5800900028151','normal_inbox','ARCHIVED',NULL,'2026-02-02 15:06:18','2026-02-02 08:06:18'),
(16,3,'3820100025592','normal_inbox','ARCHIVED',NULL,'2026-02-02 15:06:18','2026-02-02 08:06:18'),
(17,3,'1820500007021','normal_inbox','ARCHIVED',NULL,'2026-02-02 15:06:18','2026-02-02 08:06:18'),
(18,3,'3800400522290','normal_inbox','ARCHIVED',NULL,'2026-02-02 15:06:18','2026-02-02 08:06:18'),
(19,3,'3820400303415','normal_inbox','ARCHIVED',NULL,'2026-02-02 15:06:18','2026-02-02 08:06:18'),
(20,3,'3920100747937','normal_inbox','ARCHIVED',NULL,'2026-02-02 15:06:18','2026-02-02 08:06:18'),
(21,3,'3820400215231','normal_inbox','ARCHIVED',NULL,'2026-02-02 15:06:18','2026-02-02 08:06:18'),
(22,3,'3930300511171','normal_inbox','ARCHIVED',NULL,'2026-02-02 15:06:18','2026-02-02 08:06:18'),
(23,3,'3840100521778','normal_inbox','ARCHIVED',NULL,'2026-02-02 15:06:18','2026-02-02 08:06:18'),
(24,3,'3820300027670','normal_inbox','ARCHIVED',NULL,'2026-02-02 15:06:18','2026-02-02 08:06:18'),
(25,3,'1829900063989','normal_inbox','ARCHIVED',NULL,'2026-02-02 15:06:18','2026-02-02 08:06:18'),
(26,3,'3820400234871','normal_inbox','ARCHIVED',NULL,'2026-02-02 15:06:18','2026-02-02 08:06:18'),
(27,3,'3331001384867','normal_inbox','ARCHIVED',NULL,'2026-02-02 15:06:18','2026-02-02 08:06:18'),
(28,3,'1829900007736','normal_inbox','ARCHIVED',NULL,'2026-02-02 15:06:18','2026-02-02 08:06:18'),
(29,3,'1920600003469','normal_inbox','ARCHIVED',NULL,'2026-02-02 15:06:18','2026-02-02 08:06:18'),
(30,3,'1930600099890','normal_inbox','ARCHIVED',NULL,'2026-02-02 15:06:18','2026-02-02 08:06:18'),
(31,3,'3940400027034','normal_inbox','ARCHIVED',NULL,'2026-02-02 15:06:18','2026-02-02 08:06:18'),
(32,3,'1839900175043','normal_inbox','ARCHIVED',NULL,'2026-02-02 15:06:18','2026-02-02 08:06:18'),
(33,3,'3950300068146','normal_inbox','ARCHIVED',NULL,'2026-02-02 15:06:18','2026-02-02 08:06:18'),
(34,3,'1829900003064','normal_inbox','ARCHIVED',NULL,'2026-02-02 15:06:18','2026-02-02 08:06:18'),
(35,3,'3820100172170','normal_inbox','ARCHIVED',NULL,'2026-02-02 15:06:18','2026-02-02 08:06:18'),
(36,3,'1809900084706','normal_inbox','ARCHIVED',NULL,'2026-02-02 15:06:18','2026-02-02 08:06:18'),
(37,3,'3820100025495','normal_inbox','ARCHIVED',NULL,'2026-02-02 15:06:18','2026-02-02 08:06:18'),
(38,3,'1800700082485','normal_inbox','ARCHIVED',NULL,'2026-02-02 15:06:18','2026-02-02 08:06:18'),
(39,3,'1829900054688','normal_inbox','ARCHIVED',NULL,'2026-02-02 15:06:18','2026-02-02 08:06:18'),
(40,3,'1829900179103','normal_inbox','ARCHIVED',NULL,'2026-02-02 15:06:18','2026-02-02 08:06:18'),
(41,3,'1810500062871','normal_inbox','ARCHIVED',NULL,'2026-02-02 15:06:18','2026-02-02 08:06:18'),
(42,3,'1829900103735','normal_inbox','ARCHIVED',NULL,'2026-02-02 15:06:18','2026-02-02 08:06:18'),
(43,3,'1829900059485','normal_inbox','ARCHIVED',NULL,'2026-02-02 15:06:18','2026-02-02 08:06:18'),
(44,3,'1829900082835','normal_inbox','ARCHIVED',NULL,'2026-02-02 15:06:18','2026-02-02 08:06:18'),
(45,3,'1829900062591','normal_inbox','ARCHIVED',NULL,'2026-02-02 15:06:18','2026-02-02 08:06:18'),
(46,3,'3820100155283','normal_inbox','ARCHIVED',NULL,'2026-02-02 15:06:18','2026-02-02 08:06:18'),
(47,3,'1930500083592','normal_inbox','ARCHIVED',NULL,'2026-02-02 15:06:18','2026-02-02 08:06:18'),
(48,3,'3829900033725','normal_inbox','ARCHIVED',NULL,'2026-02-02 15:06:18','2026-02-02 08:06:18'),
(49,3,'1800400181101','normal_inbox','ARCHIVED',NULL,'2026-02-02 15:06:18','2026-02-02 08:06:18'),
(50,3,'1829900172052','normal_inbox','ARCHIVED',NULL,'2026-02-02 15:06:18','2026-02-02 08:06:18'),
(51,3,'3840200430855','normal_inbox','ARCHIVED',NULL,'2026-02-02 15:06:18','2026-02-02 08:06:18'),
(52,3,'1729900457121','normal_inbox','ARCHIVED',NULL,'2026-02-02 15:06:18','2026-02-02 08:06:18'),
(53,3,'1820500147966','normal_inbox','ARCHIVED',NULL,'2026-02-02 15:06:18','2026-02-02 08:06:18'),
(54,3,'1829900202598','normal_inbox','ARCHIVED',NULL,'2026-02-02 15:06:18','2026-02-02 08:06:18'),
(55,3,'2800800033557','normal_inbox','ARCHIVED',NULL,'2026-02-02 15:06:18','2026-02-02 08:06:18'),
(56,3,'3850100320012','normal_inbox','ARCHIVED',NULL,'2026-02-02 15:06:18','2026-02-02 08:06:18'),
(57,3,'1829900119712','normal_inbox','ARCHIVED',NULL,'2026-02-02 15:06:18','2026-02-02 08:06:18'),
(58,3,'3810500179350','normal_inbox','ARCHIVED',NULL,'2026-02-02 15:06:18','2026-02-02 08:06:18'),
(59,3,'3820600035619','normal_inbox','ARCHIVED',NULL,'2026-02-02 15:06:18','2026-02-02 08:06:18'),
(60,3,'1920600250041','normal_inbox','ARCHIVED',NULL,'2026-02-02 15:06:18','2026-02-02 08:06:18'),
(61,3,'1820700059157','normal_inbox','ARCHIVED',NULL,'2026-02-02 15:06:18','2026-02-02 08:06:18'),
(62,3,'1829900118058','normal_inbox','ARCHIVED',NULL,'2026-02-02 15:06:18','2026-02-02 08:06:18'),
(63,3,'1830101156953','normal_inbox','ARCHIVED',NULL,'2026-02-02 15:06:18','2026-02-02 08:06:18'),
(64,3,'1829900174284','normal_inbox','ARCHIVED',NULL,'2026-02-02 15:06:18','2026-02-02 08:06:18'),
(65,3,'3820800038999','normal_inbox','ARCHIVED',NULL,'2026-02-02 15:06:18','2026-02-02 08:06:18'),
(66,3,'1910300050321','normal_inbox','ARCHIVED',NULL,'2026-02-02 15:06:18','2026-02-02 08:06:18'),
(67,3,'1820700006258','normal_inbox','ARCHIVED',NULL,'2026-02-02 15:06:18','2026-02-02 08:06:18'),
(68,3,'1829900051727','normal_inbox','ARCHIVED',NULL,'2026-02-02 15:06:18','2026-02-02 08:06:18'),
(69,3,'1840100431373','normal_inbox','ARCHIVED',NULL,'2026-02-02 15:06:18','2026-02-02 08:06:18'),
(70,3,'1810300103434','normal_inbox','ARCHIVED',NULL,'2026-02-02 15:06:18','2026-02-02 08:06:18'),
(71,3,'3840700282162','normal_inbox','ARCHIVED',NULL,'2026-02-02 15:06:18','2026-02-02 08:06:18'),
(72,3,'1810600075673','normal_inbox','ARCHIVED',NULL,'2026-02-02 15:06:18','2026-02-02 08:06:18'),
(73,3,'1410100117524','normal_inbox','ARCHIVED',NULL,'2026-02-02 15:06:18','2026-02-02 08:06:18'),
(74,3,'1829900090897','normal_inbox','ARCHIVED',NULL,'2026-02-02 15:06:18','2026-02-02 08:06:18'),
(75,3,'3829900019706','normal_inbox','ARCHIVED',NULL,'2026-02-02 15:06:18','2026-02-02 08:06:18'),
(76,3,'1820400055491','normal_inbox','ARCHIVED',NULL,'2026-02-02 15:06:18','2026-02-02 08:06:18'),
(77,3,'1820800093039','normal_inbox','ARCHIVED',NULL,'2026-02-02 15:06:18','2026-02-02 08:06:18'),
(78,3,'1820600006469','normal_inbox','ARCHIVED',NULL,'2026-02-02 15:06:18','2026-02-02 08:06:18'),
(79,3,'1920100023843','normal_inbox','ARCHIVED',NULL,'2026-02-02 15:06:18','2026-02-02 08:06:18'),
(80,3,'1101401730717','normal_inbox','ARCHIVED',NULL,'2026-02-02 15:06:18','2026-02-02 08:06:18'),
(81,3,'1809900831358','normal_inbox','ARCHIVED',NULL,'2026-02-02 15:06:18','2026-02-02 08:06:18'),
(82,3,'3820100171700','normal_inbox','ARCHIVED',NULL,'2026-02-02 15:06:18','2026-02-02 08:06:18'),
(83,3,'1829900096909','normal_inbox','ARCHIVED',NULL,'2026-02-02 15:06:18','2026-02-02 08:06:18'),
(84,3,'3820400028481','normal_inbox','ARCHIVED',NULL,'2026-02-02 15:06:18','2026-02-02 08:06:18'),
(85,3,'1829900012535','normal_inbox','ARCHIVED',NULL,'2026-02-02 15:06:18','2026-02-02 08:06:18'),
(86,3,'1820500097624','normal_inbox','ARCHIVED',NULL,'2026-02-02 15:06:18','2026-02-02 08:06:18'),
(87,3,'1820500148121','normal_inbox','ARCHIVED',NULL,'2026-02-02 15:06:18','2026-02-02 08:06:18'),
(88,3,'3820500121271','normal_inbox','ARCHIVED',NULL,'2026-02-02 15:06:18','2026-02-02 08:06:18'),
(89,3,'3820700136859','normal_inbox','ARCHIVED',NULL,'2026-02-02 15:06:18','2026-02-02 08:06:18'),
(90,3,'1820500130320','normal_inbox','ARCHIVED',NULL,'2026-02-02 15:06:18','2026-02-02 08:06:18'),
(91,3,'1940100013597','normal_inbox','ARCHIVED',NULL,'2026-02-02 15:06:18','2026-02-02 08:06:18'),
(92,3,'1810500053066','normal_inbox','ARCHIVED',NULL,'2026-02-02 15:06:18','2026-02-02 08:06:18'),
(93,3,'1840100326120','normal_inbox','ARCHIVED',NULL,'2026-02-02 15:06:18','2026-02-02 08:06:18'),
(94,3,'1820500005169','normal_inbox','ARCHIVED',NULL,'2026-02-02 15:06:18','2026-02-02 08:06:18'),
(95,3,'3820100140782','normal_inbox','ARCHIVED',NULL,'2026-02-02 15:06:18','2026-02-02 08:06:18'),
(96,3,'3801600044431','normal_inbox','ARCHIVED',NULL,'2026-02-02 15:06:18','2026-02-02 08:06:18'),
(97,3,'1829900099401','normal_inbox','ARCHIVED',NULL,'2026-02-02 15:06:18','2026-02-02 08:06:18'),
(98,3,'1809901015490','normal_inbox','ARCHIVED',NULL,'2026-02-02 15:06:18','2026-02-02 08:06:18'),
(99,3,'1829900141980','normal_inbox','ARCHIVED',NULL,'2026-02-02 15:06:18','2026-02-02 08:06:18'),
(100,3,'1820800031408','normal_inbox','ARCHIVED',NULL,'2026-02-02 15:06:18','2026-02-02 08:06:18'),
(101,3,'1829900065485','normal_inbox','ARCHIVED',NULL,'2026-02-02 15:06:18','2026-02-02 08:06:18'),
(102,3,'1909901558298','normal_inbox','ARCHIVED',NULL,'2026-02-02 15:06:18','2026-02-02 08:06:18'),
(103,3,'1102001245405','normal_inbox','ARCHIVED',NULL,'2026-02-02 15:06:18','2026-02-02 08:06:18'),
(104,3,'1829900170670','normal_inbox','ARCHIVED',NULL,'2026-02-02 15:06:18','2026-02-02 08:06:18'),
(105,3,'1800100218262','normal_inbox','ARCHIVED',NULL,'2026-02-02 15:06:18','2026-02-02 08:06:18'),
(106,3,'1800800204043','normal_inbox','ARCHIVED',NULL,'2026-02-02 15:06:18','2026-02-02 08:06:18'),
(107,3,'1829900149409','normal_inbox','ARCHIVED',NULL,'2026-02-02 15:06:18','2026-02-02 08:06:18'),
(108,3,'3601000301019','normal_inbox','ARCHIVED',NULL,'2026-02-02 15:06:18','2026-02-02 08:06:18'),
(109,3,'3820700050342','normal_inbox','ARCHIVED',NULL,'2026-02-02 15:06:18','2026-02-02 08:06:18'),
(110,3,'1930500116202','normal_inbox','ARCHIVED',NULL,'2026-02-02 15:06:18','2026-02-02 08:06:18'),
(111,3,'1820700004867','normal_inbox','ARCHIVED',NULL,'2026-02-02 15:06:18','2026-02-02 08:06:18'),
(112,3,'3820400309367','normal_inbox','ARCHIVED',NULL,'2026-02-02 15:06:18','2026-02-02 08:06:18'),
(113,3,'3930300329632','normal_inbox','ARCHIVED',NULL,'2026-02-02 15:06:18','2026-02-02 08:06:18'),
(114,3,'3820700019381','normal_inbox','ARCHIVED',NULL,'2026-02-02 15:06:18','2026-02-02 08:06:18'),
(115,3,'1819300006267','normal_inbox','ARCHIVED',NULL,'2026-02-02 15:06:18','2026-02-02 08:06:18'),
(116,3,'1859900070560','normal_inbox','ARCHIVED',NULL,'2026-02-02 15:06:18','2026-02-02 08:06:18'),
(117,3,'3820400261097','normal_inbox','ARCHIVED',NULL,'2026-02-02 15:06:18','2026-02-02 08:06:18'),
(118,3,'1849900176813','normal_inbox','ARCHIVED',NULL,'2026-02-02 15:06:18','2026-02-02 08:06:18'),
(119,3,'3820700017680','normal_inbox','ARCHIVED',NULL,'2026-02-02 15:06:18','2026-02-02 08:06:18'),
(120,3,'1319800069611','normal_inbox','ARCHIVED',NULL,'2026-02-02 15:06:18','2026-02-02 08:06:18'),
(121,3,'3810500334835','normal_inbox','ARCHIVED',NULL,'2026-02-02 15:06:18','2026-02-02 08:06:18'),
(122,3,'1809901028575','normal_inbox','ARCHIVED',NULL,'2026-02-02 15:06:18','2026-02-02 08:06:18'),
(123,3,'1959900030702','normal_inbox','ARCHIVED',NULL,'2026-02-02 15:06:18','2026-02-02 08:06:18'),
(124,3,'1839900193629','normal_inbox','ARCHIVED',NULL,'2026-02-02 15:06:18','2026-02-02 08:06:18'),
(125,3,'1841500136302','normal_inbox','ARCHIVED',NULL,'2026-02-02 15:06:18','2026-02-02 08:06:18'),
(126,3,'1860700158147','normal_inbox','ARCHIVED',NULL,'2026-02-02 15:06:18','2026-02-02 08:06:18'),
(127,3,'1860100007288','normal_inbox','ARCHIVED',NULL,'2026-02-02 15:06:18','2026-02-02 08:06:18'),
(128,3,'1839900094990','normal_inbox','ARCHIVED',NULL,'2026-02-02 15:06:18','2026-02-02 08:06:18'),
(129,3,'1102003266698','normal_inbox','ARCHIVED',NULL,'2026-02-02 15:06:18','2026-02-02 08:06:18'),
(130,3,'3820100098301','normal_inbox','ARCHIVED',NULL,'2026-02-02 15:06:18','2026-02-02 08:06:18'),
(131,3,'3820400295111','normal_inbox','ARCHIVED',NULL,'2026-02-02 15:06:18','2026-02-02 08:06:18'),
(132,3,'1819900163142','normal_inbox','ARCHIVED',NULL,'2026-02-02 15:06:18','2026-02-02 08:06:18'),
(133,3,'1920400002230','normal_inbox','ARCHIVED',NULL,'2026-02-02 15:06:18','2026-02-02 08:06:18'),
(134,3,'1829900109890','normal_inbox','ARCHIVED',NULL,'2026-02-02 15:06:18','2026-02-02 08:06:18'),
(135,3,'3940400221191','normal_inbox','ARCHIVED',NULL,'2026-02-02 15:06:18','2026-02-02 08:06:18'),
(136,3,'1829900206275','normal_inbox','ARCHIVED',NULL,'2026-02-02 15:06:18','2026-02-02 08:06:18'),
(137,3,'1820501214179','normal_inbox','ARCHIVED',NULL,'2026-02-02 15:06:18','2026-02-02 08:06:18'),
(138,3,'1820500004103','normal_inbox','ARCHIVED',NULL,'2026-02-02 15:06:18','2026-02-02 08:06:18'),
(139,3,'1829900012446','normal_inbox','ARCHIVED',NULL,'2026-02-02 15:06:18','2026-02-02 08:06:18'),
(140,3,'3820100028745','normal_inbox','ARCHIVED',NULL,'2026-02-02 15:06:18','2026-02-02 08:06:18'),
(141,3,'1160100618291','normal_inbox','ARCHIVED',NULL,'2026-02-02 15:06:18','2026-02-02 08:06:18'),
(142,3,'3820800037747','normal_inbox','ARCHIVED',NULL,'2026-02-02 15:06:18','2026-02-02 08:06:18'),
(143,3,'1829900056460','normal_inbox','ARCHIVED',NULL,'2026-02-02 15:06:18','2026-02-02 08:06:18'),
(144,3,'1829900093446','normal_inbox','ARCHIVED',NULL,'2026-02-02 15:06:18','2026-02-02 08:06:18'),
(145,3,'3820700143669','normal_inbox','ARCHIVED',NULL,'2026-02-02 15:06:18','2026-02-02 08:06:18'),
(146,3,'1800800331088','normal_inbox','ARCHIVED',NULL,'2026-02-02 15:06:18','2026-02-02 08:06:18'),
(147,3,'3810500157631','normal_inbox','ARCHIVED',NULL,'2026-02-02 15:06:18','2026-02-02 08:06:18'),
(148,3,'3810200084621','normal_inbox','ARCHIVED',NULL,'2026-02-02 15:06:18','2026-02-02 08:06:18'),
(149,3,'3820400194578','normal_inbox','ARCHIVED',NULL,'2026-02-02 15:06:18','2026-02-02 08:06:18'),
(150,3,'3810300076964','normal_inbox','ARCHIVED',NULL,'2026-02-02 15:06:18','2026-02-02 08:06:18'),
(151,3,'3929900087867','normal_inbox','ARCHIVED',NULL,'2026-02-02 15:06:18','2026-02-02 08:06:18'),
(152,3,'1829900162341','normal_inbox','ARCHIVED',NULL,'2026-02-02 15:06:18','2026-02-02 08:06:18'),
(153,3,'1901100006087','normal_inbox','ARCHIVED',NULL,'2026-02-02 15:06:18','2026-02-02 08:06:18'),
(154,3,'3180600191510','normal_inbox','ARCHIVED',NULL,'2026-02-02 15:06:18','2026-02-02 08:06:18'),
(155,3,'1829900072562','normal_inbox','ARCHIVED',NULL,'2026-02-02 15:06:18','2026-02-02 08:06:18'),
(156,3,'3430200354125','normal_inbox','ARCHIVED',NULL,'2026-02-02 15:06:18','2026-02-02 08:06:18'),
(157,3,'1640700056303','normal_inbox','ARCHIVED',NULL,'2026-02-02 15:06:18','2026-02-02 08:06:18'),
(158,3,'2850300001460','normal_inbox','ARCHIVED',NULL,'2026-02-02 15:06:18','2026-02-02 08:06:18'),
(159,3,'1809900094507','normal_inbox','ARCHIVED',NULL,'2026-02-02 15:06:18','2026-02-02 08:06:18');
/*!40000 ALTER TABLE `dh_document_recipients` ENABLE KEYS */;
UNLOCK TABLES;
commit;

--
-- Table structure for table `dh_document_routes`
--

DROP TABLE IF EXISTS `dh_document_routes`;
/*!40101 SET @saved_cs_client     = @@character_set_client */;
/*!40101 SET character_set_client = utf8mb4 */;
CREATE TABLE `dh_document_routes` (
  `routeID` bigint(20) unsigned NOT NULL AUTO_INCREMENT,
  `documentID` bigint(20) unsigned NOT NULL,
  `fromStatus` varchar(50) DEFAULT NULL,
  `toStatus` varchar(50) NOT NULL,
  `actorPID` varchar(13) NOT NULL,
  `note` varchar(255) DEFAULT NULL,
  `requestID` char(26) DEFAULT NULL,
  `createdAt` timestamp NOT NULL DEFAULT current_timestamp(),
  PRIMARY KEY (`routeID`),
  KEY `idx_routes_document` (`documentID`),
  KEY `idx_routes_actor` (`actorPID`),
  CONSTRAINT `fk_routes_actor` FOREIGN KEY (`actorPID`) REFERENCES `teacher` (`pID`) ON UPDATE CASCADE,
  CONSTRAINT `fk_routes_document` FOREIGN KEY (`documentID`) REFERENCES `dh_documents` (`id`) ON DELETE CASCADE ON UPDATE CASCADE
) ENGINE=InnoDB DEFAULT CHARSET=utf8mb4 COLLATE=utf8mb4_general_ci;
/*!40101 SET character_set_client = @saved_cs_client */;

--
-- Dumping data for table `dh_document_routes`
--

LOCK TABLES `dh_document_routes` WRITE;
/*!40000 ALTER TABLE `dh_document_routes` DISABLE KEYS */;
set autocommit=0;
/*!40000 ALTER TABLE `dh_document_routes` ENABLE KEYS */;
UNLOCK TABLES;
commit;

--
-- Table structure for table `dh_documents`
--

DROP TABLE IF EXISTS `dh_documents`;
/*!40101 SET @saved_cs_client     = @@character_set_client */;
/*!40101 SET character_set_client = utf8mb4 */;
CREATE TABLE `dh_documents` (
  `id` bigint(20) unsigned NOT NULL AUTO_INCREMENT,
  `documentType` enum('INTERNAL','EXTERNAL','OUTGOING','ORDER') NOT NULL,
  `documentNumber` varchar(50) DEFAULT NULL,
  `subject` varchar(255) NOT NULL,
  `content` longtext DEFAULT NULL,
  `status` varchar(50) NOT NULL,
  `senderName` varchar(255) DEFAULT NULL,
  `createdByPID` varchar(13) NOT NULL,
  `updatedByPID` varchar(13) DEFAULT NULL,
  `createdAt` timestamp NOT NULL DEFAULT current_timestamp(),
  `updatedAt` timestamp NOT NULL DEFAULT current_timestamp() ON UPDATE current_timestamp(),
  PRIMARY KEY (`id`),
  KEY `idx_documents_type_status` (`documentType`,`status`),
  KEY `idx_documents_number` (`documentNumber`),
  KEY `idx_documents_created` (`createdAt`),
  KEY `fk_documents_creator` (`createdByPID`),
  KEY `fk_documents_updater` (`updatedByPID`),
  CONSTRAINT `fk_documents_creator` FOREIGN KEY (`createdByPID`) REFERENCES `teacher` (`pID`) ON UPDATE CASCADE,
  CONSTRAINT `fk_documents_updater` FOREIGN KEY (`updatedByPID`) REFERENCES `teacher` (`pID`) ON DELETE SET NULL ON UPDATE CASCADE
) ENGINE=InnoDB AUTO_INCREMENT=5 DEFAULT CHARSET=utf8mb4 COLLATE=utf8mb4_general_ci;
/*!40101 SET character_set_client = @saved_cs_client */;

--
-- Dumping data for table `dh_documents`
--

LOCK TABLES `dh_documents` WRITE;
/*!40000 ALTER TABLE `dh_documents` DISABLE KEYS */;
set autocommit=0;
INSERT INTO `dh_documents` VALUES
(1,'INTERNAL','CIR-3','เอกสารราชการ','121212','INTERNAL_SENT','นางสาวกานต์พิชชา ปากลาว','1810500062871','1810500062871','2026-02-02 06:31:41','2026-02-02 06:31:41'),
(2,'INTERNAL','CIR-4','ฟหกฟหกฟห','กฟหกฟหกฟหก','INTERNAL_SENT','นางสาวทิพยรัตน์ บุญมณี','1829900159722','1829900159722','2026-02-02 06:43:02','2026-02-02 06:43:02'),
(3,'INTERNAL','CIR-5','ffgsdfsdf','sdfdsfsdfds','INTERNAL_RECALLED','นางสาวทิพยรัตน์ บุญมณี','1829900159722','1829900159722','2026-02-02 08:06:18','2026-02-02 09:42:10'),
(4,'INTERNAL','CIR-2','1212','121212','INTERNAL_SENT','นางสาวกานต์พิชชา ปากลาว','1810500062871','1810500062871','2026-02-03 16:27:48','2026-02-03 16:27:48');
/*!40000 ALTER TABLE `dh_documents` ENABLE KEYS */;
UNLOCK TABLES;
commit;

--
-- Table structure for table `dh_exec_duty_logs`
--

DROP TABLE IF EXISTS `dh_exec_duty_logs`;
/*!40101 SET @saved_cs_client     = @@character_set_client */;
/*!40101 SET character_set_client = utf8mb4 */;
CREATE TABLE `dh_exec_duty_logs` (
  `dutyLogID` bigint(20) unsigned NOT NULL AUTO_INCREMENT,
  `pID` varchar(13) DEFAULT NULL,
  `dutyStatus` tinyint(3) unsigned NOT NULL,
  `created_at` timestamp NOT NULL DEFAULT current_timestamp(),
  `end_at` datetime DEFAULT NULL,
  PRIMARY KEY (`dutyLogID`),
  KEY `idx_dh_exec_duty_logs_pid` (`pID`),
  KEY `idx_dh_exec_duty_logs_status` (`dutyStatus`),
  CONSTRAINT `chk_dh_exec_duty_logs_status` CHECK (`dutyStatus` in (0,1,2))
) ENGINE=InnoDB AUTO_INCREMENT=29 DEFAULT CHARSET=utf8mb4 COLLATE=utf8mb4_general_ci;
/*!40101 SET character_set_client = @saved_cs_client */;

--
-- Dumping data for table `dh_exec_duty_logs`
--

LOCK TABLES `dh_exec_duty_logs` WRITE;
/*!40000 ALTER TABLE `dh_exec_duty_logs` DISABLE KEYS */;
set autocommit=0;
INSERT INTO `dh_exec_duty_logs` VALUES
(1,'3810500334835',0,'2026-01-14 06:49:20',NULL),
(2,'1820500004103',0,'2026-01-14 06:50:03',NULL),
(3,'1820500005169',0,'2026-01-14 06:53:13',NULL),
(4,'3810500334835',0,'2026-01-14 06:53:21',NULL),
(5,'3810500334835',0,'2026-01-14 06:53:35',NULL),
(6,'1820500004103',0,'2026-01-14 06:54:26',NULL),
(7,'3810500334835',0,'2026-01-14 06:54:30','2026-01-14 14:01:21'),
(8,'1820500004103',0,'2026-01-14 07:01:21','2026-01-14 16:24:18'),
(9,'1820500005169',0,'2026-01-14 09:24:18','2026-01-14 16:25:55'),
(10,'3810500334835',0,'2026-01-14 09:25:55','2026-01-14 16:32:39'),
(11,'1820500004103',0,'2026-01-14 09:32:39','2026-01-14 16:33:22'),
(12,'3430200354125',0,'2026-01-14 09:33:22','2026-01-14 16:35:58'),
(13,'1820500005169',0,'2026-01-14 09:35:58','2026-01-14 17:30:31'),
(14,'3810500334835',0,'2026-01-14 10:30:31','2026-01-14 19:06:27'),
(15,'1820500004103',0,'2026-01-14 12:06:27','2026-01-14 23:02:05'),
(16,'3810500334835',0,'2026-01-14 16:02:05','2026-01-14 23:02:10'),
(17,'1820500005169',0,'2026-01-14 16:02:10','2026-01-16 00:34:44'),
(18,'3810500334835',0,'2026-01-15 17:34:44','2026-01-16 00:41:38'),
(19,'1820500004103',0,'2026-01-15 17:41:38','2026-01-16 00:41:40'),
(20,'3810500334835',0,'2026-01-15 17:41:40','2026-01-16 00:41:52'),
(21,'1820500004103',0,'2026-01-15 17:41:52','2026-01-16 00:41:55'),
(22,'3810500334835',0,'2026-01-15 17:41:55','2026-01-29 11:11:02'),
(23,'1820500004103',0,'2026-01-29 04:11:02','2026-01-29 11:11:15'),
(24,'3810500334835',0,'2026-01-29 04:11:15','2026-01-29 14:48:07'),
(25,'1820500004103',0,'2026-01-29 07:48:07','2026-01-29 14:48:11'),
(26,'3810500334835',0,'2026-01-29 07:48:11','2026-01-29 14:55:47'),
(27,'3430200354125',0,'2026-01-29 07:55:47','2026-01-29 14:55:50'),
(28,'3810500334835',1,'2026-01-29 07:55:50',NULL);
/*!40000 ALTER TABLE `dh_exec_duty_logs` ENABLE KEYS */;
UNLOCK TABLES;
commit;

--
-- Table structure for table `dh_file_refs`
--

DROP TABLE IF EXISTS `dh_file_refs`;
/*!40101 SET @saved_cs_client     = @@character_set_client */;
/*!40101 SET character_set_client = utf8mb4 */;
CREATE TABLE `dh_file_refs` (
  `refID` bigint(20) NOT NULL AUTO_INCREMENT,
  `fileID` bigint(20) NOT NULL,
  `moduleName` varchar(50) NOT NULL,
  `entityName` varchar(100) NOT NULL,
  `entityID` varchar(64) NOT NULL,
  `note` varchar(255) DEFAULT NULL,
  `attachedByPID` varchar(13) NOT NULL,
  `attachedAt` timestamp NOT NULL DEFAULT current_timestamp(),
  PRIMARY KEY (`refID`),
  KEY `fk_frefs_user` (`attachedByPID`),
  KEY `idx_frefs_entity` (`moduleName`,`entityName`,`entityID`),
  KEY `idx_frefs_file` (`fileID`),
  CONSTRAINT `fk_frefs_file` FOREIGN KEY (`fileID`) REFERENCES `dh_files` (`fileID`) ON DELETE CASCADE ON UPDATE CASCADE,
  CONSTRAINT `fk_frefs_user` FOREIGN KEY (`attachedByPID`) REFERENCES `teacher` (`pID`) ON UPDATE CASCADE
) ENGINE=InnoDB AUTO_INCREMENT=23 DEFAULT CHARSET=utf8mb4 COLLATE=utf8mb4_general_ci;
/*!40101 SET character_set_client = @saved_cs_client */;

--
-- Dumping data for table `dh_file_refs`
--

LOCK TABLES `dh_file_refs` WRITE;
/*!40000 ALTER TABLE `dh_file_refs` DISABLE KEYS */;
set autocommit=0;
INSERT INTO `dh_file_refs` VALUES
(1,1,'vehicle','dh_vehicle_bookings','1','vehicle_reservation_attachment','1829900159722','2026-01-20 13:14:14'),
(2,2,'repairs','dh_repair_requests','2',NULL,'1829900159722','2026-01-29 06:17:56'),
(3,3,'repairs','dh_repair_requests','2',NULL,'1829900159722','2026-01-29 06:17:56'),
(4,4,'repairs','dh_repair_requests','2',NULL,'1829900159722','2026-01-29 06:17:56'),
(5,5,'circulars','dh_circulars','2',NULL,'1810500062871','2026-02-01 17:06:14'),
(6,6,'circulars','dh_circulars','2',NULL,'1810500062871','2026-02-01 17:06:14'),
(7,7,'circulars','dh_circulars','2',NULL,'1810500062871','2026-02-01 17:06:14'),
(8,8,'circulars','dh_circulars','2',NULL,'1810500062871','2026-02-01 17:06:14'),
(9,9,'circulars','dh_circulars','3',NULL,'1810500062871','2026-02-01 17:18:01'),
(10,10,'circulars','dh_circulars','3',NULL,'1810500062871','2026-02-01 17:18:01'),
(11,11,'circulars','dh_circulars','3',NULL,'1810500062871','2026-02-01 17:18:01'),
(12,12,'circulars','dh_circulars','3',NULL,'1810500062871','2026-02-01 17:18:01'),
(13,13,'circulars','dh_circulars','4',NULL,'1829900159722','2026-02-02 06:43:02'),
(14,14,'circulars','dh_circulars','4',NULL,'1829900159722','2026-02-02 06:43:02'),
(15,15,'circulars','dh_circulars','4',NULL,'1829900159722','2026-02-02 06:43:02'),
(16,16,'circulars','dh_circulars','4',NULL,'1829900159722','2026-02-02 06:43:02'),
(17,17,'circulars','dh_circulars','4',NULL,'1829900159722','2026-02-02 06:43:02'),
(18,18,'circulars','dh_circulars','5',NULL,'1829900159722','2026-02-02 08:06:18'),
(19,19,'circulars','dh_circulars','5',NULL,'1829900159722','2026-02-02 08:06:18'),
(20,20,'circulars','dh_circulars','5',NULL,'1829900159722','2026-02-02 08:06:18'),
(21,21,'circulars','dh_circulars','5',NULL,'1829900159722','2026-02-02 08:06:18'),
(22,22,'circulars','dh_circulars','5',NULL,'1829900159722','2026-02-02 08:06:18');
/*!40000 ALTER TABLE `dh_file_refs` ENABLE KEYS */;
UNLOCK TABLES;
commit;

--
-- Table structure for table `dh_files`
--

DROP TABLE IF EXISTS `dh_files`;
/*!40101 SET @saved_cs_client     = @@character_set_client */;
/*!40101 SET character_set_client = utf8mb4 */;
CREATE TABLE `dh_files` (
  `fileID` bigint(20) NOT NULL AUTO_INCREMENT,
  `fileName` varchar(255) NOT NULL,
  `filePath` varchar(500) NOT NULL,
  `mimeType` varchar(100) DEFAULT NULL,
  `fileSize` bigint(20) unsigned DEFAULT NULL,
  `checksumSHA256` char(64) DEFAULT NULL,
  `storageProvider` varchar(50) DEFAULT NULL,
  `version` int(11) NOT NULL DEFAULT 1,
  `uploadedByPID` varchar(13) NOT NULL,
  `uploadedAt` timestamp NOT NULL DEFAULT current_timestamp(),
  `deletedAt` datetime DEFAULT NULL,
  PRIMARY KEY (`fileID`),
  KEY `idx_files_checksum` (`checksumSHA256`),
  KEY `idx_files_uploader` (`uploadedByPID`,`uploadedAt`),
  CONSTRAINT `fk_files_uploader` FOREIGN KEY (`uploadedByPID`) REFERENCES `teacher` (`pID`) ON UPDATE CASCADE
) ENGINE=InnoDB AUTO_INCREMENT=23 DEFAULT CHARSET=utf8mb4 COLLATE=utf8mb4_general_ci;
/*!40101 SET character_set_client = @saved_cs_client */;

--
-- Dumping data for table `dh_files`
--

LOCK TABLES `dh_files` WRITE;
/*!40000 ALTER TABLE `dh_files` DISABLE KEYS */;
set autocommit=0;
INSERT INTO `dh_files` VALUES
(1,'PV1160633_20251216153717.pdf','assets/uploads/vehicle-bookings/vehicle_booking_20260120_201414_5be3e8fccb1e.pdf','application/pdf',176335,'663e209c95c5fd224fa34b102d12292eb7b98d2a97b7dec8f88120a0d4bef1ea','local',1,'1829900159722','2026-01-20 13:14:14',NULL),
(2,'ch01-updated-260127.pdf','storage/uploads/repairs/2026/01/7c01dea2ad5c8f7544ac2b89b6a1bc48.pdf','application/pdf',1298819,'d0c4fe1c735804a8eb693603a0d9e2d682a7d5a2351a3fc632954abc4c1fadb2','local',1,'1829900159722','2026-01-29 06:17:56',NULL),
(3,'DS and Algo-Algorithm Analysis 2025.pdf','storage/uploads/repairs/2026/01/c0c069febb310e07d430fc5de73da2a1.pdf','application/pdf',2010170,'c3d12f2935a53f1ce991393a36a07bf2bd6ce5e7cf9fd3af1556ded011d16209','local',1,'1829900159722','2026-01-29 06:17:56',NULL),
(4,'DS and Algo-Stack-Queue 2023.pdf','storage/uploads/repairs/2026/01/1e4865b0dc88228275be37e09235e8de.pdf','application/pdf',1777539,'435e1d2a08da437c8b55f09458bb5ef2dcce9d9c54bf4946c383a60215a4db81','local',1,'1829900159722','2026-01-29 06:17:56',NULL),
(5,'Screenshot 2569-01-31 at 23.12.55.png','storage/uploads/circulars/2026/02/b7a75efb47a71a616dc55f52c8a54004.png','image/png',1606052,'b5a51d15e07e8df721d6d889d1724db7e48e781610d08183a32c86dd128124bf','local',1,'1810500062871','2026-02-01 17:06:14',NULL),
(6,'Screenshot 2569-01-31 at 23.12.51.png','storage/uploads/circulars/2026/02/732a15ff6ecedfd27ebbba54a80c3906.png','image/png',483601,'8c6147b7583ede7ba6bcfe79834f77bc71bd2168c287d3022f34245fb82eb765','local',1,'1810500062871','2026-02-01 17:06:14',NULL),
(7,'Screenshot 2569-01-31 at 23.12.26.png','storage/uploads/circulars/2026/02/1e3f4790931b2405fd4e226e3702b657.png','image/png',489944,'bd573716d7a8daf98740f9e5642053ce13e46936154185833307b464ac37b324','local',1,'1810500062871','2026-02-01 17:06:14',NULL),
(8,'22-1.jpg','storage/uploads/circulars/2026/02/a65d11796f5bf49189661e2a90b199e7.jpg','image/jpeg',986419,'1376543a63ece3a6d67ea4c3435f89eaf969e7bba776f8da38f48f8ef109ea9d','local',1,'1810500062871','2026-02-01 17:06:14',NULL),
(9,'Screenshot 2569-01-31 at 23.12.55.png','storage/uploads/circulars/2026/02/aa0684647b3771a3ae3638b49c9a2694.png','image/png',1606052,'b5a51d15e07e8df721d6d889d1724db7e48e781610d08183a32c86dd128124bf','local',1,'1810500062871','2026-02-01 17:18:01',NULL),
(10,'Screenshot 2569-01-31 at 23.12.51.png','storage/uploads/circulars/2026/02/acffd5794e5a51f210c5cbf1ecaf7dc4.png','image/png',483601,'8c6147b7583ede7ba6bcfe79834f77bc71bd2168c287d3022f34245fb82eb765','local',1,'1810500062871','2026-02-01 17:18:01',NULL),
(11,'Screenshot 2569-01-31 at 23.12.26.png','storage/uploads/circulars/2026/02/7b24c892cbbbf3eb368e1d6f26bbeb30.png','image/png',489944,'bd573716d7a8daf98740f9e5642053ce13e46936154185833307b464ac37b324','local',1,'1810500062871','2026-02-01 17:18:01',NULL),
(12,'22-1.jpg','storage/uploads/circulars/2026/02/7c488c5ab583b8fcc29fbd536c9f5405.jpg','image/jpeg',986419,'1376543a63ece3a6d67ea4c3435f89eaf969e7bba776f8da38f48f8ef109ea9d','local',1,'1810500062871','2026-02-01 17:18:01',NULL),
(13,'Screenshot 2569-02-02 at 00.36.02.png','storage/uploads/circulars/2026/02/95a26bea4ab6ecc34b2e2cc56757c530.png','image/png',161223,'cae335cbb3b8f1cf9c1910a9918d1db65c56a6765f4422412415d6efa1bc3489','local',1,'1829900159722','2026-02-02 06:43:02',NULL),
(14,'Screenshot 2569-02-01 at 21.41.31.png','storage/uploads/circulars/2026/02/0e3a1de457c77c4e8dcda4748f62ed14.png','image/png',81011,'9dc89ab9e933f4c9cc8bc21c20cf7077d92ae9af6de1ed1dedbdfef50609a33e','local',1,'1829900159722','2026-02-02 06:43:02',NULL),
(15,'Screenshot 2569-02-01 at 20.50.57.png','storage/uploads/circulars/2026/02/362fc2b99b77bf090343ede9a5d1f1ca.png','image/png',312495,'c2b6a5d70eee18fda4a9dee5bcff828014737146f8a8d75882f1eb7f4f12ac32','local',1,'1829900159722','2026-02-02 06:43:02',NULL),
(16,'Screenshot 2569-01-31 at 23.12.55.png','storage/uploads/circulars/2026/02/2aa5ab53a0b4e272c5ef9326ddc8fd7b.png','image/png',1606052,'b5a51d15e07e8df721d6d889d1724db7e48e781610d08183a32c86dd128124bf','local',1,'1829900159722','2026-02-02 06:43:02',NULL),
(17,'Screenshot 2569-01-31 at 23.12.51.png','storage/uploads/circulars/2026/02/8833851716b974c960f46008b275e132.png','image/png',483601,'8c6147b7583ede7ba6bcfe79834f77bc71bd2168c287d3022f34245fb82eb765','local',1,'1829900159722','2026-02-02 06:43:02',NULL),
(18,'Screenshot 2569-02-02 at 00.36.02.png','storage/uploads/circulars/2026/02/083af8313d2b0ac5d4526c49ea06e52f.png','image/png',161223,'cae335cbb3b8f1cf9c1910a9918d1db65c56a6765f4422412415d6efa1bc3489','local',1,'1829900159722','2026-02-02 08:06:18',NULL),
(19,'Screenshot 2569-02-01 at 21.41.31.png','storage/uploads/circulars/2026/02/6ab0199ad30850550c8f87b26c9e1b5f.png','image/png',81011,'9dc89ab9e933f4c9cc8bc21c20cf7077d92ae9af6de1ed1dedbdfef50609a33e','local',1,'1829900159722','2026-02-02 08:06:18',NULL),
(20,'Screenshot 2569-02-01 at 20.50.57.png','storage/uploads/circulars/2026/02/9cd2c34485c3f54da9fdf788a964b665.png','image/png',312495,'c2b6a5d70eee18fda4a9dee5bcff828014737146f8a8d75882f1eb7f4f12ac32','local',1,'1829900159722','2026-02-02 08:06:18',NULL),
(21,'Screenshot 2569-01-31 at 23.12.55.png','storage/uploads/circulars/2026/02/5df5b2a1ad5a57f52d91ed3242e8a087.png','image/png',1606052,'b5a51d15e07e8df721d6d889d1724db7e48e781610d08183a32c86dd128124bf','local',1,'1829900159722','2026-02-02 08:06:18',NULL),
(22,'Screenshot 2569-01-31 at 23.12.51.png','storage/uploads/circulars/2026/02/0bc459cac6f5bc0eec395fd761bb7040.png','image/png',483601,'8c6147b7583ede7ba6bcfe79834f77bc71bd2168c287d3022f34245fb82eb765','local',1,'1829900159722','2026-02-02 08:06:18',NULL);
/*!40000 ALTER TABLE `dh_files` ENABLE KEYS */;
UNLOCK TABLES;
commit;

--
-- Table structure for table `dh_login_attempts`
--

DROP TABLE IF EXISTS `dh_login_attempts`;
/*!40101 SET @saved_cs_client     = @@character_set_client */;
/*!40101 SET character_set_client = utf8mb4 */;
CREATE TABLE `dh_login_attempts` (
  `id` bigint(20) unsigned NOT NULL AUTO_INCREMENT,
  `pID` varchar(13) NOT NULL,
  `ipAddress` varchar(45) NOT NULL,
  `attemptCount` int(11) unsigned NOT NULL DEFAULT 0,
  `lastAttemptAt` datetime DEFAULT NULL,
  `lockedUntil` datetime DEFAULT NULL,
  PRIMARY KEY (`id`),
  UNIQUE KEY `uq_login_attempt` (`pID`,`ipAddress`),
  KEY `idx_login_pid` (`pID`),
  KEY `idx_login_ip` (`ipAddress`),
  CONSTRAINT `fk_login_attempt_user` FOREIGN KEY (`pID`) REFERENCES `teacher` (`pID`) ON DELETE CASCADE ON UPDATE CASCADE
) ENGINE=InnoDB DEFAULT CHARSET=utf8mb4 COLLATE=utf8mb4_general_ci;
/*!40101 SET character_set_client = @saved_cs_client */;

--
-- Dumping data for table `dh_login_attempts`
--

LOCK TABLES `dh_login_attempts` WRITE;
/*!40000 ALTER TABLE `dh_login_attempts` DISABLE KEYS */;
set autocommit=0;
/*!40000 ALTER TABLE `dh_login_attempts` ENABLE KEYS */;
UNLOCK TABLES;
commit;

--
-- Table structure for table `dh_logs`
--

DROP TABLE IF EXISTS `dh_logs`;
/*!40101 SET @saved_cs_client     = @@character_set_client */;
/*!40101 SET character_set_client = utf8mb4 */;
CREATE TABLE `dh_logs` (
  `logID` bigint(20) unsigned NOT NULL AUTO_INCREMENT,
  `pID` int(10) unsigned DEFAULT NULL,
  `actorPID` varchar(13) DEFAULT NULL,
  `sessionID` varchar(64) DEFAULT NULL,
  `requestID` char(26) DEFAULT NULL,
  `traceID` char(36) DEFAULT NULL,
  `logLevel` enum('INFO','WARN','ERROR','SECURITY','AUDIT') NOT NULL DEFAULT 'INFO',
  `moduleName` varchar(50) NOT NULL,
  `actionName` varchar(50) NOT NULL,
  `actionStatus` enum('SUCCESS','FAIL','DENY') NOT NULL DEFAULT 'SUCCESS',
  `entityName` varchar(100) DEFAULT NULL,
  `entityID` bigint(20) unsigned DEFAULT NULL,
  `logMessage` varchar(500) DEFAULT NULL,
  `diffData` longtext CHARACTER SET utf8mb4 COLLATE utf8mb4_bin DEFAULT NULL CHECK (json_valid(`diffData`)),
  `payloadData` longtext CHARACTER SET utf8mb4 COLLATE utf8mb4_bin DEFAULT NULL CHECK (json_valid(`payloadData`)),
  `httpMethod` enum('GET','POST','PUT','PATCH','DELETE','CLI') DEFAULT NULL,
  `requestURL` varchar(255) DEFAULT NULL,
  `httpStatus` smallint(5) unsigned DEFAULT NULL,
  `latencyMS` int(10) unsigned DEFAULT NULL,
  `ipAddress` varchar(45) DEFAULT NULL,
  `userAgent` varchar(255) DEFAULT NULL,
  `serverName` varchar(50) DEFAULT NULL,
  `created_at` timestamp(6) NOT NULL DEFAULT current_timestamp(6),
  PRIMARY KEY (`logID`),
  KEY `idx_person_time` (`pID`,`created_at`),
  KEY `idx_module_action` (`moduleName`,`actionName`,`created_at`),
  KEY `idx_entity_time` (`entityName`,`entityID`,`created_at`),
  KEY `idx_level_time` (`logLevel`,`created_at`),
  KEY `idx_request` (`requestID`),
  KEY `idx_logs_actor_pid` (`actorPID`),
  FULLTEXT KEY `ftx_message` (`logMessage`)
) ENGINE=InnoDB AUTO_INCREMENT=481 DEFAULT CHARSET=utf8mb4 COLLATE=utf8mb4_general_ci;
/*!40101 SET character_set_client = @saved_cs_client */;

--
-- Dumping data for table `dh_logs`
--

LOCK TABLES `dh_logs` WRITE;
/*!40000 ALTER TABLE `dh_logs` DISABLE KEYS */;
set autocommit=0;
INSERT INTO `dh_logs` VALUES
(1,NULL,NULL,NULL,NULL,NULL,'ERROR','auth','LOGIN','FAIL','teacher',NULL,'Invalid credentials',NULL,'{\"pID\":\"1829900159722\"}','POST','/index.php',NULL,NULL,'::1','Mozilla/5.0 (Macintosh; Intel Mac OS X 10_15_7) AppleWebKit/537.36 (KHTML, like Gecko) Chrome/144.0.0.0 Safari/537.36','localhost','2026-01-25 08:06:10.752799'),
(3,NULL,'1829900159722','bdc00ea8fc837552a3dff94724ee5f68','69836b33263730aea2a8bca16b',NULL,'AUDIT','request','VIEW','SUCCESS',NULL,NULL,NULL,NULL,'{\"path\":\"/vehicle-reservation-approval.php\",\"method\":\"GET\"}','GET','/vehicle-reservation-approval.php',NULL,NULL,'::1','Mozilla/5.0 (Macintosh; Intel Mac OS X 10_15_7) AppleWebKit/537.36 (KHTML, like Gecko) Chrome/144.0.0.0 Safari/537.36','localhost','2026-02-02 08:04:18.956426'),
(4,NULL,'1829900159722','bdc00ea8fc837552a3dff94724ee5f68','007ec7f103984dad19e93f4958',NULL,'AUDIT','request','VIEW','SUCCESS',NULL,NULL,NULL,NULL,'{\"path\":\"/vehicle-reservation.php\",\"method\":\"GET\"}','GET','/vehicle-reservation.php',NULL,NULL,'::1','Mozilla/5.0 (Macintosh; Intel Mac OS X 10_15_7) AppleWebKit/537.36 (KHTML, like Gecko) Chrome/144.0.0.0 Safari/537.36','localhost','2026-02-02 08:04:24.361317'),
(5,NULL,'1829900159722','bdc00ea8fc837552a3dff94724ee5f68','bd9aed3b53691af6911577b731',NULL,'AUDIT','request','VIEW','SUCCESS',NULL,NULL,NULL,NULL,'{\"path\":\"/dashboard.php\",\"method\":\"GET\"}','GET','/dashboard.php',NULL,NULL,'::1','Mozilla/5.0 (Macintosh; Intel Mac OS X 10_15_7) AppleWebKit/537.36 (KHTML, like Gecko) Chrome/144.0.0.0 Safari/537.36','localhost','2026-02-02 08:04:27.114659'),
(6,NULL,'1829900159722','bdc00ea8fc837552a3dff94724ee5f68','5dda3df1ed9551ac2c85bcee92',NULL,'AUDIT','request','VIEW','SUCCESS',NULL,NULL,NULL,NULL,'{\"path\":\"/vehicle-reservation.php\",\"method\":\"GET\"}','GET','/vehicle-reservation.php',NULL,NULL,'::1','Mozilla/5.0 (Macintosh; Intel Mac OS X 10_15_7) AppleWebKit/537.36 (KHTML, like Gecko) Chrome/144.0.0.0 Safari/537.36','localhost','2026-02-02 08:04:29.442754'),
(7,NULL,'1829900159722','bdc00ea8fc837552a3dff94724ee5f68','89efbd62fab7a04a6e1623b508',NULL,'AUDIT','request','VIEW','SUCCESS',NULL,NULL,NULL,NULL,'{\"path\":\"/dashboard.php\",\"method\":\"GET\"}','GET','/dashboard.php',NULL,NULL,'::1','Mozilla/5.0 (Macintosh; Intel Mac OS X 10_15_7) AppleWebKit/537.36 (KHTML, like Gecko) Chrome/144.0.0.0 Safari/537.36','localhost','2026-02-02 08:04:32.014965'),
(8,NULL,'1829900159722','bdc00ea8fc837552a3dff94724ee5f68','af8dcf11317cc3cd2db3ccd220',NULL,'AUDIT','request','VIEW','SUCCESS',NULL,NULL,NULL,NULL,'{\"path\":\"/profile.php\",\"method\":\"GET\"}','GET','/profile.php',NULL,NULL,'::1','Mozilla/5.0 (Macintosh; Intel Mac OS X 10_15_7) AppleWebKit/537.36 (KHTML, like Gecko) Chrome/144.0.0.0 Safari/537.36','localhost','2026-02-02 08:04:36.269909'),
(9,NULL,'1829900159722','bdc00ea8fc837552a3dff94724ee5f68','75228223d3ba6429a84cbb9d85',NULL,'AUDIT','request','VIEW','SUCCESS',NULL,NULL,NULL,NULL,'{\"path\":\"/profile.php\",\"method\":\"GET\"}','GET','/profile.php',NULL,NULL,'::1','Mozilla/5.0 (Macintosh; Intel Mac OS X 10_15_7) AppleWebKit/537.36 (KHTML, like Gecko) Chrome/144.0.0.0 Safari/537.36','localhost','2026-02-02 08:04:36.341972'),
(10,NULL,'1829900159722','bdc00ea8fc837552a3dff94724ee5f68','b45226fba87b247d3d564d4aa5',NULL,'AUDIT','request','ACTION','SUCCESS',NULL,NULL,NULL,NULL,'{\"path\":\"/profile.php\",\"method\":\"POST\"}','POST','/profile.php',NULL,NULL,'::1','Mozilla/5.0 (Macintosh; Intel Mac OS X 10_15_7) AppleWebKit/537.36 (KHTML, like Gecko) Chrome/144.0.0.0 Safari/537.36','localhost','2026-02-02 08:04:58.696878'),
(11,NULL,'1829900159722','bdc00ea8fc837552a3dff94724ee5f68','b45226fba87b247d3d564d4aa5',NULL,'AUDIT','profile','PHONE_UPDATE','SUCCESS','teacher',1829900159722,NULL,NULL,'{\"phone_last4\":\"7042\"}','POST','/profile.php',NULL,NULL,'::1','Mozilla/5.0 (Macintosh; Intel Mac OS X 10_15_7) AppleWebKit/537.36 (KHTML, like Gecko) Chrome/144.0.0.0 Safari/537.36','localhost','2026-02-02 08:04:58.708804'),
(12,NULL,'1829900159722','bdc00ea8fc837552a3dff94724ee5f68','c9761a0babe4be8721d33a9349',NULL,'AUDIT','request','VIEW','SUCCESS',NULL,NULL,NULL,NULL,'{\"path\":\"/profile.php?tab=personal\",\"method\":\"GET\"}','GET','/profile.php?tab=personal',NULL,NULL,'::1','Mozilla/5.0 (Macintosh; Intel Mac OS X 10_15_7) AppleWebKit/537.36 (KHTML, like Gecko) Chrome/144.0.0.0 Safari/537.36','localhost','2026-02-02 08:04:58.719285'),
(13,NULL,'1829900159722','bdc00ea8fc837552a3dff94724ee5f68','fca816adcb709d0418ed2a663b',NULL,'AUDIT','request','VIEW','SUCCESS',NULL,NULL,NULL,NULL,'{\"path\":\"/profile.php?tab=personal\",\"method\":\"GET\"}','GET','/profile.php?tab=personal',NULL,NULL,'::1','Mozilla/5.0 (Macintosh; Intel Mac OS X 10_15_7) AppleWebKit/537.36 (KHTML, like Gecko) Chrome/144.0.0.0 Safari/537.36','localhost','2026-02-02 08:04:58.800526'),
(14,NULL,'1829900159722','bdc00ea8fc837552a3dff94724ee5f68','354f00330d4dd7c0c0902bd1e0',NULL,'AUDIT','request','VIEW','SUCCESS',NULL,NULL,NULL,NULL,'{\"path\":\"/profile.php?tab=personal\",\"method\":\"GET\"}','GET','/profile.php?tab=personal',NULL,NULL,'::1','Mozilla/5.0 (Macintosh; Intel Mac OS X 10_15_7) AppleWebKit/537.36 (KHTML, like Gecko) Chrome/144.0.0.0 Safari/537.36','localhost','2026-02-02 08:05:52.742406'),
(15,NULL,'1829900159722','bdc00ea8fc837552a3dff94724ee5f68','23e96489b18d6de67b42a8f57b',NULL,'AUDIT','request','VIEW','SUCCESS',NULL,NULL,NULL,NULL,'{\"path\":\"/profile.php?tab=personal\",\"method\":\"GET\"}','GET','/profile.php?tab=personal',NULL,NULL,'::1','Mozilla/5.0 (Macintosh; Intel Mac OS X 10_15_7) AppleWebKit/537.36 (KHTML, like Gecko) Chrome/144.0.0.0 Safari/537.36','localhost','2026-02-02 08:05:53.269737'),
(16,NULL,'1829900159722','bdc00ea8fc837552a3dff94724ee5f68','f06c1fd67f5e9088ba0990adf7',NULL,'AUDIT','request','VIEW','SUCCESS',NULL,NULL,NULL,NULL,'{\"path\":\"/circular-notice.php\",\"method\":\"GET\"}','GET','/circular-notice.php',NULL,NULL,'::1','Mozilla/5.0 (Macintosh; Intel Mac OS X 10_15_7) AppleWebKit/537.36 (KHTML, like Gecko) Chrome/144.0.0.0 Safari/537.36','localhost','2026-02-02 08:05:56.938409'),
(17,NULL,'1829900159722','bdc00ea8fc837552a3dff94724ee5f68','9000c87f037185af68d863bfec',NULL,'AUDIT','request','VIEW','SUCCESS',NULL,NULL,NULL,NULL,'{\"path\":\"/orders-create.php\",\"method\":\"GET\"}','GET','/orders-create.php',NULL,NULL,'::1','Mozilla/5.0 (Macintosh; Intel Mac OS X 10_15_7) AppleWebKit/537.36 (KHTML, like Gecko) Chrome/144.0.0.0 Safari/537.36','localhost','2026-02-02 08:05:59.981109'),
(18,NULL,'1829900159722','bdc00ea8fc837552a3dff94724ee5f68','538f8ac6fd5e0943834a6c2318',NULL,'AUDIT','request','VIEW','SUCCESS',NULL,NULL,NULL,NULL,'{\"path\":\"/circular-compose.php\",\"method\":\"GET\"}','GET','/circular-compose.php',NULL,NULL,'::1','Mozilla/5.0 (Macintosh; Intel Mac OS X 10_15_7) AppleWebKit/537.36 (KHTML, like Gecko) Chrome/144.0.0.0 Safari/537.36','localhost','2026-02-02 08:06:03.926323'),
(19,NULL,'1829900159722','bdc00ea8fc837552a3dff94724ee5f68','9d959e9fadf7af72ba750509b8',NULL,'AUDIT','request','ACTION','SUCCESS',NULL,NULL,NULL,NULL,'{\"path\":\"/circular-compose.php\",\"method\":\"POST\"}','POST','/circular-compose.php',NULL,NULL,'::1','Mozilla/5.0 (Macintosh; Intel Mac OS X 10_15_7) AppleWebKit/537.36 (KHTML, like Gecko) Chrome/144.0.0.0 Safari/537.36','localhost','2026-02-02 08:06:18.214110'),
(20,NULL,'1829900159722','bdc00ea8fc837552a3dff94724ee5f68','9d959e9fadf7af72ba750509b8',NULL,'AUDIT','circulars','CREATE_INTERNAL','SUCCESS','dh_circulars',5,NULL,NULL,'{\"type\":\"internal\"}','POST','/circular-compose.php',NULL,NULL,'::1','Mozilla/5.0 (Macintosh; Intel Mac OS X 10_15_7) AppleWebKit/537.36 (KHTML, like Gecko) Chrome/144.0.0.0 Safari/537.36','localhost','2026-02-02 08:06:18.275928'),
(21,NULL,'1829900159722','bdc00ea8fc837552a3dff94724ee5f68','0f0e8a61337fb01f9edebc659f',NULL,'AUDIT','request','VIEW','SUCCESS',NULL,NULL,NULL,NULL,'{\"path\":\"/circular-sent.php\",\"method\":\"GET\"}','GET','/circular-sent.php',NULL,NULL,'::1','Mozilla/5.0 (Macintosh; Intel Mac OS X 10_15_7) AppleWebKit/537.36 (KHTML, like Gecko) Chrome/144.0.0.0 Safari/537.36','localhost','2026-02-02 08:06:23.083814'),
(22,NULL,'1829900159722','bdc00ea8fc837552a3dff94724ee5f68','27667d60f1f7b7397d6236b581',NULL,'AUDIT','request','VIEW','SUCCESS',NULL,NULL,NULL,NULL,'{\"path\":\"/circular-notice.php\",\"method\":\"GET\"}','GET','/circular-notice.php',NULL,NULL,'::1','Mozilla/5.0 (Macintosh; Intel Mac OS X 10_15_7) AppleWebKit/537.36 (KHTML, like Gecko) Chrome/144.0.0.0 Safari/537.36','localhost','2026-02-02 08:07:55.223183'),
(23,NULL,'1829900159722','bdc00ea8fc837552a3dff94724ee5f68','8d99632fcc268a01c2ce101c17',NULL,'AUDIT','request','VIEW','SUCCESS',NULL,NULL,NULL,NULL,'{\"path\":\"/circular-archive.php\",\"method\":\"GET\"}','GET','/circular-archive.php',NULL,NULL,'::1','Mozilla/5.0 (Macintosh; Intel Mac OS X 10_15_7) AppleWebKit/537.36 (KHTML, like Gecko) Chrome/144.0.0.0 Safari/537.36','localhost','2026-02-02 08:07:57.549308'),
(24,NULL,'1829900159722','bdc00ea8fc837552a3dff94724ee5f68','95704c0cda62197b5eaa95a57b',NULL,'AUDIT','request','VIEW','SUCCESS',NULL,NULL,NULL,NULL,'{\"path\":\"/vehicle-reservation-approval.php\",\"method\":\"GET\"}','GET','/vehicle-reservation-approval.php',NULL,NULL,'::1','Mozilla/5.0 (Macintosh; Intel Mac OS X 10_15_7) AppleWebKit/537.36 (KHTML, like Gecko) Chrome/144.0.0.0 Safari/537.36','localhost','2026-02-02 08:08:09.308224'),
(25,NULL,'1829900159722','15e7c365aca6cbcc6e0b09fd20392e66','2b228a4f6743f6ec7449ba1a02',NULL,'AUDIT','request','VIEW','SUCCESS',NULL,NULL,NULL,NULL,'{\"path\":\"/vehicle-reservation.php\",\"method\":\"GET\"}','GET','/vehicle-reservation.php',NULL,NULL,'::1','Mozilla/5.0 (Linux; Android 6.0; Nexus 5 Build/MRA58N) AppleWebKit/537.36 (KHTML, like Gecko) Chrome/144.0.0.0 Mobile Safari/537.36','localhost','2026-02-02 08:08:45.319290'),
(26,NULL,'1829900159722','15e7c365aca6cbcc6e0b09fd20392e66','6efab07137801b39dc28832ae5',NULL,'AUDIT','request','VIEW','SUCCESS',NULL,NULL,NULL,NULL,'{\"path\":\"/vehicle-reservation.php\",\"method\":\"GET\"}','GET','/vehicle-reservation.php',NULL,NULL,'::1','Mozilla/5.0 (Linux; Android 6.0; Nexus 5 Build/MRA58N) AppleWebKit/537.36 (KHTML, like Gecko) Chrome/144.0.0.0 Mobile Safari/537.36','localhost','2026-02-02 08:13:13.102970'),
(27,NULL,'1829900159722','15e7c365aca6cbcc6e0b09fd20392e66','36893ce43d5879e766a60add5c',NULL,'AUDIT','request','VIEW','SUCCESS',NULL,NULL,NULL,NULL,'{\"path\":\"/vehicle-reservation.php\",\"method\":\"GET\"}','GET','/vehicle-reservation.php',NULL,NULL,'::1','Mozilla/5.0 (Linux; Android 6.0; Nexus 5 Build/MRA58N) AppleWebKit/537.36 (KHTML, like Gecko) Chrome/144.0.0.0 Mobile Safari/537.36','localhost','2026-02-02 08:13:45.952039'),
(28,NULL,'1829900159722','15e7c365aca6cbcc6e0b09fd20392e66','b979b78c74da3c7a1018a16003',NULL,'AUDIT','request','VIEW','SUCCESS',NULL,NULL,NULL,NULL,'{\"path\":\"/vehicle-reservation.php\",\"method\":\"GET\"}','GET','/vehicle-reservation.php',NULL,NULL,'::1','Mozilla/5.0 (Linux; Android 6.0; Nexus 5 Build/MRA58N) AppleWebKit/537.36 (KHTML, like Gecko) Chrome/144.0.0.0 Mobile Safari/537.36','localhost','2026-02-02 08:14:57.006244'),
(29,NULL,'1829900159722','bdc00ea8fc837552a3dff94724ee5f68','e9eff5d6d2ec38be5a73f050e3',NULL,'AUDIT','request','VIEW','SUCCESS',NULL,NULL,NULL,NULL,'{\"path\":\"/vehicle-reservation-approval.php\",\"method\":\"GET\"}','GET','/vehicle-reservation-approval.php',NULL,NULL,'::1','Mozilla/5.0 (Macintosh; Intel Mac OS X 10_15_7) AppleWebKit/537.36 (KHTML, like Gecko) Chrome/144.0.0.0 Safari/537.36','localhost','2026-02-02 08:16:10.113699'),
(30,NULL,'1829900159722','bdc00ea8fc837552a3dff94724ee5f68','7b66865761a974217f7378d011',NULL,'AUDIT','request','VIEW','SUCCESS',NULL,NULL,NULL,NULL,'{\"path\":\"/circular-notice.php\",\"method\":\"GET\"}','GET','/circular-notice.php',NULL,NULL,'::1','Mozilla/5.0 (Macintosh; Intel Mac OS X 10_15_7) AppleWebKit/537.36 (KHTML, like Gecko) Chrome/144.0.0.0 Safari/537.36','localhost','2026-02-02 08:16:14.331540'),
(31,NULL,'1829900159722','15e7c365aca6cbcc6e0b09fd20392e66','cfd75c1a3932bceb3b0d634577',NULL,'AUDIT','request','VIEW','SUCCESS',NULL,NULL,NULL,NULL,'{\"path\":\"/vehicle-reservation.php\",\"method\":\"GET\"}','GET','/vehicle-reservation.php',NULL,NULL,'::1','Mozilla/5.0 (Linux; Android 6.0; Nexus 5 Build/MRA58N) AppleWebKit/537.36 (KHTML, like Gecko) Chrome/144.0.0.0 Mobile Safari/537.36','localhost','2026-02-02 08:17:36.441219'),
(32,NULL,'1829900159722','15e7c365aca6cbcc6e0b09fd20392e66','855319498b954c7907dddd8d18',NULL,'AUDIT','request','VIEW','SUCCESS',NULL,NULL,NULL,NULL,'{\"path\":\"/vehicle-reservation.php\",\"method\":\"GET\"}','GET','/vehicle-reservation.php',NULL,NULL,'::1','Mozilla/5.0 (Linux; Android 6.0; Nexus 5 Build/MRA58N) AppleWebKit/537.36 (KHTML, like Gecko) Chrome/144.0.0.0 Mobile Safari/537.36','localhost','2026-02-02 08:19:01.557197'),
(33,NULL,'1829900159722','15e7c365aca6cbcc6e0b09fd20392e66','12cbaab94e916b21e78ecf4e41',NULL,'AUDIT','request','VIEW','SUCCESS',NULL,NULL,NULL,NULL,'{\"path\":\"/vehicle-reservation.php\",\"method\":\"GET\"}','GET','/vehicle-reservation.php',NULL,NULL,'::1','Mozilla/5.0 (Linux; Android 6.0; Nexus 5 Build/MRA58N) AppleWebKit/537.36 (KHTML, like Gecko) Chrome/144.0.0.0 Mobile Safari/537.36','localhost','2026-02-02 08:19:22.449715'),
(34,NULL,'1829900159722','15e7c365aca6cbcc6e0b09fd20392e66','e1fa5cdd879621464f934abbb2',NULL,'AUDIT','request','VIEW','SUCCESS',NULL,NULL,NULL,NULL,'{\"path\":\"/vehicle-reservation.php\",\"method\":\"GET\"}','GET','/vehicle-reservation.php',NULL,NULL,'::1','Mozilla/5.0 (Linux; Android 6.0; Nexus 5 Build/MRA58N) AppleWebKit/537.36 (KHTML, like Gecko) Chrome/144.0.0.0 Mobile Safari/537.36','localhost','2026-02-02 08:19:46.405186'),
(35,NULL,'1829900159722','bdc00ea8fc837552a3dff94724ee5f68','39b241cdf0c90ec7da7892d940',NULL,'AUDIT','request','VIEW','SUCCESS',NULL,NULL,NULL,NULL,'{\"path\":\"/circular-notice.php\",\"method\":\"GET\"}','GET','/circular-notice.php',NULL,NULL,'::1','Mozilla/5.0 (Macintosh; Intel Mac OS X 10_15_7) AppleWebKit/537.36 (KHTML, like Gecko) Chrome/144.0.0.0 Safari/537.36','localhost','2026-02-02 08:23:04.521675'),
(36,NULL,'1829900159722','15e7c365aca6cbcc6e0b09fd20392e66','d4beeb13c4dca7d2cbae32bb82',NULL,'AUDIT','request','VIEW','SUCCESS',NULL,NULL,NULL,NULL,'{\"path\":\"/vehicle-reservation.php\",\"method\":\"GET\"}','GET','/vehicle-reservation.php',NULL,NULL,'::1','Mozilla/5.0 (Linux; Android 6.0; Nexus 5 Build/MRA58N) AppleWebKit/537.36 (KHTML, like Gecko) Chrome/144.0.0.0 Mobile Safari/537.36','localhost','2026-02-02 08:23:10.307549'),
(37,NULL,'1829900159722','15e7c365aca6cbcc6e0b09fd20392e66','dc5b135eace15fa8a7285feda3',NULL,'AUDIT','request','VIEW','SUCCESS',NULL,NULL,NULL,NULL,'{\"path\":\"/vehicle-reservation.php\",\"method\":\"GET\"}','GET','/vehicle-reservation.php',NULL,NULL,'::1','Mozilla/5.0 (Linux; Android 6.0; Nexus 5 Build/MRA58N) AppleWebKit/537.36 (KHTML, like Gecko) Chrome/144.0.0.0 Mobile Safari/537.36','localhost','2026-02-02 08:24:44.372401'),
(38,NULL,'1829900159722','15e7c365aca6cbcc6e0b09fd20392e66','fc3f6aba512bf482c7f8c158a1',NULL,'AUDIT','request','VIEW','SUCCESS',NULL,NULL,NULL,NULL,'{\"path\":\"/vehicle-reservation.php\",\"method\":\"GET\"}','GET','/vehicle-reservation.php',NULL,NULL,'::1','Mozilla/5.0 (Linux; Android 6.0; Nexus 5 Build/MRA58N) AppleWebKit/537.36 (KHTML, like Gecko) Chrome/144.0.0.0 Mobile Safari/537.36','localhost','2026-02-02 08:31:35.325993'),
(39,NULL,'1829900159722','15e7c365aca6cbcc6e0b09fd20392e66','a5938d79e3fc021ce445311629',NULL,'AUDIT','request','VIEW','SUCCESS',NULL,NULL,NULL,NULL,'{\"path\":\"/vehicle-reservation.php\",\"method\":\"GET\"}','GET','/vehicle-reservation.php',NULL,NULL,'::1','Mozilla/5.0 (Linux; Android 6.0; Nexus 5 Build/MRA58N) AppleWebKit/537.36 (KHTML, like Gecko) Chrome/144.0.0.0 Mobile Safari/537.36','localhost','2026-02-02 08:33:39.511812'),
(40,NULL,'1829900159722','15e7c365aca6cbcc6e0b09fd20392e66','5e2856ef389bd122e6836b768b',NULL,'AUDIT','request','VIEW','SUCCESS',NULL,NULL,NULL,NULL,'{\"path\":\"/vehicle-reservation.php\",\"method\":\"GET\"}','GET','/vehicle-reservation.php',NULL,NULL,'::1','Mozilla/5.0 (Linux; Android 6.0; Nexus 5 Build/MRA58N) AppleWebKit/537.36 (KHTML, like Gecko) Chrome/144.0.0.0 Mobile Safari/537.36','localhost','2026-02-02 08:34:11.788283'),
(41,NULL,'1829900159722','029b8c5b53ef0310eae1207e64341861','c9b64315ba4ba0621458da3227',NULL,'AUDIT','auth','LOGIN','SUCCESS','teacher',1829900159722,NULL,NULL,NULL,'POST','/index.php/vehicle-manangement.php',NULL,NULL,'::1','Mozilla/5.0 (Linux; Android 6.0; Nexus 5 Build/MRA58N) AppleWebKit/537.36 (KHTML, like Gecko) Chrome/144.0.0.0 Mobile Safari/537.36','localhost','2026-02-02 08:37:12.513118'),
(42,NULL,'1829900159722','bdc00ea8fc837552a3dff94724ee5f68','e442ca39416f71c4652d03b56f',NULL,'AUDIT','request','VIEW','SUCCESS',NULL,NULL,NULL,NULL,'{\"path\":\"/dashboard.php\",\"method\":\"GET\"}','GET','/dashboard.php',NULL,NULL,'::1','Mozilla/5.0 (Macintosh; Intel Mac OS X 10_15_7) AppleWebKit/537.36 (KHTML, like Gecko) Chrome/144.0.0.0 Safari/537.36','localhost','2026-02-02 08:37:27.543126'),
(43,NULL,'1829900159722','fa9d9adee17fc8eebd07cbbaf20654fd','81da08f8bb6ffafad71bc94ddc',NULL,'AUDIT','auth','LOGIN','SUCCESS','teacher',1829900159722,NULL,NULL,NULL,'POST','/index.php',NULL,NULL,'::1','Mozilla/5.0 (Linux; Android 6.0; Nexus 5 Build/MRA58N) AppleWebKit/537.36 (KHTML, like Gecko) Chrome/144.0.0.0 Mobile Safari/537.36','localhost','2026-02-02 08:37:50.064978'),
(44,NULL,'1829900159722','fa9d9adee17fc8eebd07cbbaf20654fd','7a9e3e7edbe5bbea8c1bc976db',NULL,'AUDIT','request','VIEW','SUCCESS',NULL,NULL,NULL,NULL,'{\"path\":\"/dashboard.php\",\"method\":\"GET\"}','GET','/dashboard.php',NULL,NULL,'::1','Mozilla/5.0 (Linux; Android 6.0; Nexus 5 Build/MRA58N) AppleWebKit/537.36 (KHTML, like Gecko) Chrome/144.0.0.0 Mobile Safari/537.36','localhost','2026-02-02 08:37:52.253834'),
(45,NULL,'1829900159722','fa9d9adee17fc8eebd07cbbaf20654fd','42af87eeee3dca125c941ec450',NULL,'AUDIT','auth','LOGOUT','SUCCESS','teacher',1829900159722,NULL,NULL,NULL,'GET','/logout.php',NULL,NULL,'::1','Mozilla/5.0 (Linux; Android 6.0; Nexus 5 Build/MRA58N) AppleWebKit/537.36 (KHTML, like Gecko) Chrome/144.0.0.0 Mobile Safari/537.36','localhost','2026-02-02 08:38:02.591449'),
(46,NULL,'1829900159722','90e9b5a93fc1e2676c8b0408b3032afc','d909ec29174b8e6fc50d58aada',NULL,'AUDIT','auth','LOGIN','SUCCESS','teacher',1829900159722,NULL,NULL,NULL,'POST','/index.php',NULL,NULL,'::1','Mozilla/5.0 (Linux; Android 6.0; Nexus 5 Build/MRA58N) AppleWebKit/537.36 (KHTML, like Gecko) Chrome/144.0.0.0 Mobile Safari/537.36','localhost','2026-02-02 08:38:09.571687'),
(47,NULL,'1829900159722','90e9b5a93fc1e2676c8b0408b3032afc','6bf9f5db471b3cd5e8be1810d2',NULL,'AUDIT','request','VIEW','SUCCESS',NULL,NULL,NULL,NULL,'{\"path\":\"/dashboard.php\",\"method\":\"GET\"}','GET','/dashboard.php',NULL,NULL,'::1','Mozilla/5.0 (Linux; Android 6.0; Nexus 5 Build/MRA58N) AppleWebKit/537.36 (KHTML, like Gecko) Chrome/144.0.0.0 Mobile Safari/537.36','localhost','2026-02-02 08:38:11.691709'),
(48,NULL,'1829900159722','90e9b5a93fc1e2676c8b0408b3032afc','92371a9a93a4aeb9325f28917e',NULL,'AUDIT','request','VIEW','SUCCESS',NULL,NULL,NULL,NULL,'{\"path\":\"/vehicle-management.php\",\"method\":\"GET\"}','GET','/vehicle-management.php',NULL,NULL,'::1','Mozilla/5.0 (Linux; Android 6.0; Nexus 5 Build/MRA58N) AppleWebKit/537.36 (KHTML, like Gecko) Chrome/144.0.0.0 Mobile Safari/537.36','localhost','2026-02-02 08:38:53.029318'),
(49,NULL,'1829900159722','90e9b5a93fc1e2676c8b0408b3032afc','210c06c135ce0b6362f96ac162',NULL,'AUDIT','request','VIEW','SUCCESS',NULL,NULL,NULL,NULL,'{\"path\":\"/vehicle-management.php\",\"method\":\"GET\"}','GET','/vehicle-management.php',NULL,NULL,'::1','Mozilla/5.0 (Linux; Android 6.0; Nexus 5 Build/MRA58N) AppleWebKit/537.36 (KHTML, like Gecko) Chrome/144.0.0.0 Mobile Safari/537.36','localhost','2026-02-02 08:42:32.108830'),
(50,NULL,'1829900159722','90e9b5a93fc1e2676c8b0408b3032afc','82a10f636de175b0ea75852eca',NULL,'AUDIT','request','VIEW','SUCCESS',NULL,NULL,NULL,NULL,'{\"path\":\"/vehicle-management.php\",\"method\":\"GET\"}','GET','/vehicle-management.php',NULL,NULL,'::1','Mozilla/5.0 (Linux; Android 6.0; Nexus 5 Build/MRA58N) AppleWebKit/537.36 (KHTML, like Gecko) Chrome/144.0.0.0 Mobile Safari/537.36','localhost','2026-02-02 08:42:57.586704'),
(51,NULL,'1829900159722','90e9b5a93fc1e2676c8b0408b3032afc','0dd70dde12fd5630fc7babe3d5',NULL,'AUDIT','request','VIEW','SUCCESS',NULL,NULL,NULL,NULL,'{\"path\":\"/vehicle-management.php\",\"method\":\"GET\"}','GET','/vehicle-management.php',NULL,NULL,'::1','Mozilla/5.0 (Linux; Android 6.0; Nexus 5 Build/MRA58N) AppleWebKit/537.36 (KHTML, like Gecko) Chrome/144.0.0.0 Mobile Safari/537.36','localhost','2026-02-02 08:50:30.334916'),
(52,NULL,'1829900159722','90e9b5a93fc1e2676c8b0408b3032afc','a885595831cb675527f49f60ba',NULL,'AUDIT','request','VIEW','SUCCESS',NULL,NULL,NULL,NULL,'{\"path\":\"/vehicle-management.php\",\"method\":\"GET\"}','GET','/vehicle-management.php',NULL,NULL,'::1','Mozilla/5.0 (Linux; Android 6.0; Nexus 5 Build/MRA58N) AppleWebKit/537.36 (KHTML, like Gecko) Chrome/144.0.0.0 Mobile Safari/537.36','localhost','2026-02-02 08:52:28.240699'),
(53,NULL,'1829900159722','90e9b5a93fc1e2676c8b0408b3032afc','310f9b50266d0f756166cd53cf',NULL,'AUDIT','request','VIEW','SUCCESS',NULL,NULL,NULL,NULL,'{\"path\":\"/vehicle-management.php\",\"method\":\"GET\"}','GET','/vehicle-management.php',NULL,NULL,'::1','Mozilla/5.0 (Linux; Android 6.0; Nexus 5 Build/MRA58N) AppleWebKit/537.36 (KHTML, like Gecko) Chrome/144.0.0.0 Mobile Safari/537.36','localhost','2026-02-02 08:58:01.780053'),
(54,NULL,'1829900159722','90e9b5a93fc1e2676c8b0408b3032afc','be4f951974909f1c416203fb9c',NULL,'AUDIT','request','VIEW','SUCCESS',NULL,NULL,NULL,NULL,'{\"path\":\"/vehicle-management.php\",\"method\":\"GET\"}','GET','/vehicle-management.php',NULL,NULL,'::1','Mozilla/5.0 (Linux; Android 6.0; Nexus 5 Build/MRA58N) AppleWebKit/537.36 (KHTML, like Gecko) Chrome/144.0.0.0 Mobile Safari/537.36','localhost','2026-02-02 08:59:15.719422'),
(55,NULL,'1829900159722','90e9b5a93fc1e2676c8b0408b3032afc','2d47f46bdf3d2b2d7b0824f396',NULL,'AUDIT','request','VIEW','SUCCESS',NULL,NULL,NULL,NULL,'{\"path\":\"/vehicle-management.php\",\"method\":\"GET\"}','GET','/vehicle-management.php',NULL,NULL,'::1','Mozilla/5.0 (Linux; Android 6.0; Nexus 5 Build/MRA58N) AppleWebKit/537.36 (KHTML, like Gecko) Chrome/144.0.0.0 Mobile Safari/537.36','localhost','2026-02-02 09:01:19.960563'),
(56,NULL,'1829900159722','90e9b5a93fc1e2676c8b0408b3032afc','138cc136ffff691662c7733f2f',NULL,'AUDIT','request','VIEW','SUCCESS',NULL,NULL,NULL,NULL,'{\"path\":\"/vehicle-management.php\",\"method\":\"GET\"}','GET','/vehicle-management.php',NULL,NULL,'::1','Mozilla/5.0 (Linux; Android 6.0; Nexus 5 Build/MRA58N) AppleWebKit/537.36 (KHTML, like Gecko) Chrome/144.0.0.0 Mobile Safari/537.36','localhost','2026-02-02 09:01:29.460178'),
(57,NULL,'1829900159722','90e9b5a93fc1e2676c8b0408b3032afc','0f906caf741a176bb4c79af25d',NULL,'AUDIT','request','VIEW','SUCCESS',NULL,NULL,NULL,NULL,'{\"path\":\"/vehicle-management.php\",\"method\":\"GET\"}','GET','/vehicle-management.php',NULL,NULL,'::1','Mozilla/5.0 (Linux; Android 6.0; Nexus 5 Build/MRA58N) AppleWebKit/537.36 (KHTML, like Gecko) Chrome/144.0.0.0 Mobile Safari/537.36','localhost','2026-02-02 09:03:00.903625'),
(58,NULL,'1829900159722','90e9b5a93fc1e2676c8b0408b3032afc','3a5202d835b49d9c0b8e1f9bd8',NULL,'AUDIT','request','VIEW','SUCCESS',NULL,NULL,NULL,NULL,'{\"path\":\"/vehicle-management.php\",\"method\":\"GET\"}','GET','/vehicle-management.php',NULL,NULL,'::1','Mozilla/5.0 (Linux; Android 6.0; Nexus 5 Build/MRA58N) AppleWebKit/537.36 (KHTML, like Gecko) Chrome/144.0.0.0 Mobile Safari/537.36','localhost','2026-02-02 09:03:34.276658'),
(59,NULL,'1829900159722','90e9b5a93fc1e2676c8b0408b3032afc','af0f6154e542c53ccc135ee8f6',NULL,'AUDIT','request','VIEW','SUCCESS',NULL,NULL,NULL,NULL,'{\"path\":\"/vehicle-management.php\",\"method\":\"GET\"}','GET','/vehicle-management.php',NULL,NULL,'::1','Mozilla/5.0 (Linux; Android 6.0; Nexus 5 Build/MRA58N) AppleWebKit/537.36 (KHTML, like Gecko) Chrome/144.0.0.0 Mobile Safari/537.36','localhost','2026-02-02 09:04:23.658614'),
(60,NULL,'1829900159722','90e9b5a93fc1e2676c8b0408b3032afc','76e020f0b70a6a8c3175a1019f',NULL,'AUDIT','request','VIEW','SUCCESS',NULL,NULL,NULL,NULL,'{\"path\":\"/vehicle-management.php\",\"method\":\"GET\"}','GET','/vehicle-management.php',NULL,NULL,'::1','Mozilla/5.0 (Linux; Android 6.0; Nexus 5 Build/MRA58N) AppleWebKit/537.36 (KHTML, like Gecko) Chrome/144.0.0.0 Mobile Safari/537.36','localhost','2026-02-02 09:06:21.333504'),
(61,NULL,'1829900159722','90e9b5a93fc1e2676c8b0408b3032afc','fa151e604d396443d041ede0c2',NULL,'AUDIT','request','VIEW','SUCCESS',NULL,NULL,NULL,NULL,'{\"path\":\"/vehicle-management.php\",\"method\":\"GET\"}','GET','/vehicle-management.php',NULL,NULL,'::1','Mozilla/5.0 (Linux; Android 6.0; Nexus 5 Build/MRA58N) AppleWebKit/537.36 (KHTML, like Gecko) Chrome/144.0.0.0 Mobile Safari/537.36','localhost','2026-02-02 09:07:56.646742'),
(62,NULL,'1829900159722','90e9b5a93fc1e2676c8b0408b3032afc','8dfe675d54bcec2137c06d2b69',NULL,'AUDIT','request','VIEW','SUCCESS',NULL,NULL,NULL,NULL,'{\"path\":\"/vehicle-management.php\",\"method\":\"GET\"}','GET','/vehicle-management.php',NULL,NULL,'::1','Mozilla/5.0 (Linux; Android 6.0; Nexus 5 Build/MRA58N) AppleWebKit/537.36 (KHTML, like Gecko) Chrome/144.0.0.0 Mobile Safari/537.36','localhost','2026-02-02 09:08:59.831857'),
(63,NULL,'1829900159722','90e9b5a93fc1e2676c8b0408b3032afc','7878ee1081c05ac78090d6bb82',NULL,'AUDIT','request','VIEW','SUCCESS',NULL,NULL,NULL,NULL,'{\"path\":\"/vehicle-management.php\",\"method\":\"GET\"}','GET','/vehicle-management.php',NULL,NULL,'::1','Mozilla/5.0 (Windows NT 10.0; Win64; x64) AppleWebKit/537.36 (KHTML, like Gecko) Chrome/144.0.0.0 Safari/537.36','localhost','2026-02-02 09:09:41.968023'),
(64,NULL,'1829900159722','90e9b5a93fc1e2676c8b0408b3032afc','b0e254d20b8d0814832543823a',NULL,'AUDIT','request','VIEW','SUCCESS',NULL,NULL,NULL,NULL,'{\"path\":\"/vehicle-management.php\",\"method\":\"GET\"}','GET','/vehicle-management.php',NULL,NULL,'::1','Mozilla/5.0 (Linux; Android 6.0; Nexus 5 Build/MRA58N) AppleWebKit/537.36 (KHTML, like Gecko) Chrome/144.0.0.0 Mobile Safari/537.36','localhost','2026-02-02 09:14:13.482937'),
(65,NULL,'1829900159722','90e9b5a93fc1e2676c8b0408b3032afc','c6151151691ad7dde6b1e118f8',NULL,'AUDIT','request','VIEW','SUCCESS',NULL,NULL,NULL,NULL,'{\"path\":\"/vehicle-management.php\",\"method\":\"GET\"}','GET','/vehicle-management.php',NULL,NULL,'::1','Mozilla/5.0 (Linux; Android 6.0; Nexus 5 Build/MRA58N) AppleWebKit/537.36 (KHTML, like Gecko) Chrome/144.0.0.0 Mobile Safari/537.36','localhost','2026-02-02 09:15:18.592810'),
(66,NULL,'1829900159722','90e9b5a93fc1e2676c8b0408b3032afc','54843289bf4a928e7b2e9346d1',NULL,'AUDIT','request','VIEW','SUCCESS',NULL,NULL,NULL,NULL,'{\"path\":\"/vehicle-management.php\",\"method\":\"GET\"}','GET','/vehicle-management.php',NULL,NULL,'::1','Mozilla/5.0 (Linux; Android 6.0; Nexus 5 Build/MRA58N) AppleWebKit/537.36 (KHTML, like Gecko) Chrome/144.0.0.0 Mobile Safari/537.36','localhost','2026-02-02 09:16:07.010981'),
(67,NULL,'1829900159722','90e9b5a93fc1e2676c8b0408b3032afc','a1bae79be8463fdc1b24b20bf3',NULL,'AUDIT','request','VIEW','SUCCESS',NULL,NULL,NULL,NULL,'{\"path\":\"/dashboard.php\",\"method\":\"GET\"}','GET','/dashboard.php',NULL,NULL,'::1','Mozilla/5.0 (Linux; Android 6.0; Nexus 5 Build/MRA58N) AppleWebKit/537.36 (KHTML, like Gecko) Chrome/144.0.0.0 Mobile Safari/537.36','localhost','2026-02-02 09:16:22.394147'),
(68,NULL,'1829900159722','90e9b5a93fc1e2676c8b0408b3032afc','a78d641378d2a73b52bb492b7d',NULL,'AUDIT','request','VIEW','SUCCESS',NULL,NULL,NULL,NULL,'{\"path\":\"/circular-notice.php\",\"method\":\"GET\"}','GET','/circular-notice.php',NULL,NULL,'::1','Mozilla/5.0 (Linux; Android 6.0; Nexus 5 Build/MRA58N) AppleWebKit/537.36 (KHTML, like Gecko) Chrome/144.0.0.0 Mobile Safari/537.36','localhost','2026-02-02 09:16:31.655623'),
(69,NULL,'1829900159722','90e9b5a93fc1e2676c8b0408b3032afc','da603a7ecba88dc2441bd25e1a',NULL,'AUDIT','request','VIEW','SUCCESS',NULL,NULL,NULL,NULL,'{\"path\":\"/circular-archive.php\",\"method\":\"GET\"}','GET','/circular-archive.php',NULL,NULL,'::1','Mozilla/5.0 (Linux; Android 6.0; Nexus 5 Build/MRA58N) AppleWebKit/537.36 (KHTML, like Gecko) Chrome/144.0.0.0 Mobile Safari/537.36','localhost','2026-02-02 09:16:43.400447'),
(70,NULL,'1829900159722','90e9b5a93fc1e2676c8b0408b3032afc','3525a5b63f4705c2cdb1faa0a1',NULL,'AUDIT','request','VIEW','SUCCESS',NULL,NULL,NULL,NULL,'{\"path\":\"/circular-notice.php\",\"method\":\"GET\"}','GET','/circular-notice.php',NULL,NULL,'::1','Mozilla/5.0 (Linux; Android 6.0; Nexus 5 Build/MRA58N) AppleWebKit/537.36 (KHTML, like Gecko) Chrome/144.0.0.0 Mobile Safari/537.36','localhost','2026-02-02 09:17:11.952505'),
(71,NULL,'1829900159722','90e9b5a93fc1e2676c8b0408b3032afc','f2c67b218a0a5557ff2d23c2c9',NULL,'AUDIT','request','VIEW','SUCCESS',NULL,NULL,NULL,NULL,'{\"path\":\"/circular-compose.php\",\"method\":\"GET\"}','GET','/circular-compose.php',NULL,NULL,'::1','Mozilla/5.0 (Linux; Android 6.0; Nexus 5 Build/MRA58N) AppleWebKit/537.36 (KHTML, like Gecko) Chrome/144.0.0.0 Mobile Safari/537.36','localhost','2026-02-02 09:17:39.112009'),
(72,NULL,'1829900159722','90e9b5a93fc1e2676c8b0408b3032afc','ae4fa7df4b814c1f86437adb7d',NULL,'AUDIT','request','VIEW','SUCCESS',NULL,NULL,NULL,NULL,'{\"path\":\"/vehicle-reservation.php\",\"method\":\"GET\"}','GET','/vehicle-reservation.php',NULL,NULL,'::1','Mozilla/5.0 (Linux; Android 6.0; Nexus 5 Build/MRA58N) AppleWebKit/537.36 (KHTML, like Gecko) Chrome/144.0.0.0 Mobile Safari/537.36','localhost','2026-02-02 09:19:49.775017'),
(73,NULL,'1829900159722','90e9b5a93fc1e2676c8b0408b3032afc','25e26a1b0d8005c3c9b8bd4dfb',NULL,'AUDIT','request','VIEW','SUCCESS',NULL,NULL,NULL,NULL,'{\"path\":\"/circular-compose.php\",\"method\":\"GET\"}','GET','/circular-compose.php',NULL,NULL,'::1','Mozilla/5.0 (Linux; Android 6.0; Nexus 5 Build/MRA58N) AppleWebKit/537.36 (KHTML, like Gecko) Chrome/144.0.0.0 Mobile Safari/537.36','localhost','2026-02-02 09:20:00.906579'),
(74,NULL,'1829900159722','90e9b5a93fc1e2676c8b0408b3032afc','67c9d022f883c227d6aad11e1d',NULL,'AUDIT','request','VIEW','SUCCESS',NULL,NULL,NULL,NULL,'{\"path\":\"/circular-compose.php\",\"method\":\"GET\"}','GET','/circular-compose.php',NULL,NULL,'::1','Mozilla/5.0 (Linux; Android 6.0; Nexus 5 Build/MRA58N) AppleWebKit/537.36 (KHTML, like Gecko) Chrome/144.0.0.0 Mobile Safari/537.36','localhost','2026-02-02 09:22:23.671060'),
(75,NULL,'1829900159722','90e9b5a93fc1e2676c8b0408b3032afc','1326d1bf8e97d8fbf74e5d8015',NULL,'AUDIT','request','VIEW','SUCCESS',NULL,NULL,NULL,NULL,'{\"path\":\"/circular-compose.php\",\"method\":\"GET\"}','GET','/circular-compose.php',NULL,NULL,'::1','Mozilla/5.0 (Linux; Android 6.0; Nexus 5 Build/MRA58N) AppleWebKit/537.36 (KHTML, like Gecko) Chrome/144.0.0.0 Mobile Safari/537.36','localhost','2026-02-02 09:23:49.415818'),
(76,NULL,'1829900159722','90e9b5a93fc1e2676c8b0408b3032afc','4fab28005537d52eaa00e5636d',NULL,'AUDIT','request','VIEW','SUCCESS',NULL,NULL,NULL,NULL,'{\"path\":\"/circular-compose.php\",\"method\":\"GET\"}','GET','/circular-compose.php',NULL,NULL,'::1','Mozilla/5.0 (Linux; Android 6.0; Nexus 5 Build/MRA58N) AppleWebKit/537.36 (KHTML, like Gecko) Chrome/144.0.0.0 Mobile Safari/537.36','localhost','2026-02-02 09:25:35.868269'),
(77,NULL,'1829900159722','90e9b5a93fc1e2676c8b0408b3032afc','1a5855f8bd664a789684ff332f',NULL,'AUDIT','request','VIEW','SUCCESS',NULL,NULL,NULL,NULL,'{\"path\":\"/circular-compose.php\",\"method\":\"GET\"}','GET','/circular-compose.php',NULL,NULL,'::1','Mozilla/5.0 (Linux; Android 6.0; Nexus 5 Build/MRA58N) AppleWebKit/537.36 (KHTML, like Gecko) Chrome/144.0.0.0 Mobile Safari/537.36','localhost','2026-02-02 09:26:49.281363'),
(78,NULL,'1829900159722','90e9b5a93fc1e2676c8b0408b3032afc','1e905c712f4b70ae0b64ce5be1',NULL,'AUDIT','request','VIEW','SUCCESS',NULL,NULL,NULL,NULL,'{\"path\":\"/circular-compose.php\",\"method\":\"GET\"}','GET','/circular-compose.php',NULL,NULL,'::1','Mozilla/5.0 (Linux; Android 6.0; Nexus 5 Build/MRA58N) AppleWebKit/537.36 (KHTML, like Gecko) Chrome/144.0.0.0 Mobile Safari/537.36','localhost','2026-02-02 09:27:29.531503'),
(79,NULL,'1829900159722','90e9b5a93fc1e2676c8b0408b3032afc','aa66bea2e3491b0c1c78d8977b',NULL,'AUDIT','request','VIEW','SUCCESS',NULL,NULL,NULL,NULL,'{\"path\":\"/circular-compose.php\",\"method\":\"GET\"}','GET','/circular-compose.php',NULL,NULL,'::1','Mozilla/5.0 (Linux; Android 6.0; Nexus 5 Build/MRA58N) AppleWebKit/537.36 (KHTML, like Gecko) Chrome/144.0.0.0 Mobile Safari/537.36','localhost','2026-02-02 09:27:42.410007'),
(80,NULL,'1829900159722','90e9b5a93fc1e2676c8b0408b3032afc','d2849ec2a8e67d566e2a9edfa4',NULL,'AUDIT','request','VIEW','SUCCESS',NULL,NULL,NULL,NULL,'{\"path\":\"/circular-compose.php\",\"method\":\"GET\"}','GET','/circular-compose.php',NULL,NULL,'::1','Mozilla/5.0 (Linux; Android 6.0; Nexus 5 Build/MRA58N) AppleWebKit/537.36 (KHTML, like Gecko) Chrome/144.0.0.0 Mobile Safari/537.36','localhost','2026-02-02 09:28:00.756813'),
(81,NULL,'1829900159722','90e9b5a93fc1e2676c8b0408b3032afc','2c779ba5a9f681951f30b4aba3',NULL,'AUDIT','request','VIEW','SUCCESS',NULL,NULL,NULL,NULL,'{\"path\":\"/circular-compose.php\",\"method\":\"GET\"}','GET','/circular-compose.php',NULL,NULL,'::1','Mozilla/5.0 (Linux; Android 6.0; Nexus 5 Build/MRA58N) AppleWebKit/537.36 (KHTML, like Gecko) Chrome/144.0.0.0 Mobile Safari/537.36','localhost','2026-02-02 09:28:24.051237'),
(82,NULL,'1829900159722','90e9b5a93fc1e2676c8b0408b3032afc','0d805d63857a56813bd2924a5f',NULL,'AUDIT','request','VIEW','SUCCESS',NULL,NULL,NULL,NULL,'{\"path\":\"/circular-archive.php\",\"method\":\"GET\"}','GET','/circular-archive.php',NULL,NULL,'::1','Mozilla/5.0 (Linux; Android 6.0; Nexus 5 Build/MRA58N) AppleWebKit/537.36 (KHTML, like Gecko) Chrome/144.0.0.0 Mobile Safari/537.36','localhost','2026-02-02 09:28:36.972328'),
(83,NULL,'1829900159722','90e9b5a93fc1e2676c8b0408b3032afc','cf29b8718ca3b3c00ae03143c2',NULL,'AUDIT','request','VIEW','SUCCESS',NULL,NULL,NULL,NULL,'{\"path\":\"/circular-notice.php\",\"method\":\"GET\"}','GET','/circular-notice.php',NULL,NULL,'::1','Mozilla/5.0 (Linux; Android 6.0; Nexus 5 Build/MRA58N) AppleWebKit/537.36 (KHTML, like Gecko) Chrome/144.0.0.0 Mobile Safari/537.36','localhost','2026-02-02 09:28:49.865043'),
(84,NULL,'1829900159722','90e9b5a93fc1e2676c8b0408b3032afc','daab2fcbe5a7508e59b258873e',NULL,'AUDIT','request','VIEW','SUCCESS',NULL,NULL,NULL,NULL,'{\"path\":\"/circular-archive.php\",\"method\":\"GET\"}','GET','/circular-archive.php',NULL,NULL,'::1','Mozilla/5.0 (Linux; Android 6.0; Nexus 5 Build/MRA58N) AppleWebKit/537.36 (KHTML, like Gecko) Chrome/144.0.0.0 Mobile Safari/537.36','localhost','2026-02-02 09:29:31.587318'),
(85,NULL,'1829900159722','90e9b5a93fc1e2676c8b0408b3032afc','6e210883911fd6d46591b06a61',NULL,'AUDIT','request','VIEW','SUCCESS',NULL,NULL,NULL,NULL,'{\"path\":\"/circular-archive.php\",\"method\":\"GET\"}','GET','/circular-archive.php',NULL,NULL,'::1','Mozilla/5.0 (Linux; Android 6.0; Nexus 5 Build/MRA58N) AppleWebKit/537.36 (KHTML, like Gecko) Chrome/144.0.0.0 Mobile Safari/537.36','localhost','2026-02-02 09:30:37.524968'),
(86,NULL,'1829900159722','90e9b5a93fc1e2676c8b0408b3032afc','7ee4626315b5452e45935da206',NULL,'AUDIT','request','VIEW','SUCCESS',NULL,NULL,NULL,NULL,'{\"path\":\"/circular-archive.php\",\"method\":\"GET\"}','GET','/circular-archive.php',NULL,NULL,'::1','Mozilla/5.0 (Linux; Android 6.0; Nexus 5 Build/MRA58N) AppleWebKit/537.36 (KHTML, like Gecko) Chrome/144.0.0.0 Mobile Safari/537.36','localhost','2026-02-02 09:31:27.766055'),
(87,NULL,'1829900159722','90e9b5a93fc1e2676c8b0408b3032afc','0f565df8de6ba582e2da2961f4',NULL,'AUDIT','request','VIEW','SUCCESS',NULL,NULL,NULL,NULL,'{\"path\":\"/circular-archive.php\",\"method\":\"GET\"}','GET','/circular-archive.php',NULL,NULL,'::1','Mozilla/5.0 (Linux; Android 6.0; Nexus 5 Build/MRA58N) AppleWebKit/537.36 (KHTML, like Gecko) Chrome/144.0.0.0 Mobile Safari/537.36','localhost','2026-02-02 09:31:52.376776'),
(88,NULL,'1829900159722','90e9b5a93fc1e2676c8b0408b3032afc','937c10614e50b4069120a991f0',NULL,'AUDIT','request','VIEW','SUCCESS',NULL,NULL,NULL,NULL,'{\"path\":\"/circular-archive.php\",\"method\":\"GET\"}','GET','/circular-archive.php',NULL,NULL,'::1','Mozilla/5.0 (Linux; Android 6.0; Nexus 5 Build/MRA58N) AppleWebKit/537.36 (KHTML, like Gecko) Chrome/144.0.0.0 Mobile Safari/537.36','localhost','2026-02-02 09:32:41.435608'),
(89,NULL,'1829900159722','90e9b5a93fc1e2676c8b0408b3032afc','26a998995ce072861d8343d670',NULL,'AUDIT','request','VIEW','SUCCESS',NULL,NULL,NULL,NULL,'{\"path\":\"/circular-compose.php\",\"method\":\"GET\"}','GET','/circular-compose.php',NULL,NULL,'::1','Mozilla/5.0 (Linux; Android 6.0; Nexus 5 Build/MRA58N) AppleWebKit/537.36 (KHTML, like Gecko) Chrome/144.0.0.0 Mobile Safari/537.36','localhost','2026-02-02 09:33:13.489617'),
(90,NULL,'1829900159722','90e9b5a93fc1e2676c8b0408b3032afc','812cd50064f17048f79e009610',NULL,'AUDIT','request','VIEW','SUCCESS',NULL,NULL,NULL,NULL,'{\"path\":\"/circular-sent.php\",\"method\":\"GET\"}','GET','/circular-sent.php',NULL,NULL,'::1','Mozilla/5.0 (Linux; Android 6.0; Nexus 5 Build/MRA58N) AppleWebKit/537.36 (KHTML, like Gecko) Chrome/144.0.0.0 Mobile Safari/537.36','localhost','2026-02-02 09:42:06.317748'),
(91,NULL,'1829900159722','90e9b5a93fc1e2676c8b0408b3032afc','e56f6905994b2760ffb063d22b',NULL,'AUDIT','request','ACTION','SUCCESS',NULL,NULL,NULL,NULL,'{\"path\":\"/circular-sent.php\",\"method\":\"POST\"}','POST','/circular-sent.php',NULL,NULL,'::1','Mozilla/5.0 (Linux; Android 6.0; Nexus 5 Build/MRA58N) AppleWebKit/537.36 (KHTML, like Gecko) Chrome/144.0.0.0 Mobile Safari/537.36','localhost','2026-02-02 09:42:10.777144'),
(92,NULL,'1829900159722','90e9b5a93fc1e2676c8b0408b3032afc','e56f6905994b2760ffb063d22b',NULL,'AUDIT','circulars','RECALL','SUCCESS','dh_circulars',5,NULL,NULL,NULL,'POST','/circular-sent.php',NULL,NULL,'::1','Mozilla/5.0 (Linux; Android 6.0; Nexus 5 Build/MRA58N) AppleWebKit/537.36 (KHTML, like Gecko) Chrome/144.0.0.0 Mobile Safari/537.36','localhost','2026-02-02 09:42:10.790653'),
(93,NULL,'1829900159722','90e9b5a93fc1e2676c8b0408b3032afc','db385c5e08c96a20141eef9ca3',NULL,'AUDIT','request','VIEW','SUCCESS',NULL,NULL,NULL,NULL,'{\"path\":\"/outgoing.php\",\"method\":\"GET\"}','GET','/outgoing.php',NULL,NULL,'::1','Mozilla/5.0 (Linux; Android 6.0; Nexus 5 Build/MRA58N) AppleWebKit/537.36 (KHTML, like Gecko) Chrome/144.0.0.0 Mobile Safari/537.36','localhost','2026-02-02 09:42:34.553067'),
(94,NULL,'1829900159722','90e9b5a93fc1e2676c8b0408b3032afc','51552f44a9a71d09928c636235',NULL,'AUDIT','request','VIEW','SUCCESS',NULL,NULL,NULL,NULL,'{\"path\":\"/room-booking-approval.php\",\"method\":\"GET\"}','GET','/room-booking-approval.php',NULL,NULL,'::1','Mozilla/5.0 (Linux; Android 6.0; Nexus 5 Build/MRA58N) AppleWebKit/537.36 (KHTML, like Gecko) Chrome/144.0.0.0 Mobile Safari/537.36','localhost','2026-02-02 09:42:47.953582'),
(95,NULL,'1829900159722','90e9b5a93fc1e2676c8b0408b3032afc','5e12ef59a6dfede9ca60e34fb2',NULL,'AUDIT','request','VIEW','SUCCESS',NULL,NULL,NULL,NULL,'{\"path\":\"/room-booking-approval.php?q=dsffdsfdsfdsfds&status=all&room=all&ajax_filter=1\",\"method\":\"GET\"}','GET','/room-booking-approval.php?q=dsffdsfdsfdsfds&status=all&room=all&ajax_filter=1',NULL,NULL,'::1','Mozilla/5.0 (Linux; Android 6.0; Nexus 5 Build/MRA58N) AppleWebKit/537.36 (KHTML, like Gecko) Chrome/144.0.0.0 Mobile Safari/537.36','localhost','2026-02-02 09:43:02.174733'),
(96,NULL,'1829900159722','90e9b5a93fc1e2676c8b0408b3032afc','b25cc483ccd4b1d0cc2ad9f681',NULL,'AUDIT','request','VIEW','SUCCESS',NULL,NULL,NULL,NULL,'{\"path\":\"/room-booking-approval.php?q=dsffdsfdsfdsfdsdfsdfsdfsdfsdsffds&status=all&room=all&ajax_filter=1\",\"method\":\"GET\"}','GET','/room-booking-approval.php?q=dsffdsfdsfdsfdsdfsdfsdfsdfsdsffds&status=all&room=all&ajax_filter=1',NULL,NULL,'::1','Mozilla/5.0 (Linux; Android 6.0; Nexus 5 Build/MRA58N) AppleWebKit/537.36 (KHTML, like Gecko) Chrome/144.0.0.0 Mobile Safari/537.36','localhost','2026-02-02 09:43:03.271302'),
(97,NULL,'1829900159722','90e9b5a93fc1e2676c8b0408b3032afc','ec7353b8551d53cc6d289337a1',NULL,'AUDIT','request','VIEW','SUCCESS',NULL,NULL,NULL,NULL,'{\"path\":\"/room-booking-approval.php?q=&status=all&room=all&ajax_filter=1\",\"method\":\"GET\"}','GET','/room-booking-approval.php?q=&status=all&room=all&ajax_filter=1',NULL,NULL,'::1','Mozilla/5.0 (Linux; Android 6.0; Nexus 5 Build/MRA58N) AppleWebKit/537.36 (KHTML, like Gecko) Chrome/144.0.0.0 Mobile Safari/537.36','localhost','2026-02-02 09:43:04.020109'),
(98,NULL,'1829900159722','90e9b5a93fc1e2676c8b0408b3032afc','62d8225434f6a1241e09f6553c',NULL,'AUDIT','request','VIEW','SUCCESS',NULL,NULL,NULL,NULL,'{\"path\":\"/room-booking-approval.php\",\"method\":\"GET\"}','GET','/room-booking-approval.php',NULL,NULL,'::1','Mozilla/5.0 (Linux; Android 6.0; Nexus 5 Build/MRA58N) AppleWebKit/537.36 (KHTML, like Gecko) Chrome/144.0.0.0 Mobile Safari/537.36','localhost','2026-02-02 09:43:06.445542'),
(99,NULL,'1829900159722','90e9b5a93fc1e2676c8b0408b3032afc','1993db2ebc3f4ad5279ad22a0e',NULL,'AUDIT','request','VIEW','SUCCESS',NULL,NULL,NULL,NULL,'{\"path\":\"/vehicle-reservation-approval.php\",\"method\":\"GET\"}','GET','/vehicle-reservation-approval.php',NULL,NULL,'::1','Mozilla/5.0 (Linux; Android 6.0; Nexus 5 Build/MRA58N) AppleWebKit/537.36 (KHTML, like Gecko) Chrome/144.0.0.0 Mobile Safari/537.36','localhost','2026-02-02 09:43:15.177801'),
(100,NULL,'1829900159722','90e9b5a93fc1e2676c8b0408b3032afc','00a2e241c2164f7409005646ad',NULL,'AUDIT','request','VIEW','SUCCESS',NULL,NULL,NULL,NULL,'{\"path\":\"/vehicle-reservation-approval.php\",\"method\":\"GET\"}','GET','/vehicle-reservation-approval.php',NULL,NULL,'::1','Mozilla/5.0 (Windows NT 10.0; Win64; x64) AppleWebKit/537.36 (KHTML, like Gecko) Chrome/144.0.0.0 Safari/537.36','localhost','2026-02-02 09:43:54.910343'),
(101,NULL,'1829900159722','90e9b5a93fc1e2676c8b0408b3032afc','557f3668d98738b9d9fc782aad',NULL,'AUDIT','request','VIEW','SUCCESS',NULL,NULL,NULL,NULL,'{\"path\":\"/room-booking-approval.php\",\"method\":\"GET\"}','GET','/room-booking-approval.php',NULL,NULL,'::1','Mozilla/5.0 (Windows NT 10.0; Win64; x64) AppleWebKit/537.36 (KHTML, like Gecko) Chrome/144.0.0.0 Safari/537.36','localhost','2026-02-02 09:44:01.265515'),
(102,NULL,'1829900159722','90e9b5a93fc1e2676c8b0408b3032afc','90e90f82d6cfc55b107843c5b3',NULL,'AUDIT','request','VIEW','SUCCESS',NULL,NULL,NULL,NULL,'{\"path\":\"/room-management.php\",\"method\":\"GET\"}','GET','/room-management.php',NULL,NULL,'::1','Mozilla/5.0 (Windows NT 10.0; Win64; x64) AppleWebKit/537.36 (KHTML, like Gecko) Chrome/144.0.0.0 Safari/537.36','localhost','2026-02-02 09:44:07.102344'),
(103,NULL,'1829900159722','90e9b5a93fc1e2676c8b0408b3032afc','4742ba0fd198839562eaa586a0',NULL,'AUDIT','request','VIEW','SUCCESS',NULL,NULL,NULL,NULL,'{\"path\":\"/room-booking-approval.php\",\"method\":\"GET\"}','GET','/room-booking-approval.php',NULL,NULL,'::1','Mozilla/5.0 (Windows NT 10.0; Win64; x64) AppleWebKit/537.36 (KHTML, like Gecko) Chrome/144.0.0.0 Safari/537.36','localhost','2026-02-02 09:44:13.074284'),
(104,NULL,'1829900159722','90e9b5a93fc1e2676c8b0408b3032afc','ebb5feba4164b053f57655c4b3',NULL,'AUDIT','request','VIEW','SUCCESS',NULL,NULL,NULL,NULL,'{\"path\":\"/room-booking-approval.php\",\"method\":\"GET\"}','GET','/room-booking-approval.php',NULL,NULL,'::1','Mozilla/5.0 (Windows NT 10.0; Win64; x64) AppleWebKit/537.36 (KHTML, like Gecko) Chrome/144.0.0.0 Safari/537.36','localhost','2026-02-02 09:48:00.553257'),
(105,NULL,'1829900159722','90e9b5a93fc1e2676c8b0408b3032afc','6e34e4e88871ee15506047a1ff',NULL,'AUDIT','request','VIEW','SUCCESS',NULL,NULL,NULL,NULL,'{\"path\":\"/room-booking-approval.php\",\"method\":\"GET\"}','GET','/room-booking-approval.php',NULL,NULL,'::1','Mozilla/5.0 (Windows NT 10.0; Win64; x64) AppleWebKit/537.36 (KHTML, like Gecko) Chrome/144.0.0.0 Safari/537.36','localhost','2026-02-02 09:55:05.756766'),
(106,NULL,'1829900159722','90e9b5a93fc1e2676c8b0408b3032afc','771ca1968a5aa9eec24340fed8',NULL,'AUDIT','request','VIEW','SUCCESS',NULL,NULL,NULL,NULL,'{\"path\":\"/room-booking-approval.php\",\"method\":\"GET\"}','GET','/room-booking-approval.php',NULL,NULL,'::1','Mozilla/5.0 (Windows NT 10.0; Win64; x64) AppleWebKit/537.36 (KHTML, like Gecko) Chrome/144.0.0.0 Safari/537.36','localhost','2026-02-02 09:56:09.178643'),
(107,NULL,'1829900159722','90e9b5a93fc1e2676c8b0408b3032afc','4faddb2782c6879a6bfd9cd1d1',NULL,'AUDIT','request','VIEW','SUCCESS',NULL,NULL,NULL,NULL,'{\"path\":\"/room-booking-approval.php\",\"method\":\"GET\"}','GET','/room-booking-approval.php',NULL,NULL,'::1','Mozilla/5.0 (Linux; Android 6.0; Nexus 5 Build/MRA58N) AppleWebKit/537.36 (KHTML, like Gecko) Chrome/144.0.0.0 Mobile Safari/537.36','localhost','2026-02-02 09:58:15.369127'),
(108,NULL,'1829900159722','90e9b5a93fc1e2676c8b0408b3032afc','6d82c5f9c3dd4402c41689a5fc',NULL,'AUDIT','request','VIEW','SUCCESS',NULL,NULL,NULL,NULL,'{\"path\":\"/room-booking-approval.php\",\"method\":\"GET\"}','GET','/room-booking-approval.php',NULL,NULL,'::1','Mozilla/5.0 (Linux; Android 6.0; Nexus 5 Build/MRA58N) AppleWebKit/537.36 (KHTML, like Gecko) Chrome/144.0.0.0 Mobile Safari/537.36','localhost','2026-02-02 10:02:33.850228'),
(109,NULL,'1829900159722','90e9b5a93fc1e2676c8b0408b3032afc','ad1a486b1cc8376dfbf4ebe535',NULL,'AUDIT','request','VIEW','SUCCESS',NULL,NULL,NULL,NULL,'{\"path\":\"/room-booking-approval.php?q=&status=all&status=all&ajax_filter=1\",\"method\":\"GET\"}','GET','/room-booking-approval.php?q=&status=all&status=all&ajax_filter=1',NULL,NULL,'::1','Mozilla/5.0 (Linux; Android 6.0; Nexus 5 Build/MRA58N) AppleWebKit/537.36 (KHTML, like Gecko) Chrome/144.0.0.0 Mobile Safari/537.36','localhost','2026-02-02 10:02:45.417694'),
(110,NULL,'1829900159722','90e9b5a93fc1e2676c8b0408b3032afc','1ecfad70a3c1de61ba3265152f',NULL,'AUDIT','request','VIEW','SUCCESS',NULL,NULL,NULL,NULL,'{\"path\":\"/room-booking-approval.php?q=&status=all&status=all\",\"method\":\"GET\"}','GET','/room-booking-approval.php?q=&status=all&status=all',NULL,NULL,'::1','Mozilla/5.0 (Linux; Android 6.0; Nexus 5 Build/MRA58N) AppleWebKit/537.36 (KHTML, like Gecko) Chrome/144.0.0.0 Mobile Safari/537.36','localhost','2026-02-02 10:02:47.218702'),
(111,NULL,'1829900159722','90e9b5a93fc1e2676c8b0408b3032afc','c71dbfccb070eb018e7a722d9a',NULL,'AUDIT','request','VIEW','SUCCESS',NULL,NULL,NULL,NULL,'{\"path\":\"/room-booking-approval.php?q=&status=all&status=all\",\"method\":\"GET\"}','GET','/room-booking-approval.php?q=&status=all&status=all',NULL,NULL,'::1','Mozilla/5.0 (Linux; Android 6.0; Nexus 5 Build/MRA58N) AppleWebKit/537.36 (KHTML, like Gecko) Chrome/144.0.0.0 Mobile Safari/537.36','localhost','2026-02-02 10:03:46.665514'),
(112,NULL,'1829900159722','90e9b5a93fc1e2676c8b0408b3032afc','b1f41e1f272412a9d072b7820a',NULL,'AUDIT','request','VIEW','SUCCESS',NULL,NULL,NULL,NULL,'{\"path\":\"/room-booking-approval.php?q=&status=all&status=all\",\"method\":\"GET\"}','GET','/room-booking-approval.php?q=&status=all&status=all',NULL,NULL,'::1','Mozilla/5.0 (Linux; Android 6.0; Nexus 5 Build/MRA58N) AppleWebKit/537.36 (KHTML, like Gecko) Chrome/144.0.0.0 Mobile Safari/537.36','localhost','2026-02-02 10:06:11.134980'),
(113,NULL,'1829900159722','90e9b5a93fc1e2676c8b0408b3032afc','06abffb85194a64e30746f8086',NULL,'AUDIT','request','VIEW','SUCCESS',NULL,NULL,NULL,NULL,'{\"path\":\"/room-booking-approval.php?q=&status=all&status=all\",\"method\":\"GET\"}','GET','/room-booking-approval.php?q=&status=all&status=all',NULL,NULL,'::1','Mozilla/5.0 (Linux; Android 6.0; Nexus 5 Build/MRA58N) AppleWebKit/537.36 (KHTML, like Gecko) Chrome/144.0.0.0 Mobile Safari/537.36','localhost','2026-02-02 10:06:17.602296'),
(114,NULL,'1829900159722','90e9b5a93fc1e2676c8b0408b3032afc','163127b105a1d63f9bacf36ce5',NULL,'AUDIT','request','VIEW','SUCCESS',NULL,NULL,NULL,NULL,'{\"path\":\"/room-booking-approval.php?q=&status=all&status=all\",\"method\":\"GET\"}','GET','/room-booking-approval.php?q=&status=all&status=all',NULL,NULL,'::1','Mozilla/5.0 (Linux; Android 6.0; Nexus 5 Build/MRA58N) AppleWebKit/537.36 (KHTML, like Gecko) Chrome/144.0.0.0 Mobile Safari/537.36','localhost','2026-02-02 10:07:35.653908'),
(115,NULL,'1829900159722','90e9b5a93fc1e2676c8b0408b3032afc','63aff878a8126d11dfc8db2331',NULL,'AUDIT','request','VIEW','SUCCESS',NULL,NULL,NULL,NULL,'{\"path\":\"/room-booking-approval.php\",\"method\":\"GET\"}','GET','/room-booking-approval.php',NULL,NULL,'::1','Mozilla/5.0 (Linux; Android 6.0; Nexus 5 Build/MRA58N) AppleWebKit/537.36 (KHTML, like Gecko) Chrome/144.0.0.0 Mobile Safari/537.36','localhost','2026-02-02 10:07:45.714043'),
(116,NULL,'1829900159722','90e9b5a93fc1e2676c8b0408b3032afc','036fa5f755c905d43f7539ab37',NULL,'AUDIT','request','VIEW','SUCCESS',NULL,NULL,NULL,NULL,'{\"path\":\"/room-booking-approval.php\",\"method\":\"GET\"}','GET','/room-booking-approval.php',NULL,NULL,'::1','Mozilla/5.0 (Linux; Android 6.0; Nexus 5 Build/MRA58N) AppleWebKit/537.36 (KHTML, like Gecko) Chrome/144.0.0.0 Mobile Safari/537.36','localhost','2026-02-02 10:08:54.478905'),
(117,NULL,'1829900159722','90e9b5a93fc1e2676c8b0408b3032afc','44722f6410efda8c380947bfb1',NULL,'AUDIT','request','VIEW','SUCCESS',NULL,NULL,NULL,NULL,'{\"path\":\"/room-booking-approval.php\",\"method\":\"GET\"}','GET','/room-booking-approval.php',NULL,NULL,'::1','Mozilla/5.0 (Linux; Android 6.0; Nexus 5 Build/MRA58N) AppleWebKit/537.36 (KHTML, like Gecko) Chrome/144.0.0.0 Mobile Safari/537.36','localhost','2026-02-02 10:08:59.084881'),
(118,NULL,'1829900159722','90e9b5a93fc1e2676c8b0408b3032afc','22993b5a631df8bf13623ad132',NULL,'AUDIT','request','VIEW','SUCCESS',NULL,NULL,NULL,NULL,'{\"path\":\"/room-booking-approval.php\",\"method\":\"GET\"}','GET','/room-booking-approval.php',NULL,NULL,'::1','Mozilla/5.0 (Linux; Android 6.0; Nexus 5 Build/MRA58N) AppleWebKit/537.36 (KHTML, like Gecko) Chrome/144.0.0.0 Mobile Safari/537.36','localhost','2026-02-02 10:09:41.708161'),
(119,NULL,'1829900159722','90e9b5a93fc1e2676c8b0408b3032afc','5bac4b8ee5169fcf85bc5ec562',NULL,'AUDIT','request','VIEW','SUCCESS',NULL,NULL,NULL,NULL,'{\"path\":\"/room-booking-approval.php\",\"method\":\"GET\"}','GET','/room-booking-approval.php',NULL,NULL,'::1','Mozilla/5.0 (Linux; Android 6.0; Nexus 5 Build/MRA58N) AppleWebKit/537.36 (KHTML, like Gecko) Chrome/144.0.0.0 Mobile Safari/537.36','localhost','2026-02-02 10:10:11.683539'),
(120,NULL,'1829900159722','90e9b5a93fc1e2676c8b0408b3032afc','6bc254096316e6de92f0fa72a9',NULL,'AUDIT','request','VIEW','SUCCESS',NULL,NULL,NULL,NULL,'{\"path\":\"/room-booking-approval.php\",\"method\":\"GET\"}','GET','/room-booking-approval.php',NULL,NULL,'::1','Mozilla/5.0 (Linux; Android 6.0; Nexus 5 Build/MRA58N) AppleWebKit/537.36 (KHTML, like Gecko) Chrome/144.0.0.0 Mobile Safari/537.36','localhost','2026-02-02 10:10:44.653299'),
(121,NULL,'1829900159722','90e9b5a93fc1e2676c8b0408b3032afc','64a91947ddcbdc2b4d8dd84795',NULL,'AUDIT','request','VIEW','SUCCESS',NULL,NULL,NULL,NULL,'{\"path\":\"/room-booking-approval.php\",\"method\":\"GET\"}','GET','/room-booking-approval.php',NULL,NULL,'::1','Mozilla/5.0 (Linux; Android 6.0; Nexus 5 Build/MRA58N) AppleWebKit/537.36 (KHTML, like Gecko) Chrome/144.0.0.0 Mobile Safari/537.36','localhost','2026-02-02 10:13:31.743310'),
(122,NULL,'1829900159722','90e9b5a93fc1e2676c8b0408b3032afc','844c29cebcb45bdc95d22dc202',NULL,'AUDIT','request','VIEW','SUCCESS',NULL,NULL,NULL,NULL,'{\"path\":\"/room-booking-approval.php\",\"method\":\"GET\"}','GET','/room-booking-approval.php',NULL,NULL,'::1','Mozilla/5.0 (Linux; Android 6.0; Nexus 5 Build/MRA58N) AppleWebKit/537.36 (KHTML, like Gecko) Chrome/144.0.0.0 Mobile Safari/537.36','localhost','2026-02-02 10:15:59.211375'),
(123,NULL,'1829900159722','90e9b5a93fc1e2676c8b0408b3032afc','32403f278db9ed0924fcaea74d',NULL,'AUDIT','request','VIEW','SUCCESS',NULL,NULL,NULL,NULL,'{\"path\":\"/room-booking-approval.php\",\"method\":\"GET\"}','GET','/room-booking-approval.php',NULL,NULL,'::1','Mozilla/5.0 (Windows NT 10.0; Win64; x64) AppleWebKit/537.36 (KHTML, like Gecko) Chrome/144.0.0.0 Safari/537.36','localhost','2026-02-02 10:18:15.766121'),
(124,NULL,'1829900159722','90e9b5a93fc1e2676c8b0408b3032afc','df82d1368a00e019f3f8926e76',NULL,'AUDIT','request','VIEW','SUCCESS',NULL,NULL,NULL,NULL,'{\"path\":\"/room-booking-approval.php?q=&status=all&status=all&ajax_filter=1\",\"method\":\"GET\"}','GET','/room-booking-approval.php?q=&status=all&status=all&ajax_filter=1',NULL,NULL,'::1','Mozilla/5.0 (Windows NT 10.0; Win64; x64) AppleWebKit/537.36 (KHTML, like Gecko) Chrome/144.0.0.0 Safari/537.36','localhost','2026-02-02 10:18:33.620363'),
(125,NULL,'1829900159722','90e9b5a93fc1e2676c8b0408b3032afc','9b5c33108ec6d1dda14895f290',NULL,'AUDIT','request','VIEW','SUCCESS',NULL,NULL,NULL,NULL,'{\"path\":\"/room-booking-approval.php?q=&status=all&status=all\",\"method\":\"GET\"}','GET','/room-booking-approval.php?q=&status=all&status=all',NULL,NULL,'::1','Mozilla/5.0 (Windows NT 10.0; Win64; x64) AppleWebKit/537.36 (KHTML, like Gecko) Chrome/144.0.0.0 Safari/537.36','localhost','2026-02-02 10:18:33.868680'),
(126,NULL,'1829900159722','90e9b5a93fc1e2676c8b0408b3032afc','7d3a6adc6f3d21d57f8bf070ae',NULL,'AUDIT','request','VIEW','SUCCESS',NULL,NULL,NULL,NULL,'{\"path\":\"/room-booking-approval.php?q=&status=all&status=all\",\"method\":\"GET\"}','GET','/room-booking-approval.php?q=&status=all&status=all',NULL,NULL,'::1','Mozilla/5.0 (Windows NT 10.0; Win64; x64) AppleWebKit/537.36 (KHTML, like Gecko) Chrome/144.0.0.0 Safari/537.36','localhost','2026-02-02 10:18:42.887507'),
(127,NULL,'1829900159722','90e9b5a93fc1e2676c8b0408b3032afc','d92075adbebf70bf399cea4017',NULL,'AUDIT','request','VIEW','SUCCESS',NULL,NULL,NULL,NULL,'{\"path\":\"/room-booking-approval.php?q=&status=all&status=all\",\"method\":\"GET\"}','GET','/room-booking-approval.php?q=&status=all&status=all',NULL,NULL,'::1','Mozilla/5.0 (Windows NT 10.0; Win64; x64) AppleWebKit/537.36 (KHTML, like Gecko) Chrome/144.0.0.0 Safari/537.36','localhost','2026-02-02 10:19:37.977687'),
(128,NULL,'1829900159722','90e9b5a93fc1e2676c8b0408b3032afc','db115539449c2d0dcf762299b0',NULL,'AUDIT','request','VIEW','SUCCESS',NULL,NULL,NULL,NULL,'{\"path\":\"/room-booking-approval.php?q=&status=all&status=all\",\"method\":\"GET\"}','GET','/room-booking-approval.php?q=&status=all&status=all',NULL,NULL,'::1','Mozilla/5.0 (Windows NT 10.0; Win64; x64) AppleWebKit/537.36 (KHTML, like Gecko) Chrome/144.0.0.0 Safari/537.36','localhost','2026-02-02 10:20:27.853871'),
(129,NULL,'1829900159722','90e9b5a93fc1e2676c8b0408b3032afc','e075e7c64f3583934102b11200',NULL,'AUDIT','request','VIEW','SUCCESS',NULL,NULL,NULL,NULL,'{\"path\":\"/room-booking-approval.php?q=&status=all&status=all\",\"method\":\"GET\"}','GET','/room-booking-approval.php?q=&status=all&status=all',NULL,NULL,'::1','Mozilla/5.0 (Linux; Android 6.0; Nexus 5 Build/MRA58N) AppleWebKit/537.36 (KHTML, like Gecko) Chrome/144.0.0.0 Mobile Safari/537.36','localhost','2026-02-02 10:20:44.697585'),
(130,NULL,'1829900159722','90e9b5a93fc1e2676c8b0408b3032afc','607b5c1fbc5dbecb5c8fb3aeee',NULL,'AUDIT','request','VIEW','SUCCESS',NULL,NULL,NULL,NULL,'{\"path\":\"/room-booking-approval.php?q=&status=all&status=all\",\"method\":\"GET\"}','GET','/room-booking-approval.php?q=&status=all&status=all',NULL,NULL,'::1','Mozilla/5.0 (Linux; Android 6.0; Nexus 5 Build/MRA58N) AppleWebKit/537.36 (KHTML, like Gecko) Chrome/144.0.0.0 Mobile Safari/537.36','localhost','2026-02-02 10:21:14.875119'),
(131,NULL,'1829900159722','90e9b5a93fc1e2676c8b0408b3032afc','d579fb62862a5e3290c76f25b9',NULL,'AUDIT','request','VIEW','SUCCESS',NULL,NULL,NULL,NULL,'{\"path\":\"/room-booking-approval.php?q=&status=all&status=all\",\"method\":\"GET\"}','GET','/room-booking-approval.php?q=&status=all&status=all',NULL,NULL,'::1','Mozilla/5.0 (Linux; Android 6.0; Nexus 5 Build/MRA58N) AppleWebKit/537.36 (KHTML, like Gecko) Chrome/144.0.0.0 Mobile Safari/537.36','localhost','2026-02-02 10:23:36.063426'),
(132,NULL,'1829900159722','90e9b5a93fc1e2676c8b0408b3032afc','9f78ecfe94555ebcffcb65f756',NULL,'AUDIT','request','VIEW','SUCCESS',NULL,NULL,NULL,NULL,'{\"path\":\"/room-booking-approval.php?q=&status=all&status=all\",\"method\":\"GET\"}','GET','/room-booking-approval.php?q=&status=all&status=all',NULL,NULL,'::1','Mozilla/5.0 (Linux; Android 6.0; Nexus 5 Build/MRA58N) AppleWebKit/537.36 (KHTML, like Gecko) Chrome/144.0.0.0 Mobile Safari/537.36','localhost','2026-02-02 10:30:27.306591'),
(133,NULL,'1829900159722','90e9b5a93fc1e2676c8b0408b3032afc','119f414b01502a057065ea72cc',NULL,'AUDIT','request','VIEW','SUCCESS',NULL,NULL,NULL,NULL,'{\"path\":\"/room-booking-approval.php?q=&status=all&status=all\",\"method\":\"GET\"}','GET','/room-booking-approval.php?q=&status=all&status=all',NULL,NULL,'::1','Mozilla/5.0 (Linux; Android 6.0; Nexus 5 Build/MRA58N) AppleWebKit/537.36 (KHTML, like Gecko) Chrome/144.0.0.0 Mobile Safari/537.36','localhost','2026-02-02 10:33:46.961400'),
(134,NULL,'1829900159722','90e9b5a93fc1e2676c8b0408b3032afc','a5aced06cc42205229ad398292',NULL,'AUDIT','request','VIEW','SUCCESS',NULL,NULL,NULL,NULL,'{\"path\":\"/room-booking-approval.php?q=&status=all&status=all\",\"method\":\"GET\"}','GET','/room-booking-approval.php?q=&status=all&status=all',NULL,NULL,'::1','Mozilla/5.0 (Linux; Android 6.0; Nexus 5 Build/MRA58N) AppleWebKit/537.36 (KHTML, like Gecko) Chrome/144.0.0.0 Mobile Safari/537.36','localhost','2026-02-02 10:35:51.063113'),
(135,NULL,'1829900159722','90e9b5a93fc1e2676c8b0408b3032afc','99e929ebcaae6f1e62c7976a9a',NULL,'AUDIT','request','VIEW','SUCCESS',NULL,NULL,NULL,NULL,'{\"path\":\"/room-booking-approval.php?q=&status=all&status=all\",\"method\":\"GET\"}','GET','/room-booking-approval.php?q=&status=all&status=all',NULL,NULL,'::1','Mozilla/5.0 (Linux; Android 6.0; Nexus 5 Build/MRA58N) AppleWebKit/537.36 (KHTML, like Gecko) Chrome/144.0.0.0 Mobile Safari/537.36','localhost','2026-02-02 10:36:24.644495'),
(136,NULL,'1829900159722','90e9b5a93fc1e2676c8b0408b3032afc','659dfd6facd9bd21dc2e321449',NULL,'AUDIT','request','VIEW','SUCCESS',NULL,NULL,NULL,NULL,'{\"path\":\"/room-booking-approval.php?q=&status=all&status=all\",\"method\":\"GET\"}','GET','/room-booking-approval.php?q=&status=all&status=all',NULL,NULL,'::1','Mozilla/5.0 (Linux; Android 6.0; Nexus 5 Build/MRA58N) AppleWebKit/537.36 (KHTML, like Gecko) Chrome/144.0.0.0 Mobile Safari/537.36','localhost','2026-02-02 10:36:37.144199'),
(137,NULL,'1829900159722','90e9b5a93fc1e2676c8b0408b3032afc','4e804783308186c4cde5fa2417',NULL,'AUDIT','request','VIEW','SUCCESS',NULL,NULL,NULL,NULL,'{\"path\":\"/room-booking-approval.php?q=&status=all&status=all\",\"method\":\"GET\"}','GET','/room-booking-approval.php?q=&status=all&status=all',NULL,NULL,'::1','Mozilla/5.0 (Linux; Android 6.0; Nexus 5 Build/MRA58N) AppleWebKit/537.36 (KHTML, like Gecko) Chrome/144.0.0.0 Mobile Safari/537.36','localhost','2026-02-02 10:49:49.839063'),
(138,NULL,'1829900159722','90e9b5a93fc1e2676c8b0408b3032afc','99e4ac9b54dd811ae6f3c44d79',NULL,'AUDIT','request','VIEW','SUCCESS',NULL,NULL,NULL,NULL,'{\"path\":\"/room-booking-approval.php?q=&status=all&status=all\",\"method\":\"GET\"}','GET','/room-booking-approval.php?q=&status=all&status=all',NULL,NULL,'::1','Mozilla/5.0 (Linux; Android 6.0; Nexus 5 Build/MRA58N) AppleWebKit/537.36 (KHTML, like Gecko) Chrome/144.0.0.0 Mobile Safari/537.36','localhost','2026-02-02 10:51:33.408276'),
(139,NULL,'1829900159722','90e9b5a93fc1e2676c8b0408b3032afc','86574bebf768e4cf6aa52691fd',NULL,'AUDIT','request','VIEW','SUCCESS',NULL,NULL,NULL,NULL,'{\"path\":\"/room-booking-approval.php?q=&status=all&status=all\",\"method\":\"GET\"}','GET','/room-booking-approval.php?q=&status=all&status=all',NULL,NULL,'::1','Mozilla/5.0 (Linux; Android 6.0; Nexus 5 Build/MRA58N) AppleWebKit/537.36 (KHTML, like Gecko) Chrome/144.0.0.0 Mobile Safari/537.36','localhost','2026-02-02 10:51:42.821490'),
(140,NULL,'1829900159722','90e9b5a93fc1e2676c8b0408b3032afc','941352a730eb0050d813eb101d',NULL,'AUDIT','request','VIEW','SUCCESS',NULL,NULL,NULL,NULL,'{\"path\":\"/room-booking-approval.php?q=&status=all&status=all\",\"method\":\"GET\"}','GET','/room-booking-approval.php?q=&status=all&status=all',NULL,NULL,'::1','Mozilla/5.0 (Linux; Android 6.0; Nexus 5 Build/MRA58N) AppleWebKit/537.36 (KHTML, like Gecko) Chrome/144.0.0.0 Mobile Safari/537.36','localhost','2026-02-02 10:52:46.363488'),
(141,NULL,'1829900159722','90e9b5a93fc1e2676c8b0408b3032afc','2bbc9e65144380d55048c52ddc',NULL,'AUDIT','request','VIEW','SUCCESS',NULL,NULL,NULL,NULL,'{\"path\":\"/room-booking-approval.php?q=&status=all&status=all\",\"method\":\"GET\"}','GET','/room-booking-approval.php?q=&status=all&status=all',NULL,NULL,'::1','Mozilla/5.0 (Linux; Android 6.0; Nexus 5 Build/MRA58N) AppleWebKit/537.36 (KHTML, like Gecko) Chrome/144.0.0.0 Mobile Safari/537.36','localhost','2026-02-02 10:53:26.601154'),
(142,NULL,'1829900159722','90e9b5a93fc1e2676c8b0408b3032afc','e9be3d19febafe189880aad9ce',NULL,'AUDIT','request','VIEW','SUCCESS',NULL,NULL,NULL,NULL,'{\"path\":\"/room-booking-approval.php?q=&status=all&status=all\",\"method\":\"GET\"}','GET','/room-booking-approval.php?q=&status=all&status=all',NULL,NULL,'::1','Mozilla/5.0 (Linux; Android 6.0; Nexus 5 Build/MRA58N) AppleWebKit/537.36 (KHTML, like Gecko) Chrome/144.0.0.0 Mobile Safari/537.36','localhost','2026-02-02 10:54:12.918921'),
(143,NULL,'1829900159722','90e9b5a93fc1e2676c8b0408b3032afc','d530e079f4beb5ec1728d7bfbf',NULL,'AUDIT','request','VIEW','SUCCESS',NULL,NULL,NULL,NULL,'{\"path\":\"/room-booking-approval.php?q=&status=all&status=all\",\"method\":\"GET\"}','GET','/room-booking-approval.php?q=&status=all&status=all',NULL,NULL,'::1','Mozilla/5.0 (Linux; Android 6.0; Nexus 5 Build/MRA58N) AppleWebKit/537.36 (KHTML, like Gecko) Chrome/144.0.0.0 Mobile Safari/537.36','localhost','2026-02-02 10:54:51.709210'),
(144,NULL,'1829900159722','90e9b5a93fc1e2676c8b0408b3032afc','cd282dd8b49e39e9bd63673c17',NULL,'AUDIT','request','VIEW','SUCCESS',NULL,NULL,NULL,NULL,'{\"path\":\"/room-booking-approval.php?q=&status=all&status=all\",\"method\":\"GET\"}','GET','/room-booking-approval.php?q=&status=all&status=all',NULL,NULL,'::1','Mozilla/5.0 (Linux; Android 6.0; Nexus 5 Build/MRA58N) AppleWebKit/537.36 (KHTML, like Gecko) Chrome/144.0.0.0 Mobile Safari/537.36','localhost','2026-02-02 10:55:57.941095'),
(145,NULL,'1829900159722','90e9b5a93fc1e2676c8b0408b3032afc','e7befd6f332f08e4bf1e4028ab',NULL,'AUDIT','request','VIEW','SUCCESS',NULL,NULL,NULL,NULL,'{\"path\":\"/room-booking-approval.php?q=&status=all&status=all\",\"method\":\"GET\"}','GET','/room-booking-approval.php?q=&status=all&status=all',NULL,NULL,'::1','Mozilla/5.0 (Linux; Android 6.0; Nexus 5 Build/MRA58N) AppleWebKit/537.36 (KHTML, like Gecko) Chrome/144.0.0.0 Mobile Safari/537.36','localhost','2026-02-02 10:56:17.736496'),
(146,NULL,'1829900159722','90e9b5a93fc1e2676c8b0408b3032afc','c3b64e9835042105c1974a1a1d',NULL,'AUDIT','request','VIEW','SUCCESS',NULL,NULL,NULL,NULL,'{\"path\":\"/room-booking-approval.php?q=&status=all&status=all\",\"method\":\"GET\"}','GET','/room-booking-approval.php?q=&status=all&status=all',NULL,NULL,'::1','Mozilla/5.0 (Linux; Android 6.0; Nexus 5 Build/MRA58N) AppleWebKit/537.36 (KHTML, like Gecko) Chrome/144.0.0.0 Mobile Safari/537.36','localhost','2026-02-02 10:58:56.169117'),
(147,NULL,'1829900159722','90e9b5a93fc1e2676c8b0408b3032afc','a3aa99ce0b72f707bcde19c61a',NULL,'AUDIT','request','VIEW','SUCCESS',NULL,NULL,NULL,NULL,'{\"path\":\"/room-booking-approval.php?q=&status=all&status=all\",\"method\":\"GET\"}','GET','/room-booking-approval.php?q=&status=all&status=all',NULL,NULL,'::1','Mozilla/5.0 (Linux; Android 6.0; Nexus 5 Build/MRA58N) AppleWebKit/537.36 (KHTML, like Gecko) Chrome/144.0.0.0 Mobile Safari/537.36','localhost','2026-02-02 11:00:19.085103'),
(148,NULL,'1829900159722','90e9b5a93fc1e2676c8b0408b3032afc','304f5a73f09c6b6fc12f927e68',NULL,'AUDIT','request','VIEW','SUCCESS',NULL,NULL,NULL,NULL,'{\"path\":\"/room-booking-approval.php?q=&status=all&status=all\",\"method\":\"GET\"}','GET','/room-booking-approval.php?q=&status=all&status=all',NULL,NULL,'::1','Mozilla/5.0 (Linux; Android 6.0; Nexus 5 Build/MRA58N) AppleWebKit/537.36 (KHTML, like Gecko) Chrome/144.0.0.0 Mobile Safari/537.36','localhost','2026-02-02 11:01:01.981704'),
(149,NULL,'1829900159722','90e9b5a93fc1e2676c8b0408b3032afc','0479dfa1cd95c991920c1e62ec',NULL,'AUDIT','request','VIEW','SUCCESS',NULL,NULL,NULL,NULL,'{\"path\":\"/room-booking-approval.php?q=&status=all&status=all\",\"method\":\"GET\"}','GET','/room-booking-approval.php?q=&status=all&status=all',NULL,NULL,'::1','Mozilla/5.0 (Linux; Android 6.0; Nexus 5 Build/MRA58N) AppleWebKit/537.36 (KHTML, like Gecko) Chrome/144.0.0.0 Mobile Safari/537.36','localhost','2026-02-02 11:01:40.461287'),
(150,NULL,'1829900159722','90e9b5a93fc1e2676c8b0408b3032afc','79660f41990536831035033514',NULL,'AUDIT','request','VIEW','SUCCESS',NULL,NULL,NULL,NULL,'{\"path\":\"/room-booking-approval.php?q=&status=all&status=all\",\"method\":\"GET\"}','GET','/room-booking-approval.php?q=&status=all&status=all',NULL,NULL,'::1','Mozilla/5.0 (Linux; Android 6.0; Nexus 5 Build/MRA58N) AppleWebKit/537.36 (KHTML, like Gecko) Chrome/144.0.0.0 Mobile Safari/537.36','localhost','2026-02-02 11:03:07.804513'),
(151,NULL,'1829900159722','90e9b5a93fc1e2676c8b0408b3032afc','e4a09891e2f99078746ad78d4a',NULL,'AUDIT','request','VIEW','SUCCESS',NULL,NULL,NULL,NULL,'{\"path\":\"/room-booking-approval.php?q=&status=all&status=all\",\"method\":\"GET\"}','GET','/room-booking-approval.php?q=&status=all&status=all',NULL,NULL,'::1','Mozilla/5.0 (Linux; Android 6.0; Nexus 5 Build/MRA58N) AppleWebKit/537.36 (KHTML, like Gecko) Chrome/144.0.0.0 Mobile Safari/537.36','localhost','2026-02-02 11:03:40.647669'),
(152,NULL,'1829900159722','90e9b5a93fc1e2676c8b0408b3032afc','91a4f00dd410f5841430de6542',NULL,'AUDIT','request','VIEW','SUCCESS',NULL,NULL,NULL,NULL,'{\"path\":\"/room-booking-approval.php?q=&status=all&status=all\",\"method\":\"GET\"}','GET','/room-booking-approval.php?q=&status=all&status=all',NULL,NULL,'::1','Mozilla/5.0 (Linux; Android 6.0; Nexus 5 Build/MRA58N) AppleWebKit/537.36 (KHTML, like Gecko) Chrome/144.0.0.0 Mobile Safari/537.36','localhost','2026-02-02 11:03:51.609647'),
(153,NULL,'1829900159722','90e9b5a93fc1e2676c8b0408b3032afc','de78f1f8ad1df1ba37dd6af557',NULL,'AUDIT','request','VIEW','SUCCESS',NULL,NULL,NULL,NULL,'{\"path\":\"/room-booking-approval.php?q=&status=all&status=all\",\"method\":\"GET\"}','GET','/room-booking-approval.php?q=&status=all&status=all',NULL,NULL,'::1','Mozilla/5.0 (Linux; Android 6.0; Nexus 5 Build/MRA58N) AppleWebKit/537.36 (KHTML, like Gecko) Chrome/144.0.0.0 Mobile Safari/537.36','localhost','2026-02-02 11:04:07.389832'),
(154,NULL,'1829900159722','90e9b5a93fc1e2676c8b0408b3032afc','75dcff1acad19d45c80f1cac87',NULL,'AUDIT','request','VIEW','SUCCESS',NULL,NULL,NULL,NULL,'{\"path\":\"/room-booking-approval.php?q=&status=all&status=all\",\"method\":\"GET\"}','GET','/room-booking-approval.php?q=&status=all&status=all',NULL,NULL,'::1','Mozilla/5.0 (Linux; Android 6.0; Nexus 5 Build/MRA58N) AppleWebKit/537.36 (KHTML, like Gecko) Chrome/144.0.0.0 Mobile Safari/537.36','localhost','2026-02-02 11:05:33.342947'),
(155,NULL,'1829900159722','90e9b5a93fc1e2676c8b0408b3032afc','cdf1bb58790fbce9b595b28039',NULL,'AUDIT','request','VIEW','SUCCESS',NULL,NULL,NULL,NULL,'{\"path\":\"/room-booking-approval.php?q=&status=all&status=all\",\"method\":\"GET\"}','GET','/room-booking-approval.php?q=&status=all&status=all',NULL,NULL,'::1','Mozilla/5.0 (Linux; Android 6.0; Nexus 5 Build/MRA58N) AppleWebKit/537.36 (KHTML, like Gecko) Chrome/144.0.0.0 Mobile Safari/537.36','localhost','2026-02-02 11:05:55.691265'),
(156,NULL,'1829900159722','90e9b5a93fc1e2676c8b0408b3032afc','31a260bad96de03de0c778654b',NULL,'AUDIT','request','VIEW','SUCCESS',NULL,NULL,NULL,NULL,'{\"path\":\"/room-booking-approval.php?q=&status=all&status=all\",\"method\":\"GET\"}','GET','/room-booking-approval.php?q=&status=all&status=all',NULL,NULL,'::1','Mozilla/5.0 (Linux; Android 6.0; Nexus 5 Build/MRA58N) AppleWebKit/537.36 (KHTML, like Gecko) Chrome/144.0.0.0 Mobile Safari/537.36','localhost','2026-02-02 11:07:06.884520'),
(157,NULL,'1829900159722','90e9b5a93fc1e2676c8b0408b3032afc','1fb04f9a9b96eeefb9faf844e2',NULL,'AUDIT','request','VIEW','SUCCESS',NULL,NULL,NULL,NULL,'{\"path\":\"/room-booking-approval.php?q=&status=all&status=all\",\"method\":\"GET\"}','GET','/room-booking-approval.php?q=&status=all&status=all',NULL,NULL,'::1','Mozilla/5.0 (Linux; Android 6.0; Nexus 5 Build/MRA58N) AppleWebKit/537.36 (KHTML, like Gecko) Chrome/144.0.0.0 Mobile Safari/537.36','localhost','2026-02-02 11:07:37.064474'),
(158,NULL,'1829900159722','90e9b5a93fc1e2676c8b0408b3032afc','ca1220c1764d150c932502b451',NULL,'AUDIT','request','VIEW','SUCCESS',NULL,NULL,NULL,NULL,'{\"path\":\"/room-booking-approval.php?q=&status=all&status=all\",\"method\":\"GET\"}','GET','/room-booking-approval.php?q=&status=all&status=all',NULL,NULL,'::1','Mozilla/5.0 (Linux; Android 6.0; Nexus 5 Build/MRA58N) AppleWebKit/537.36 (KHTML, like Gecko) Chrome/144.0.0.0 Mobile Safari/537.36','localhost','2026-02-02 11:07:59.433085'),
(159,NULL,'1829900159722','90e9b5a93fc1e2676c8b0408b3032afc','e3ba6461fc54e86b065119f7de',NULL,'AUDIT','request','VIEW','SUCCESS',NULL,NULL,NULL,NULL,'{\"path\":\"/room-booking-approval.php?q=&status=all&status=all\",\"method\":\"GET\"}','GET','/room-booking-approval.php?q=&status=all&status=all',NULL,NULL,'::1','Mozilla/5.0 (Linux; Android 6.0; Nexus 5 Build/MRA58N) AppleWebKit/537.36 (KHTML, like Gecko) Chrome/144.0.0.0 Mobile Safari/537.36','localhost','2026-02-02 11:09:06.971569'),
(160,NULL,'1829900159722','90e9b5a93fc1e2676c8b0408b3032afc','b1c350be9b921d02be3b2c4143',NULL,'AUDIT','request','VIEW','SUCCESS',NULL,NULL,NULL,NULL,'{\"path\":\"/room-booking-approval.php?q=&status=all&status=all\",\"method\":\"GET\"}','GET','/room-booking-approval.php?q=&status=all&status=all',NULL,NULL,'::1','Mozilla/5.0 (Linux; Android 6.0; Nexus 5 Build/MRA58N) AppleWebKit/537.36 (KHTML, like Gecko) Chrome/144.0.0.0 Mobile Safari/537.36','localhost','2026-02-02 11:10:08.637422'),
(161,NULL,'1829900159722','90e9b5a93fc1e2676c8b0408b3032afc','a7ab3f98f49ddceac4a705799e',NULL,'AUDIT','request','VIEW','SUCCESS',NULL,NULL,NULL,NULL,'{\"path\":\"/room-booking-approval.php?q=&status=all&status=all\",\"method\":\"GET\"}','GET','/room-booking-approval.php?q=&status=all&status=all',NULL,NULL,'::1','Mozilla/5.0 (Linux; Android 6.0; Nexus 5 Build/MRA58N) AppleWebKit/537.36 (KHTML, like Gecko) Chrome/144.0.0.0 Mobile Safari/537.36','localhost','2026-02-02 11:10:30.444908'),
(162,NULL,'1829900159722','90e9b5a93fc1e2676c8b0408b3032afc','c5a4a7fd399f0290926d9d4958',NULL,'AUDIT','request','VIEW','SUCCESS',NULL,NULL,NULL,NULL,'{\"path\":\"/room-booking-approval.php?q=&status=all&status=all\",\"method\":\"GET\"}','GET','/room-booking-approval.php?q=&status=all&status=all',NULL,NULL,'::1','Mozilla/5.0 (Linux; Android 6.0; Nexus 5 Build/MRA58N) AppleWebKit/537.36 (KHTML, like Gecko) Chrome/144.0.0.0 Mobile Safari/537.36','localhost','2026-02-02 11:11:15.389378'),
(163,NULL,'1829900159722','90e9b5a93fc1e2676c8b0408b3032afc','126ba303103d0bb9a8d2e8e078',NULL,'AUDIT','request','VIEW','SUCCESS',NULL,NULL,NULL,NULL,'{\"path\":\"/room-booking-approval.php?q=&status=all&status=all\",\"method\":\"GET\"}','GET','/room-booking-approval.php?q=&status=all&status=all',NULL,NULL,'::1','Mozilla/5.0 (Linux; Android 6.0; Nexus 5 Build/MRA58N) AppleWebKit/537.36 (KHTML, like Gecko) Chrome/144.0.0.0 Mobile Safari/537.36','localhost','2026-02-02 11:15:21.089038'),
(164,NULL,'1829900159722','90e9b5a93fc1e2676c8b0408b3032afc','b0eeed9151518d83d5d0c16389',NULL,'AUDIT','request','VIEW','SUCCESS',NULL,NULL,NULL,NULL,'{\"path\":\"/room-booking-approval.php?q=&status=all&status=all\",\"method\":\"GET\"}','GET','/room-booking-approval.php?q=&status=all&status=all',NULL,NULL,'::1','Mozilla/5.0 (Linux; Android 6.0; Nexus 5 Build/MRA58N) AppleWebKit/537.36 (KHTML, like Gecko) Chrome/144.0.0.0 Mobile Safari/537.36','localhost','2026-02-02 11:15:54.264788'),
(165,NULL,'1829900159722','90e9b5a93fc1e2676c8b0408b3032afc','1ad07d73810eb3934c99c783b0',NULL,'AUDIT','request','VIEW','SUCCESS',NULL,NULL,NULL,NULL,'{\"path\":\"/room-booking-approval.php?q=&status=all&status=all\",\"method\":\"GET\"}','GET','/room-booking-approval.php?q=&status=all&status=all',NULL,NULL,'::1','Mozilla/5.0 (Linux; Android 6.0; Nexus 5 Build/MRA58N) AppleWebKit/537.36 (KHTML, like Gecko) Chrome/144.0.0.0 Mobile Safari/537.36','localhost','2026-02-02 11:17:37.496928'),
(166,NULL,'1829900159722','90e9b5a93fc1e2676c8b0408b3032afc','3cdcdf14a854f673e50125f25c',NULL,'AUDIT','request','VIEW','SUCCESS',NULL,NULL,NULL,NULL,'{\"path\":\"/room-booking-approval.php?q=&status=all&status=all\",\"method\":\"GET\"}','GET','/room-booking-approval.php?q=&status=all&status=all',NULL,NULL,'::1','Mozilla/5.0 (Linux; Android 6.0; Nexus 5 Build/MRA58N) AppleWebKit/537.36 (KHTML, like Gecko) Chrome/144.0.0.0 Mobile Safari/537.36','localhost','2026-02-02 11:18:31.455526'),
(167,NULL,'1829900159722','90e9b5a93fc1e2676c8b0408b3032afc','40cb02e72762c380d4a8cf5091',NULL,'AUDIT','request','VIEW','SUCCESS',NULL,NULL,NULL,NULL,'{\"path\":\"/room-booking-approval.php?q=&status=all&status=all\",\"method\":\"GET\"}','GET','/room-booking-approval.php?q=&status=all&status=all',NULL,NULL,'::1','Mozilla/5.0 (Linux; Android 6.0; Nexus 5 Build/MRA58N) AppleWebKit/537.36 (KHTML, like Gecko) Chrome/144.0.0.0 Mobile Safari/537.36','localhost','2026-02-02 11:20:21.851376'),
(168,NULL,'1829900159722','90e9b5a93fc1e2676c8b0408b3032afc','862d54ade781bb0345206d594e',NULL,'AUDIT','request','VIEW','SUCCESS',NULL,NULL,NULL,NULL,'{\"path\":\"/room-booking-approval.php?q=&status=all&status=all\",\"method\":\"GET\"}','GET','/room-booking-approval.php?q=&status=all&status=all',NULL,NULL,'::1','Mozilla/5.0 (Linux; Android 6.0; Nexus 5 Build/MRA58N) AppleWebKit/537.36 (KHTML, like Gecko) Chrome/144.0.0.0 Mobile Safari/537.36','localhost','2026-02-02 11:21:12.031919'),
(169,NULL,'1829900159722','90e9b5a93fc1e2676c8b0408b3032afc','bc484b6d73d5fd43c11d0cc5a6',NULL,'AUDIT','request','VIEW','SUCCESS',NULL,NULL,NULL,NULL,'{\"path\":\"/room-booking-approval.php?q=&status=all&status=all\",\"method\":\"GET\"}','GET','/room-booking-approval.php?q=&status=all&status=all',NULL,NULL,'::1','Mozilla/5.0 (Linux; Android 6.0; Nexus 5 Build/MRA58N) AppleWebKit/537.36 (KHTML, like Gecko) Chrome/144.0.0.0 Mobile Safari/537.36','localhost','2026-02-02 11:26:27.167503'),
(170,NULL,'1829900159722','90e9b5a93fc1e2676c8b0408b3032afc','8c6ba47ce9d966ef38e8dcd223',NULL,'AUDIT','request','VIEW','SUCCESS',NULL,NULL,NULL,NULL,'{\"path\":\"/room-booking-approval.php?q=&status=all&status=all\",\"method\":\"GET\"}','GET','/room-booking-approval.php?q=&status=all&status=all',NULL,NULL,'::1','Mozilla/5.0 (Linux; Android 6.0; Nexus 5 Build/MRA58N) AppleWebKit/537.36 (KHTML, like Gecko) Chrome/144.0.0.0 Mobile Safari/537.36','localhost','2026-02-02 11:26:32.751850'),
(171,NULL,'1829900159722','90e9b5a93fc1e2676c8b0408b3032afc','cf8f7b62b88da2d6c519eb3865',NULL,'AUDIT','request','VIEW','SUCCESS',NULL,NULL,NULL,NULL,'{\"path\":\"/room-booking.php\",\"method\":\"GET\"}','GET','/room-booking.php',NULL,NULL,'::1','Mozilla/5.0 (Linux; Android 6.0; Nexus 5 Build/MRA58N) AppleWebKit/537.36 (KHTML, like Gecko) Chrome/144.0.0.0 Mobile Safari/537.36','localhost','2026-02-02 11:26:42.115390'),
(172,NULL,'1829900159722','90e9b5a93fc1e2676c8b0408b3032afc','44ffe8b45836409cdcea306d81',NULL,'AUDIT','request','VIEW','SUCCESS',NULL,NULL,NULL,NULL,'{\"path\":\"/room-management.php\",\"method\":\"GET\"}','GET','/room-management.php',NULL,NULL,'::1','Mozilla/5.0 (Linux; Android 6.0; Nexus 5 Build/MRA58N) AppleWebKit/537.36 (KHTML, like Gecko) Chrome/144.0.0.0 Mobile Safari/537.36','localhost','2026-02-02 11:26:58.747670'),
(173,NULL,'1829900159722','90e9b5a93fc1e2676c8b0408b3032afc','af34f9295f19bf945054baa97a',NULL,'AUDIT','request','VIEW','SUCCESS',NULL,NULL,NULL,NULL,'{\"path\":\"/vehicle-management.php\",\"method\":\"GET\"}','GET','/vehicle-management.php',NULL,NULL,'::1','Mozilla/5.0 (Linux; Android 6.0; Nexus 5 Build/MRA58N) AppleWebKit/537.36 (KHTML, like Gecko) Chrome/144.0.0.0 Mobile Safari/537.36','localhost','2026-02-02 11:27:19.265726'),
(174,NULL,'1829900159722','90e9b5a93fc1e2676c8b0408b3032afc','ffdcdc000558442863f70e00d6',NULL,'AUDIT','request','VIEW','SUCCESS',NULL,NULL,NULL,NULL,'{\"path\":\"/room-management.php\",\"method\":\"GET\"}','GET','/room-management.php',NULL,NULL,'::1','Mozilla/5.0 (Windows NT 10.0; Win64; x64) AppleWebKit/537.36 (KHTML, like Gecko) Chrome/144.0.0.0 Safari/537.36','localhost','2026-02-02 11:27:20.456199'),
(175,NULL,'1829900159722','90e9b5a93fc1e2676c8b0408b3032afc','59eff32c2f687fce9e7b6f2b67',NULL,'AUDIT','request','VIEW','SUCCESS',NULL,NULL,NULL,NULL,'{\"path\":\"/room-management.php\",\"method\":\"GET\"}','GET','/room-management.php',NULL,NULL,'::1','Mozilla/5.0 (Windows NT 10.0; Win64; x64) AppleWebKit/537.36 (KHTML, like Gecko) Chrome/144.0.0.0 Safari/537.36','localhost','2026-02-02 11:27:31.101814'),
(176,NULL,'1829900159722','90e9b5a93fc1e2676c8b0408b3032afc','4ff0ae67ee6025f098dd37ed22',NULL,'AUDIT','request','VIEW','SUCCESS',NULL,NULL,NULL,NULL,'{\"path\":\"/room-management.php\",\"method\":\"GET\"}','GET','/room-management.php',NULL,NULL,'::1','Mozilla/5.0 (Linux; Android 6.0; Nexus 5 Build/MRA58N) AppleWebKit/537.36 (KHTML, like Gecko) Chrome/144.0.0.0 Mobile Safari/537.36','localhost','2026-02-02 11:28:08.879626'),
(177,NULL,'1829900159722','90e9b5a93fc1e2676c8b0408b3032afc','e86c7e49af82ef9333239b7695',NULL,'AUDIT','request','VIEW','SUCCESS',NULL,NULL,NULL,NULL,'{\"path\":\"/room-management.php\",\"method\":\"GET\"}','GET','/room-management.php',NULL,NULL,'::1','Mozilla/5.0 (Windows NT 10.0; Win64; x64) AppleWebKit/537.36 (KHTML, like Gecko) Chrome/144.0.0.0 Safari/537.36','localhost','2026-02-02 11:29:07.257468'),
(178,NULL,'1829900159722','90e9b5a93fc1e2676c8b0408b3032afc','534ac0d6ea1056abf706ebb57e',NULL,'AUDIT','request','VIEW','SUCCESS',NULL,NULL,NULL,NULL,'{\"path\":\"/room-management.php\",\"method\":\"GET\"}','GET','/room-management.php',NULL,NULL,'::1','Mozilla/5.0 (Linux; Android 6.0; Nexus 5 Build/MRA58N) AppleWebKit/537.36 (KHTML, like Gecko) Chrome/144.0.0.0 Mobile Safari/537.36','localhost','2026-02-02 11:30:59.493714'),
(179,NULL,'1829900159722','90e9b5a93fc1e2676c8b0408b3032afc','23f37624cf4023506b1de6c53b',NULL,'AUDIT','request','VIEW','SUCCESS',NULL,NULL,NULL,NULL,'{\"path\":\"/room-management.php\",\"method\":\"GET\"}','GET','/room-management.php',NULL,NULL,'::1','Mozilla/5.0 (Linux; Android 6.0; Nexus 5 Build/MRA58N) AppleWebKit/537.36 (KHTML, like Gecko) Chrome/144.0.0.0 Mobile Safari/537.36','localhost','2026-02-02 11:32:41.826664'),
(180,NULL,'','46d13a6175e49b04d06a818bd8dfde6b','9ce11e5e81059218dd28c83cf5',NULL,'SECURITY','auth','ACCESS_DENIED','DENY',NULL,NULL,'unauthorized',NULL,NULL,'GET','/room-management.php',NULL,NULL,'::1','Mozilla/5.0 (Windows NT 10.0; Win64; x64) AppleWebKit/537.36 (KHTML, like Gecko) Chrome/144.0.0.0 Safari/537.36','localhost','2026-02-03 13:59:47.739440'),
(181,NULL,'','bb273e7ab72185fba059097fbfc283f1','389c763dab99cdd31a435975c7',NULL,'SECURITY','auth','ACCESS_DENIED','DENY',NULL,NULL,'unauthorized',NULL,NULL,'GET','/room-management.php',NULL,NULL,'::1','Mozilla/5.0 (Windows NT 10.0; Win64; x64) AppleWebKit/537.36 (KHTML, like Gecko) Chrome/144.0.0.0 Safari/537.36','localhost','2026-02-03 13:59:47.770925'),
(182,NULL,'','1745161093346b2a48fe8e468d3b001b','322830fac1ecd83ff1f0843fd3',NULL,'SECURITY','auth','ACCESS_DENIED','DENY',NULL,NULL,'unauthorized',NULL,NULL,'GET','/vehicle-management.php',NULL,NULL,'::1','Mozilla/5.0 (Windows NT 10.0; Win64; x64) AppleWebKit/537.36 (KHTML, like Gecko) Chrome/144.0.0.0 Safari/537.36','localhost','2026-02-03 13:59:56.669433'),
(183,NULL,'1829900159722','a69f666499d841a02aa218e5929146b8','cbb4b917510af1e59271584d01',NULL,'AUDIT','auth','LOGIN','SUCCESS','teacher',1829900159722,NULL,NULL,NULL,'POST','/index.php',NULL,NULL,'::1','Mozilla/5.0 (Windows NT 10.0; Win64; x64) AppleWebKit/537.36 (KHTML, like Gecko) Chrome/144.0.0.0 Safari/537.36','localhost','2026-02-03 14:01:19.458827'),
(184,NULL,'1829900159722','a69f666499d841a02aa218e5929146b8','5880313d0157b522bff7084b35',NULL,'AUDIT','request','VIEW','SUCCESS',NULL,NULL,NULL,NULL,'{\"path\":\"/dashboard.php\",\"method\":\"GET\"}','GET','/dashboard.php',NULL,NULL,'::1','Mozilla/5.0 (Windows NT 10.0; Win64; x64) AppleWebKit/537.36 (KHTML, like Gecko) Chrome/144.0.0.0 Safari/537.36','localhost','2026-02-03 14:01:22.100670'),
(185,NULL,'1829900159722','a69f666499d841a02aa218e5929146b8','35e7617cea82c2a3202e10aa50',NULL,'AUDIT','request','VIEW','SUCCESS',NULL,NULL,NULL,NULL,'{\"path\":\"/vehicle-management.php\",\"method\":\"GET\"}','GET','/vehicle-management.php',NULL,NULL,'::1','Mozilla/5.0 (Windows NT 10.0; Win64; x64) AppleWebKit/537.36 (KHTML, like Gecko) Chrome/144.0.0.0 Safari/537.36','localhost','2026-02-03 14:01:53.685060'),
(186,NULL,'1829900159722','a69f666499d841a02aa218e5929146b8','c488c2cc62bf877081c97f8694',NULL,'AUDIT','request','VIEW','SUCCESS',NULL,NULL,NULL,NULL,'{\"path\":\"/room-management.php\",\"method\":\"GET\"}','GET','/room-management.php',NULL,NULL,'::1','Mozilla/5.0 (Windows NT 10.0; Win64; x64) AppleWebKit/537.36 (KHTML, like Gecko) Chrome/144.0.0.0 Safari/537.36','localhost','2026-02-03 14:02:04.566702'),
(187,NULL,'1829900159722','a69f666499d841a02aa218e5929146b8','d80cd5f6b8f6b04dd6cc85f603',NULL,'AUDIT','request','VIEW','SUCCESS',NULL,NULL,NULL,NULL,'{\"path\":\"/room-booking.php\",\"method\":\"GET\"}','GET','/room-booking.php',NULL,NULL,'::1','Mozilla/5.0 (Windows NT 10.0; Win64; x64) AppleWebKit/537.36 (KHTML, like Gecko) Chrome/144.0.0.0 Safari/537.36','localhost','2026-02-03 14:02:12.862338'),
(188,NULL,'1829900159722','a69f666499d841a02aa218e5929146b8','2a86a03666c40dc8e54478d809',NULL,'AUDIT','request','VIEW','SUCCESS',NULL,NULL,NULL,NULL,'{\"path\":\"/room-booking-approval.php\",\"method\":\"GET\"}','GET','/room-booking-approval.php',NULL,NULL,'::1','Mozilla/5.0 (Windows NT 10.0; Win64; x64) AppleWebKit/537.36 (KHTML, like Gecko) Chrome/144.0.0.0 Safari/537.36','localhost','2026-02-03 14:02:18.669941'),
(189,NULL,'1829900159722','a69f666499d841a02aa218e5929146b8','8dc70ebb45648e0e51b565845a',NULL,'AUDIT','request','VIEW','SUCCESS',NULL,NULL,NULL,NULL,'{\"path\":\"/room-booking-approval.php\",\"method\":\"GET\"}','GET','/room-booking-approval.php',NULL,NULL,'::1','Mozilla/5.0 (Linux; Android 6.0; Nexus 5 Build/MRA58N) AppleWebKit/537.36 (KHTML, like Gecko) Chrome/144.0.0.0 Mobile Safari/537.36','localhost','2026-02-03 14:02:43.619418'),
(190,NULL,'1829900159722','a69f666499d841a02aa218e5929146b8','876c63e14c4051ac8ad5dd388b',NULL,'AUDIT','request','VIEW','SUCCESS',NULL,NULL,NULL,NULL,'{\"path\":\"/room-booking-approval.php\",\"method\":\"GET\"}','GET','/room-booking-approval.php',NULL,NULL,'::1','Mozilla/5.0 (Linux; Android 6.0; Nexus 5 Build/MRA58N) AppleWebKit/537.36 (KHTML, like Gecko) Chrome/144.0.0.0 Mobile Safari/537.36','localhost','2026-02-03 14:03:59.166802'),
(191,NULL,'1829900159722','a69f666499d841a02aa218e5929146b8','76118bea9ac81a1a4986c77f2d',NULL,'AUDIT','request','VIEW','SUCCESS',NULL,NULL,NULL,NULL,'{\"path\":\"/room-booking-approval.php\",\"method\":\"GET\"}','GET','/room-booking-approval.php',NULL,NULL,'::1','Mozilla/5.0 (Linux; Android 6.0; Nexus 5 Build/MRA58N) AppleWebKit/537.36 (KHTML, like Gecko) Chrome/144.0.0.0 Mobile Safari/537.36','localhost','2026-02-03 14:05:53.648530'),
(192,NULL,'1829900159722','a69f666499d841a02aa218e5929146b8','5ed515a2154b9f34b9c6d5310a',NULL,'AUDIT','request','VIEW','SUCCESS',NULL,NULL,NULL,NULL,'{\"path\":\"/room-booking-approval.php\",\"method\":\"GET\"}','GET','/room-booking-approval.php',NULL,NULL,'::1','Mozilla/5.0 (Linux; Android 6.0; Nexus 5 Build/MRA58N) AppleWebKit/537.36 (KHTML, like Gecko) Chrome/144.0.0.0 Mobile Safari/537.36','localhost','2026-02-03 14:06:16.434934'),
(193,NULL,'1829900159722','a69f666499d841a02aa218e5929146b8','9f001b36f0a32f4d1ab82b6e49',NULL,'AUDIT','request','VIEW','SUCCESS',NULL,NULL,NULL,NULL,'{\"path\":\"/room-booking-approval.php\",\"method\":\"GET\"}','GET','/room-booking-approval.php',NULL,NULL,'::1','Mozilla/5.0 (Linux; Android 6.0; Nexus 5 Build/MRA58N) AppleWebKit/537.36 (KHTML, like Gecko) Chrome/144.0.0.0 Mobile Safari/537.36','localhost','2026-02-03 14:06:30.573642'),
(194,NULL,'1829900159722','a69f666499d841a02aa218e5929146b8','c3b0f6cd61b7d7945c0a4326c0',NULL,'AUDIT','request','VIEW','SUCCESS',NULL,NULL,NULL,NULL,'{\"path\":\"/room-booking-approval.php\",\"method\":\"GET\"}','GET','/room-booking-approval.php',NULL,NULL,'::1','Mozilla/5.0 (Linux; Android 6.0; Nexus 5 Build/MRA58N) AppleWebKit/537.36 (KHTML, like Gecko) Chrome/144.0.0.0 Mobile Safari/537.36','localhost','2026-02-03 14:06:48.574128'),
(195,NULL,'1829900159722','a69f666499d841a02aa218e5929146b8','bb20fb68a3f367ef95d0153d15',NULL,'AUDIT','request','VIEW','SUCCESS',NULL,NULL,NULL,NULL,'{\"path\":\"/room-booking-approval.php\",\"method\":\"GET\"}','GET','/room-booking-approval.php',NULL,NULL,'::1','Mozilla/5.0 (Linux; Android 6.0; Nexus 5 Build/MRA58N) AppleWebKit/537.36 (KHTML, like Gecko) Chrome/144.0.0.0 Mobile Safari/537.36','localhost','2026-02-03 14:06:59.285708'),
(196,NULL,'1829900159722','a69f666499d841a02aa218e5929146b8','4551fbc029f738c138e95005b5',NULL,'AUDIT','request','VIEW','SUCCESS',NULL,NULL,NULL,NULL,'{\"path\":\"/setting.php\",\"method\":\"GET\"}','GET','/setting.php',NULL,NULL,'::1','Mozilla/5.0 (Linux; Android 6.0; Nexus 5 Build/MRA58N) AppleWebKit/537.36 (KHTML, like Gecko) Chrome/144.0.0.0 Mobile Safari/537.36','localhost','2026-02-03 14:09:15.197959'),
(197,NULL,'1829900159722','a69f666499d841a02aa218e5929146b8','6343ea5ec04486f70900eab637',NULL,'AUDIT','request','VIEW','SUCCESS',NULL,NULL,NULL,NULL,'{\"path\":\"/profile.php\",\"method\":\"GET\"}','GET','/profile.php',NULL,NULL,'::1','Mozilla/5.0 (Linux; Android 6.0; Nexus 5 Build/MRA58N) AppleWebKit/537.36 (KHTML, like Gecko) Chrome/144.0.0.0 Mobile Safari/537.36','localhost','2026-02-03 14:09:19.773067'),
(198,NULL,'1829900159722','a69f666499d841a02aa218e5929146b8','10fb386c7864ec2736a9ab381c',NULL,'AUDIT','request','VIEW','SUCCESS',NULL,NULL,NULL,NULL,'{\"path\":\"/profile.php\",\"method\":\"GET\"}','GET','/profile.php',NULL,NULL,'::1','Mozilla/5.0 (Linux; Android 6.0; Nexus 5 Build/MRA58N) AppleWebKit/537.36 (KHTML, like Gecko) Chrome/144.0.0.0 Mobile Safari/537.36','localhost','2026-02-03 14:09:22.050458'),
(199,NULL,'1829900159722','a69f666499d841a02aa218e5929146b8','e8102815da00c62b869e063abe',NULL,'AUDIT','request','VIEW','SUCCESS',NULL,NULL,NULL,NULL,'{\"path\":\"/teacher-phone-directory.php\",\"method\":\"GET\"}','GET','/teacher-phone-directory.php',NULL,NULL,'::1','Mozilla/5.0 (Linux; Android 6.0; Nexus 5 Build/MRA58N) AppleWebKit/537.36 (KHTML, like Gecko) Chrome/144.0.0.0 Mobile Safari/537.36','localhost','2026-02-03 14:09:24.288369'),
(200,NULL,'1829900159722','a69f666499d841a02aa218e5929146b8','09129687cc41a7f2d49790812e',NULL,'AUDIT','request','VIEW','SUCCESS',NULL,NULL,NULL,NULL,'{\"path\":\"/room-booking.php\",\"method\":\"GET\"}','GET','/room-booking.php',NULL,NULL,'::1','Mozilla/5.0 (Linux; Android 6.0; Nexus 5 Build/MRA58N) AppleWebKit/537.36 (KHTML, like Gecko) Chrome/144.0.0.0 Mobile Safari/537.36','localhost','2026-02-03 14:11:29.584149'),
(201,NULL,'1829900159722','a69f666499d841a02aa218e5929146b8','2dbef1d8ec365d38f9a018f1f0',NULL,'AUDIT','request','VIEW','SUCCESS',NULL,NULL,NULL,NULL,'{\"path\":\"/room-booking-approval.php\",\"method\":\"GET\"}','GET','/room-booking-approval.php',NULL,NULL,'::1','Mozilla/5.0 (Linux; Android 6.0; Nexus 5 Build/MRA58N) AppleWebKit/537.36 (KHTML, like Gecko) Chrome/144.0.0.0 Mobile Safari/537.36','localhost','2026-02-03 14:11:34.352823'),
(202,NULL,'1829900159722','a69f666499d841a02aa218e5929146b8','775958d585b39492d7afba1d6d',NULL,'AUDIT','request','VIEW','SUCCESS',NULL,NULL,NULL,NULL,'{\"path\":\"/room-management.php\",\"method\":\"GET\"}','GET','/room-management.php',NULL,NULL,'::1','Mozilla/5.0 (Linux; Android 6.0; Nexus 5 Build/MRA58N) AppleWebKit/537.36 (KHTML, like Gecko) Chrome/144.0.0.0 Mobile Safari/537.36','localhost','2026-02-03 14:11:43.745955'),
(203,NULL,'1829900159722','a69f666499d841a02aa218e5929146b8','169e5058cbb0bfa3e7e66c5c9b',NULL,'AUDIT','request','VIEW','SUCCESS',NULL,NULL,NULL,NULL,'{\"path\":\"/room-booking-approval.php\",\"method\":\"GET\"}','GET','/room-booking-approval.php',NULL,NULL,'::1','Mozilla/5.0 (Linux; Android 6.0; Nexus 5 Build/MRA58N) AppleWebKit/537.36 (KHTML, like Gecko) Chrome/144.0.0.0 Mobile Safari/537.36','localhost','2026-02-03 14:11:47.746110'),
(204,NULL,'1829900159722','a69f666499d841a02aa218e5929146b8','560f30966a80480196fff2a6f2',NULL,'AUDIT','request','VIEW','SUCCESS',NULL,NULL,NULL,NULL,'{\"path\":\"/room-booking-approval.php\",\"method\":\"GET\"}','GET','/room-booking-approval.php',NULL,NULL,'::1','Mozilla/5.0 (Linux; Android 6.0; Nexus 5 Build/MRA58N) AppleWebKit/537.36 (KHTML, like Gecko) Chrome/144.0.0.0 Mobile Safari/537.36','localhost','2026-02-03 14:13:08.974873'),
(205,NULL,'1829900159722','a69f666499d841a02aa218e5929146b8','27be5bf8d9f672212868396050',NULL,'AUDIT','request','VIEW','SUCCESS',NULL,NULL,NULL,NULL,'{\"path\":\"/room-booking-approval.php\",\"method\":\"GET\"}','GET','/room-booking-approval.php',NULL,NULL,'::1','Mozilla/5.0 (Linux; Android 6.0; Nexus 5 Build/MRA58N) AppleWebKit/537.36 (KHTML, like Gecko) Chrome/144.0.0.0 Mobile Safari/537.36','localhost','2026-02-03 14:14:06.831779'),
(206,NULL,'1829900159722','a69f666499d841a02aa218e5929146b8','49ee41131b008b3094a7d3c46e',NULL,'AUDIT','request','VIEW','SUCCESS',NULL,NULL,NULL,NULL,'{\"path\":\"/room-management.php\",\"method\":\"GET\"}','GET','/room-management.php',NULL,NULL,'::1','Mozilla/5.0 (Linux; Android 6.0; Nexus 5 Build/MRA58N) AppleWebKit/537.36 (KHTML, like Gecko) Chrome/144.0.0.0 Mobile Safari/537.36','localhost','2026-02-03 14:14:18.624445'),
(207,NULL,'1829900159722','a69f666499d841a02aa218e5929146b8','5ad7af0be7ede1fda7e6fd81d3',NULL,'AUDIT','request','VIEW','SUCCESS',NULL,NULL,NULL,NULL,'{\"path\":\"/room-management.php\",\"method\":\"GET\"}','GET','/room-management.php',NULL,NULL,'::1','Mozilla/5.0 (Linux; Android 6.0; Nexus 5 Build/MRA58N) AppleWebKit/537.36 (KHTML, like Gecko) Chrome/144.0.0.0 Mobile Safari/537.36','localhost','2026-02-03 14:14:27.933123'),
(208,NULL,'1829900159722','a69f666499d841a02aa218e5929146b8','97f9ae51551c8900af29dae469',NULL,'AUDIT','request','VIEW','SUCCESS',NULL,NULL,NULL,NULL,'{\"path\":\"/room-booking-approval.php\",\"method\":\"GET\"}','GET','/room-booking-approval.php',NULL,NULL,'::1','Mozilla/5.0 (Linux; Android 6.0; Nexus 5 Build/MRA58N) AppleWebKit/537.36 (KHTML, like Gecko) Chrome/144.0.0.0 Mobile Safari/537.36','localhost','2026-02-03 14:14:36.580955'),
(209,NULL,'1829900159722','a69f666499d841a02aa218e5929146b8','34e91e4aa72cb1592041060831',NULL,'AUDIT','request','VIEW','SUCCESS',NULL,NULL,NULL,NULL,'{\"path\":\"/room-management.php\",\"method\":\"GET\"}','GET','/room-management.php',NULL,NULL,'::1','Mozilla/5.0 (Linux; Android 6.0; Nexus 5 Build/MRA58N) AppleWebKit/537.36 (KHTML, like Gecko) Chrome/144.0.0.0 Mobile Safari/537.36','localhost','2026-02-03 14:14:42.516760'),
(210,NULL,'1829900159722','a69f666499d841a02aa218e5929146b8','bd2b35b890651d4a64f36b3cbf',NULL,'AUDIT','request','VIEW','SUCCESS',NULL,NULL,NULL,NULL,'{\"path\":\"/room-management.php\",\"method\":\"GET\"}','GET','/room-management.php',NULL,NULL,'::1','Mozilla/5.0 (Linux; Android 6.0; Nexus 5 Build/MRA58N) AppleWebKit/537.36 (KHTML, like Gecko) Chrome/144.0.0.0 Mobile Safari/537.36','localhost','2026-02-03 14:15:27.033158'),
(211,NULL,'1829900159722','a69f666499d841a02aa218e5929146b8','0078b3a540c9d4d8f605b96c40',NULL,'AUDIT','request','VIEW','SUCCESS',NULL,NULL,NULL,NULL,'{\"path\":\"/room-management.php\",\"method\":\"GET\"}','GET','/room-management.php',NULL,NULL,'::1','Mozilla/5.0 (Linux; Android 6.0; Nexus 5 Build/MRA58N) AppleWebKit/537.36 (KHTML, like Gecko) Chrome/144.0.0.0 Mobile Safari/537.36','localhost','2026-02-03 14:15:45.111173'),
(212,NULL,'1829900159722','a69f666499d841a02aa218e5929146b8','14ade4a84706b22e0bb103618b',NULL,'AUDIT','request','VIEW','SUCCESS',NULL,NULL,NULL,NULL,'{\"path\":\"/room-management.php\",\"method\":\"GET\"}','GET','/room-management.php',NULL,NULL,'::1','Mozilla/5.0 (Linux; Android 6.0; Nexus 5 Build/MRA58N) AppleWebKit/537.36 (KHTML, like Gecko) Chrome/144.0.0.0 Mobile Safari/537.36','localhost','2026-02-03 14:15:53.106709'),
(213,NULL,'1829900159722','a69f666499d841a02aa218e5929146b8','1e732158201b730fcea44c4f94',NULL,'AUDIT','request','VIEW','SUCCESS',NULL,NULL,NULL,NULL,'{\"path\":\"/room-management.php\",\"method\":\"GET\"}','GET','/room-management.php',NULL,NULL,'::1','Mozilla/5.0 (Windows NT 10.0; Win64; x64) AppleWebKit/537.36 (KHTML, like Gecko) Chrome/144.0.0.0 Safari/537.36','localhost','2026-02-03 14:16:41.813618'),
(214,NULL,'1829900159722','a69f666499d841a02aa218e5929146b8','641411761717b4d6a84a0410ba',NULL,'AUDIT','request','VIEW','SUCCESS',NULL,NULL,NULL,NULL,'{\"path\":\"/room-management.php\",\"method\":\"GET\"}','GET','/room-management.php',NULL,NULL,'::1','Mozilla/5.0 (Windows NT 10.0; Win64; x64) AppleWebKit/537.36 (KHTML, like Gecko) Chrome/144.0.0.0 Safari/537.36','localhost','2026-02-03 14:17:31.781508'),
(215,NULL,'1829900159722','a69f666499d841a02aa218e5929146b8','8aaf0ce6e62e61439c06ca589d',NULL,'AUDIT','request','VIEW','SUCCESS',NULL,NULL,NULL,NULL,'{\"path\":\"/room-management.php\",\"method\":\"GET\"}','GET','/room-management.php',NULL,NULL,'::1','Mozilla/5.0 (Windows NT 10.0; Win64; x64) AppleWebKit/537.36 (KHTML, like Gecko) Chrome/144.0.0.0 Safari/537.36','localhost','2026-02-03 14:17:44.390899'),
(216,NULL,'1829900159722','a69f666499d841a02aa218e5929146b8','1ddf2870b3e28b03e34eb03037',NULL,'AUDIT','request','VIEW','SUCCESS',NULL,NULL,NULL,NULL,'{\"path\":\"/room-management.php\",\"method\":\"GET\"}','GET','/room-management.php',NULL,NULL,'::1','Mozilla/5.0 (Windows NT 10.0; Win64; x64) AppleWebKit/537.36 (KHTML, like Gecko) Chrome/144.0.0.0 Safari/537.36','localhost','2026-02-03 14:18:57.246625'),
(217,NULL,'1829900159722','a69f666499d841a02aa218e5929146b8','b74fd63a9d74245cf3fa0c0bd4',NULL,'AUDIT','request','VIEW','SUCCESS',NULL,NULL,NULL,NULL,'{\"path\":\"/room-management.php\",\"method\":\"GET\"}','GET','/room-management.php',NULL,NULL,'::1','Mozilla/5.0 (Windows NT 10.0; Win64; x64) AppleWebKit/537.36 (KHTML, like Gecko) Chrome/144.0.0.0 Safari/537.36','localhost','2026-02-03 14:19:38.006603'),
(218,NULL,'1829900159722','a69f666499d841a02aa218e5929146b8','45b3f2605bde048806a34ef506',NULL,'AUDIT','request','VIEW','SUCCESS',NULL,NULL,NULL,NULL,'{\"path\":\"/room-management.php\",\"method\":\"GET\"}','GET','/room-management.php',NULL,NULL,'::1','Mozilla/5.0 (Linux; Android 6.0; Nexus 5 Build/MRA58N) AppleWebKit/537.36 (KHTML, like Gecko) Chrome/144.0.0.0 Mobile Safari/537.36','localhost','2026-02-03 14:20:03.110978'),
(219,NULL,'1829900159722','a69f666499d841a02aa218e5929146b8','15d29db3ebd82536d0f662851f',NULL,'AUDIT','request','VIEW','SUCCESS',NULL,NULL,NULL,NULL,'{\"path\":\"/room-management.php\",\"method\":\"GET\"}','GET','/room-management.php',NULL,NULL,'::1','Mozilla/5.0 (Windows NT 10.0; Win64; x64) AppleWebKit/537.36 (KHTML, like Gecko) Chrome/144.0.0.0 Safari/537.36','localhost','2026-02-03 14:20:29.995084'),
(220,NULL,'1829900159722','a69f666499d841a02aa218e5929146b8','c56b53d0868a8bff4934362a27',NULL,'AUDIT','request','VIEW','SUCCESS',NULL,NULL,NULL,NULL,'{\"path\":\"/room-management.php\",\"method\":\"GET\"}','GET','/room-management.php',NULL,NULL,'::1','Mozilla/5.0 (Windows NT 10.0; Win64; x64) AppleWebKit/537.36 (KHTML, like Gecko) Chrome/144.0.0.0 Safari/537.36','localhost','2026-02-03 14:20:51.633170'),
(221,NULL,'1829900159722','a69f666499d841a02aa218e5929146b8','d918a38719c4694e2471e8ef7f',NULL,'AUDIT','request','VIEW','SUCCESS',NULL,NULL,NULL,NULL,'{\"path\":\"/room-management.php\",\"method\":\"GET\"}','GET','/room-management.php',NULL,NULL,'::1','Mozilla/5.0 (Windows NT 10.0; Win64; x64) AppleWebKit/537.36 (KHTML, like Gecko) Chrome/144.0.0.0 Safari/537.36','localhost','2026-02-03 14:21:00.262822'),
(222,NULL,'1829900159722','a69f666499d841a02aa218e5929146b8','ae9b606a1057a3ed1f87fddfe2',NULL,'AUDIT','request','VIEW','SUCCESS',NULL,NULL,NULL,NULL,'{\"path\":\"/room-management.php\",\"method\":\"GET\"}','GET','/room-management.php',NULL,NULL,'::1','Mozilla/5.0 (Windows NT 10.0; Win64; x64) AppleWebKit/537.36 (KHTML, like Gecko) Chrome/144.0.0.0 Safari/537.36','localhost','2026-02-03 14:21:00.859108'),
(223,NULL,'1829900159722','a69f666499d841a02aa218e5929146b8','ce8181ad7297f0cc679fa7a72e',NULL,'AUDIT','request','VIEW','SUCCESS',NULL,NULL,NULL,NULL,'{\"path\":\"/room-management.php\",\"method\":\"GET\"}','GET','/room-management.php',NULL,NULL,'::1','Mozilla/5.0 (Windows NT 10.0; Win64; x64) AppleWebKit/537.36 (KHTML, like Gecko) Chrome/144.0.0.0 Safari/537.36','localhost','2026-02-03 14:21:05.673422'),
(224,NULL,'1829900159722','a69f666499d841a02aa218e5929146b8','0dd32b8aa4136b39fdaa513342',NULL,'AUDIT','request','VIEW','SUCCESS',NULL,NULL,NULL,NULL,'{\"path\":\"/room-management.php\",\"method\":\"GET\"}','GET','/room-management.php',NULL,NULL,'::1','Mozilla/5.0 (Linux; Android 6.0; Nexus 5 Build/MRA58N) AppleWebKit/537.36 (KHTML, like Gecko) Chrome/144.0.0.0 Mobile Safari/537.36','localhost','2026-02-03 14:21:19.888437'),
(225,NULL,'1829900159722','a69f666499d841a02aa218e5929146b8','3ac82ad84f88b825df7b23aae4',NULL,'AUDIT','request','VIEW','SUCCESS',NULL,NULL,NULL,NULL,'{\"path\":\"/room-management.php\",\"method\":\"GET\"}','GET','/room-management.php',NULL,NULL,'::1','Mozilla/5.0 (Linux; Android 6.0; Nexus 5 Build/MRA58N) AppleWebKit/537.36 (KHTML, like Gecko) Chrome/144.0.0.0 Mobile Safari/537.36','localhost','2026-02-03 14:22:33.590601'),
(226,NULL,'1829900159722','a69f666499d841a02aa218e5929146b8','fc9e95236adae49e39c9461fa1',NULL,'AUDIT','request','VIEW','SUCCESS',NULL,NULL,NULL,NULL,'{\"path\":\"/room-management.php\",\"method\":\"GET\"}','GET','/room-management.php',NULL,NULL,'::1','Mozilla/5.0 (Linux; Android 6.0; Nexus 5 Build/MRA58N) AppleWebKit/537.36 (KHTML, like Gecko) Chrome/144.0.0.0 Mobile Safari/537.36','localhost','2026-02-03 14:23:06.236947'),
(227,NULL,'1829900159722','a69f666499d841a02aa218e5929146b8','f3b7ecae324cb18f82628008d9',NULL,'AUDIT','request','VIEW','SUCCESS',NULL,NULL,NULL,NULL,'{\"path\":\"/room-management.php\",\"method\":\"GET\"}','GET','/room-management.php',NULL,NULL,'::1','Mozilla/5.0 (Linux; Android 6.0; Nexus 5 Build/MRA58N) AppleWebKit/537.36 (KHTML, like Gecko) Chrome/144.0.0.0 Mobile Safari/537.36','localhost','2026-02-03 14:23:29.212016'),
(228,NULL,'1829900159722','a69f666499d841a02aa218e5929146b8','55a0dd9aa341c78313e120f12f',NULL,'AUDIT','request','VIEW','SUCCESS',NULL,NULL,NULL,NULL,'{\"path\":\"/room-management.php\",\"method\":\"GET\"}','GET','/room-management.php',NULL,NULL,'::1','Mozilla/5.0 (Linux; Android 6.0; Nexus 5 Build/MRA58N) AppleWebKit/537.36 (KHTML, like Gecko) Chrome/144.0.0.0 Mobile Safari/537.36','localhost','2026-02-03 14:24:01.323799'),
(229,NULL,'1829900159722','a69f666499d841a02aa218e5929146b8','0ad8d737e4a1d46d6a5d71aabe',NULL,'AUDIT','request','VIEW','SUCCESS',NULL,NULL,NULL,NULL,'{\"path\":\"/room-management.php\",\"method\":\"GET\"}','GET','/room-management.php',NULL,NULL,'::1','Mozilla/5.0 (Linux; Android 6.0; Nexus 5 Build/MRA58N) AppleWebKit/537.36 (KHTML, like Gecko) Chrome/144.0.0.0 Mobile Safari/537.36','localhost','2026-02-03 14:26:25.809344'),
(230,NULL,'1829900159722','a69f666499d841a02aa218e5929146b8','3d72f6823b1406fd72cbe223d0',NULL,'AUDIT','request','VIEW','SUCCESS',NULL,NULL,NULL,NULL,'{\"path\":\"/room-management.php\",\"method\":\"GET\"}','GET','/room-management.php',NULL,NULL,'::1','Mozilla/5.0 (Linux; Android 6.0; Nexus 5 Build/MRA58N) AppleWebKit/537.36 (KHTML, like Gecko) Chrome/144.0.0.0 Mobile Safari/537.36','localhost','2026-02-03 14:27:02.635929'),
(231,NULL,'1829900159722','a69f666499d841a02aa218e5929146b8','00b9aa3f23783afcdf99338979',NULL,'AUDIT','request','VIEW','SUCCESS',NULL,NULL,NULL,NULL,'{\"path\":\"/room-management.php\",\"method\":\"GET\"}','GET','/room-management.php',NULL,NULL,'::1','Mozilla/5.0 (Linux; Android 6.0; Nexus 5 Build/MRA58N) AppleWebKit/537.36 (KHTML, like Gecko) Chrome/144.0.0.0 Mobile Safari/537.36','localhost','2026-02-03 14:28:06.086221'),
(232,NULL,'1829900159722','a69f666499d841a02aa218e5929146b8','b2bcf4dd6d8830ad985796b630',NULL,'AUDIT','request','VIEW','SUCCESS',NULL,NULL,NULL,NULL,'{\"path\":\"/room-management.php\",\"method\":\"GET\"}','GET','/room-management.php',NULL,NULL,'::1','Mozilla/5.0 (Linux; Android 6.0; Nexus 5 Build/MRA58N) AppleWebKit/537.36 (KHTML, like Gecko) Chrome/144.0.0.0 Mobile Safari/537.36','localhost','2026-02-03 14:28:36.144243'),
(233,NULL,'1829900159722','a69f666499d841a02aa218e5929146b8','487e80bae34fdc4f71759ab23c',NULL,'AUDIT','request','VIEW','SUCCESS',NULL,NULL,NULL,NULL,'{\"path\":\"/room-management.php\",\"method\":\"GET\"}','GET','/room-management.php',NULL,NULL,'::1','Mozilla/5.0 (Linux; Android 6.0; Nexus 5 Build/MRA58N) AppleWebKit/537.36 (KHTML, like Gecko) Chrome/144.0.0.0 Mobile Safari/537.36','localhost','2026-02-03 14:28:37.975959'),
(234,NULL,'1829900159722','a69f666499d841a02aa218e5929146b8','686030ab849cb8967667206fa7',NULL,'AUDIT','request','VIEW','SUCCESS',NULL,NULL,NULL,NULL,'{\"path\":\"/room-management.php\",\"method\":\"GET\"}','GET','/room-management.php',NULL,NULL,'::1','Mozilla/5.0 (Linux; Android 6.0; Nexus 5 Build/MRA58N) AppleWebKit/537.36 (KHTML, like Gecko) Chrome/144.0.0.0 Mobile Safari/537.36','localhost','2026-02-03 14:29:19.831513'),
(235,NULL,'1829900159722','a69f666499d841a02aa218e5929146b8','ab60f36cab2d64e38802d7ad51',NULL,'AUDIT','request','VIEW','SUCCESS',NULL,NULL,NULL,NULL,'{\"path\":\"/room-management.php\",\"method\":\"GET\"}','GET','/room-management.php',NULL,NULL,'::1','Mozilla/5.0 (Linux; Android 6.0; Nexus 5 Build/MRA58N) AppleWebKit/537.36 (KHTML, like Gecko) Chrome/144.0.0.0 Mobile Safari/537.36','localhost','2026-02-03 14:29:29.286084'),
(236,NULL,'1829900159722','a69f666499d841a02aa218e5929146b8','11bcb674bc267b1918725b93a8',NULL,'AUDIT','request','VIEW','SUCCESS',NULL,NULL,NULL,NULL,'{\"path\":\"/room-management.php\",\"method\":\"GET\"}','GET','/room-management.php',NULL,NULL,'::1','Mozilla/5.0 (Linux; Android 6.0; Nexus 5 Build/MRA58N) AppleWebKit/537.36 (KHTML, like Gecko) Chrome/144.0.0.0 Mobile Safari/537.36','localhost','2026-02-03 14:35:15.075608'),
(237,NULL,'1829900159722','a69f666499d841a02aa218e5929146b8','229b88670f0bb3e7426794fcca',NULL,'AUDIT','request','VIEW','SUCCESS',NULL,NULL,NULL,NULL,'{\"path\":\"/room-management.php\",\"method\":\"GET\"}','GET','/room-management.php',NULL,NULL,'::1','Mozilla/5.0 (Linux; Android 6.0; Nexus 5 Build/MRA58N) AppleWebKit/537.36 (KHTML, like Gecko) Chrome/144.0.0.0 Mobile Safari/537.36','localhost','2026-02-03 14:36:41.036627'),
(238,NULL,'1829900159722','a69f666499d841a02aa218e5929146b8','dbf72067beea2b86a57a4dba46',NULL,'AUDIT','request','VIEW','SUCCESS',NULL,NULL,NULL,NULL,'{\"path\":\"/room-management.php\",\"method\":\"GET\"}','GET','/room-management.php',NULL,NULL,'::1','Mozilla/5.0 (Linux; Android 6.0; Nexus 5 Build/MRA58N) AppleWebKit/537.36 (KHTML, like Gecko) Chrome/144.0.0.0 Mobile Safari/537.36','localhost','2026-02-03 14:37:11.954759'),
(239,NULL,'1829900159722','a69f666499d841a02aa218e5929146b8','a5bfcc9d1453f6c9798fa41240',NULL,'AUDIT','request','VIEW','SUCCESS',NULL,NULL,NULL,NULL,'{\"path\":\"/room-management.php\",\"method\":\"GET\"}','GET','/room-management.php',NULL,NULL,'::1','Mozilla/5.0 (Linux; Android 6.0; Nexus 5 Build/MRA58N) AppleWebKit/537.36 (KHTML, like Gecko) Chrome/144.0.0.0 Mobile Safari/537.36','localhost','2026-02-03 14:38:09.355681'),
(240,NULL,'1829900159722','a69f666499d841a02aa218e5929146b8','cd29ea11c807eae4efe7ce0f8a',NULL,'AUDIT','request','VIEW','SUCCESS',NULL,NULL,NULL,NULL,'{\"path\":\"/room-management.php\",\"method\":\"GET\"}','GET','/room-management.php',NULL,NULL,'::1','Mozilla/5.0 (Linux; Android 6.0; Nexus 5 Build/MRA58N) AppleWebKit/537.36 (KHTML, like Gecko) Chrome/144.0.0.0 Mobile Safari/537.36','localhost','2026-02-03 14:38:36.672925'),
(241,NULL,'1829900159722','a69f666499d841a02aa218e5929146b8','b9dd28e8d82aaf2300ed156dc3',NULL,'AUDIT','request','VIEW','SUCCESS',NULL,NULL,NULL,NULL,'{\"path\":\"/room-management.php\",\"method\":\"GET\"}','GET','/room-management.php',NULL,NULL,'::1','Mozilla/5.0 (Linux; Android 6.0; Nexus 5 Build/MRA58N) AppleWebKit/537.36 (KHTML, like Gecko) Chrome/144.0.0.0 Mobile Safari/537.36','localhost','2026-02-03 14:39:05.115315'),
(242,NULL,'1829900159722','a69f666499d841a02aa218e5929146b8','b153fdab55f768a023e6724d99',NULL,'AUDIT','request','VIEW','SUCCESS',NULL,NULL,NULL,NULL,'{\"path\":\"/room-management.php\",\"method\":\"GET\"}','GET','/room-management.php',NULL,NULL,'::1','Mozilla/5.0 (Linux; Android 6.0; Nexus 5 Build/MRA58N) AppleWebKit/537.36 (KHTML, like Gecko) Chrome/144.0.0.0 Mobile Safari/537.36','localhost','2026-02-03 14:39:20.135588'),
(243,NULL,'1829900159722','a69f666499d841a02aa218e5929146b8','0d2d0c1532d4847e2870610b16',NULL,'AUDIT','request','VIEW','SUCCESS',NULL,NULL,NULL,NULL,'{\"path\":\"/room-management.php\",\"method\":\"GET\"}','GET','/room-management.php',NULL,NULL,'::1','Mozilla/5.0 (Linux; Android 6.0; Nexus 5 Build/MRA58N) AppleWebKit/537.36 (KHTML, like Gecko) Chrome/144.0.0.0 Mobile Safari/537.36','localhost','2026-02-03 14:39:33.402885'),
(244,NULL,'1829900159722','a69f666499d841a02aa218e5929146b8','3b5ca2a9c6e077dc0858619990',NULL,'AUDIT','request','VIEW','SUCCESS',NULL,NULL,NULL,NULL,'{\"path\":\"/room-management.php\",\"method\":\"GET\"}','GET','/room-management.php',NULL,NULL,'::1','Mozilla/5.0 (Linux; Android 6.0; Nexus 5 Build/MRA58N) AppleWebKit/537.36 (KHTML, like Gecko) Chrome/144.0.0.0 Mobile Safari/537.36','localhost','2026-02-03 15:38:39.669479'),
(245,NULL,'1829900159722','a69f666499d841a02aa218e5929146b8','8e6f34550516fc6d403f3afa45',NULL,'AUDIT','request','VIEW','SUCCESS',NULL,NULL,NULL,NULL,'{\"path\":\"/room-management.php\",\"method\":\"GET\"}','GET','/room-management.php',NULL,NULL,'::1','Mozilla/5.0 (Linux; Android 6.0; Nexus 5 Build/MRA58N) AppleWebKit/537.36 (KHTML, like Gecko) Chrome/144.0.0.0 Mobile Safari/537.36','localhost','2026-02-03 15:43:34.771596'),
(246,NULL,'1829900159722','a69f666499d841a02aa218e5929146b8','4f73c15a08e6bf737f8a5e8ea8',NULL,'AUDIT','request','VIEW','SUCCESS',NULL,NULL,NULL,NULL,'{\"path\":\"/room-management.php\",\"method\":\"GET\"}','GET','/room-management.php',NULL,NULL,'::1','Mozilla/5.0 (Linux; Android 6.0; Nexus 5 Build/MRA58N) AppleWebKit/537.36 (KHTML, like Gecko) Chrome/144.0.0.0 Mobile Safari/537.36','localhost','2026-02-03 15:44:12.302797'),
(247,NULL,'1829900159722','a69f666499d841a02aa218e5929146b8','baf227c51d6f2ccd16ee44b1a0',NULL,'AUDIT','request','VIEW','SUCCESS',NULL,NULL,NULL,NULL,'{\"path\":\"/room-management.php\",\"method\":\"GET\"}','GET','/room-management.php',NULL,NULL,'::1','Mozilla/5.0 (Linux; Android 6.0; Nexus 5 Build/MRA58N) AppleWebKit/537.36 (KHTML, like Gecko) Chrome/144.0.0.0 Mobile Safari/537.36','localhost','2026-02-03 15:45:03.774707'),
(248,NULL,'1829900159722','a69f666499d841a02aa218e5929146b8','8269c8dc0063cab3caec7d762b',NULL,'AUDIT','request','VIEW','SUCCESS',NULL,NULL,NULL,NULL,'{\"path\":\"/room-management.php\",\"method\":\"GET\"}','GET','/room-management.php',NULL,NULL,'::1','Mozilla/5.0 (Linux; Android 6.0; Nexus 5 Build/MRA58N) AppleWebKit/537.36 (KHTML, like Gecko) Chrome/144.0.0.0 Mobile Safari/537.36','localhost','2026-02-03 15:45:19.572870'),
(249,NULL,'1829900159722','a69f666499d841a02aa218e5929146b8','2ad0c22898d3c814c537775b22',NULL,'AUDIT','request','VIEW','SUCCESS',NULL,NULL,NULL,NULL,'{\"path\":\"/room-management.php\",\"method\":\"GET\"}','GET','/room-management.php',NULL,NULL,'::1','Mozilla/5.0 (Linux; Android 6.0; Nexus 5 Build/MRA58N) AppleWebKit/537.36 (KHTML, like Gecko) Chrome/144.0.0.0 Mobile Safari/537.36','localhost','2026-02-03 15:45:43.169269'),
(250,NULL,'1829900159722','a69f666499d841a02aa218e5929146b8','881bc4ba1fa45136b5bbf9dbf7',NULL,'AUDIT','request','VIEW','SUCCESS',NULL,NULL,NULL,NULL,'{\"path\":\"/room-management.php\",\"method\":\"GET\"}','GET','/room-management.php',NULL,NULL,'::1','Mozilla/5.0 (Linux; Android 6.0; Nexus 5 Build/MRA58N) AppleWebKit/537.36 (KHTML, like Gecko) Chrome/144.0.0.0 Mobile Safari/537.36','localhost','2026-02-03 15:46:34.674436'),
(251,NULL,'1829900159722','a69f666499d841a02aa218e5929146b8','efb621aa990adb897f33412509',NULL,'AUDIT','request','VIEW','SUCCESS',NULL,NULL,NULL,NULL,'{\"path\":\"/room-management.php\",\"method\":\"GET\"}','GET','/room-management.php',NULL,NULL,'::1','Mozilla/5.0 (Linux; Android 6.0; Nexus 5 Build/MRA58N) AppleWebKit/537.36 (KHTML, like Gecko) Chrome/144.0.0.0 Mobile Safari/537.36','localhost','2026-02-03 15:46:55.692976'),
(252,NULL,'1829900159722','a69f666499d841a02aa218e5929146b8','ca8110846b76f1d4e1cc7fc79c',NULL,'AUDIT','request','VIEW','SUCCESS',NULL,NULL,NULL,NULL,'{\"path\":\"/room-management.php\",\"method\":\"GET\"}','GET','/room-management.php',NULL,NULL,'::1','Mozilla/5.0 (Linux; Android 6.0; Nexus 5 Build/MRA58N) AppleWebKit/537.36 (KHTML, like Gecko) Chrome/144.0.0.0 Mobile Safari/537.36','localhost','2026-02-03 15:47:38.262414'),
(253,NULL,'1829900159722','a69f666499d841a02aa218e5929146b8','18927b3e9c938257e6ef041f38',NULL,'AUDIT','request','VIEW','SUCCESS',NULL,NULL,NULL,NULL,'{\"path\":\"/room-management.php\",\"method\":\"GET\"}','GET','/room-management.php',NULL,NULL,'::1','Mozilla/5.0 (Linux; Android 6.0; Nexus 5 Build/MRA58N) AppleWebKit/537.36 (KHTML, like Gecko) Chrome/144.0.0.0 Mobile Safari/537.36','localhost','2026-02-03 15:48:09.066843'),
(254,NULL,'1829900159722','a69f666499d841a02aa218e5929146b8','ea4ab636a1ae0d7e8acdf473aa',NULL,'AUDIT','request','VIEW','SUCCESS',NULL,NULL,NULL,NULL,'{\"path\":\"/room-management.php\",\"method\":\"GET\"}','GET','/room-management.php',NULL,NULL,'::1','Mozilla/5.0 (Linux; Android 6.0; Nexus 5 Build/MRA58N) AppleWebKit/537.36 (KHTML, like Gecko) Chrome/144.0.0.0 Mobile Safari/537.36','localhost','2026-02-03 15:48:20.459218'),
(255,NULL,'1829900159722','a69f666499d841a02aa218e5929146b8','a4fb422b69d66f7a331fea16a8',NULL,'AUDIT','request','VIEW','SUCCESS',NULL,NULL,NULL,NULL,'{\"path\":\"/room-management.php\",\"method\":\"GET\"}','GET','/room-management.php',NULL,NULL,'::1','Mozilla/5.0 (Linux; Android 6.0; Nexus 5 Build/MRA58N) AppleWebKit/537.36 (KHTML, like Gecko) Chrome/144.0.0.0 Mobile Safari/537.36','localhost','2026-02-03 15:48:32.664549'),
(256,NULL,'1829900159722','a69f666499d841a02aa218e5929146b8','f17147a5988b523c5d746a1cd2',NULL,'AUDIT','request','VIEW','SUCCESS',NULL,NULL,NULL,NULL,'{\"path\":\"/room-management.php\",\"method\":\"GET\"}','GET','/room-management.php',NULL,NULL,'::1','Mozilla/5.0 (Linux; Android 6.0; Nexus 5 Build/MRA58N) AppleWebKit/537.36 (KHTML, like Gecko) Chrome/144.0.0.0 Mobile Safari/537.36','localhost','2026-02-03 15:49:24.020621'),
(257,NULL,'1829900159722','a69f666499d841a02aa218e5929146b8','e88339a71656c5432c08d3ff63',NULL,'AUDIT','request','VIEW','SUCCESS',NULL,NULL,NULL,NULL,'{\"path\":\"/room-management.php\",\"method\":\"GET\"}','GET','/room-management.php',NULL,NULL,'::1','Mozilla/5.0 (Linux; Android 6.0; Nexus 5 Build/MRA58N) AppleWebKit/537.36 (KHTML, like Gecko) Chrome/144.0.0.0 Mobile Safari/537.36','localhost','2026-02-03 15:50:56.998545'),
(258,NULL,'1829900159722','a69f666499d841a02aa218e5929146b8','24557a852aff6d2ae9a4cf2111',NULL,'AUDIT','request','VIEW','SUCCESS',NULL,NULL,NULL,NULL,'{\"path\":\"/room-management.php\",\"method\":\"GET\"}','GET','/room-management.php',NULL,NULL,'::1','Mozilla/5.0 (Linux; Android 6.0; Nexus 5 Build/MRA58N) AppleWebKit/537.36 (KHTML, like Gecko) Chrome/144.0.0.0 Mobile Safari/537.36','localhost','2026-02-03 15:53:29.415161'),
(259,NULL,'1829900159722','a69f666499d841a02aa218e5929146b8','44fa848f3d6349e9bea3e635cb',NULL,'AUDIT','request','VIEW','SUCCESS',NULL,NULL,NULL,NULL,'{\"path\":\"/room-management.php\",\"method\":\"GET\"}','GET','/room-management.php',NULL,NULL,'::1','Mozilla/5.0 (Linux; Android 6.0; Nexus 5 Build/MRA58N) AppleWebKit/537.36 (KHTML, like Gecko) Chrome/144.0.0.0 Mobile Safari/537.36','localhost','2026-02-03 15:55:44.031885'),
(260,NULL,'1829900159722','a69f666499d841a02aa218e5929146b8','af15fd1f384ff050684a075b3b',NULL,'AUDIT','request','VIEW','SUCCESS',NULL,NULL,NULL,NULL,'{\"path\":\"/room-management.php\",\"method\":\"GET\"}','GET','/room-management.php',NULL,NULL,'::1','Mozilla/5.0 (Linux; Android 6.0; Nexus 5 Build/MRA58N) AppleWebKit/537.36 (KHTML, like Gecko) Chrome/144.0.0.0 Mobile Safari/537.36','localhost','2026-02-03 15:56:43.101610'),
(261,NULL,'1829900159722','a69f666499d841a02aa218e5929146b8','9e21bb0e73018174339debf6a2',NULL,'AUDIT','request','VIEW','SUCCESS',NULL,NULL,NULL,NULL,'{\"path\":\"/room-management.php\",\"method\":\"GET\"}','GET','/room-management.php',NULL,NULL,'::1','Mozilla/5.0 (Linux; Android 6.0; Nexus 5 Build/MRA58N) AppleWebKit/537.36 (KHTML, like Gecko) Chrome/144.0.0.0 Mobile Safari/537.36','localhost','2026-02-03 15:56:47.940397'),
(262,NULL,'1829900159722','a69f666499d841a02aa218e5929146b8','34e924cbb40259770944dbedad',NULL,'AUDIT','request','VIEW','SUCCESS',NULL,NULL,NULL,NULL,'{\"path\":\"/room-management.php\",\"method\":\"GET\"}','GET','/room-management.php',NULL,NULL,'::1','Mozilla/5.0 (Linux; Android 6.0; Nexus 5 Build/MRA58N) AppleWebKit/537.36 (KHTML, like Gecko) Chrome/144.0.0.0 Mobile Safari/537.36','localhost','2026-02-03 15:56:57.515722'),
(263,NULL,'1829900159722','a69f666499d841a02aa218e5929146b8','3fbadc36a48180b31c8a6d2abf',NULL,'AUDIT','request','VIEW','SUCCESS',NULL,NULL,NULL,NULL,'{\"path\":\"/room-management.php\",\"method\":\"GET\"}','GET','/room-management.php',NULL,NULL,'::1','Mozilla/5.0 (Linux; Android 6.0; Nexus 5 Build/MRA58N) AppleWebKit/537.36 (KHTML, like Gecko) Chrome/144.0.0.0 Mobile Safari/537.36','localhost','2026-02-03 15:58:32.862764'),
(264,NULL,'1829900159722','a69f666499d841a02aa218e5929146b8','0e07c9faf18d6c147ba93a4abc',NULL,'AUDIT','request','VIEW','SUCCESS',NULL,NULL,NULL,NULL,'{\"path\":\"/room-management.php\",\"method\":\"GET\"}','GET','/room-management.php',NULL,NULL,'::1','Mozilla/5.0 (Linux; Android 6.0; Nexus 5 Build/MRA58N) AppleWebKit/537.36 (KHTML, like Gecko) Chrome/144.0.0.0 Mobile Safari/537.36','localhost','2026-02-03 15:59:14.232793'),
(265,NULL,'1829900159722','a69f666499d841a02aa218e5929146b8','0add0e1cca2063c609b1e064a5',NULL,'AUDIT','request','VIEW','SUCCESS',NULL,NULL,NULL,NULL,'{\"path\":\"/room-management.php\",\"method\":\"GET\"}','GET','/room-management.php',NULL,NULL,'::1','Mozilla/5.0 (Windows NT 10.0; Win64; x64) AppleWebKit/537.36 (KHTML, like Gecko) Chrome/144.0.0.0 Safari/537.36','localhost','2026-02-03 15:59:27.806399'),
(266,NULL,'1829900159722','a69f666499d841a02aa218e5929146b8','f37efff6065cf4261ed094d9fc',NULL,'AUDIT','request','VIEW','SUCCESS',NULL,NULL,NULL,NULL,'{\"path\":\"/room-management.php\",\"method\":\"GET\"}','GET','/room-management.php',NULL,NULL,'::1','Mozilla/5.0 (Linux; Android 6.0; Nexus 5 Build/MRA58N) AppleWebKit/537.36 (KHTML, like Gecko) Chrome/144.0.0.0 Mobile Safari/537.36','localhost','2026-02-03 15:59:52.887842'),
(267,NULL,'1829900159722','a69f666499d841a02aa218e5929146b8','d7c33d7c20877947711d6ef731',NULL,'AUDIT','request','VIEW','SUCCESS',NULL,NULL,NULL,NULL,'{\"path\":\"/room-management.php\",\"method\":\"GET\"}','GET','/room-management.php',NULL,NULL,'::1','Mozilla/5.0 (Linux; Android 6.0; Nexus 5 Build/MRA58N) AppleWebKit/537.36 (KHTML, like Gecko) Chrome/144.0.0.0 Mobile Safari/537.36','localhost','2026-02-03 16:00:48.138428'),
(268,NULL,'1829900159722','a69f666499d841a02aa218e5929146b8','23bd345c780e82c7e105c1a057',NULL,'AUDIT','request','VIEW','SUCCESS',NULL,NULL,NULL,NULL,'{\"path\":\"/room-management.php\",\"method\":\"GET\"}','GET','/room-management.php',NULL,NULL,'::1','Mozilla/5.0 (Windows NT 10.0; Win64; x64) AppleWebKit/537.36 (KHTML, like Gecko) Chrome/144.0.0.0 Safari/537.36','localhost','2026-02-03 16:00:57.660436'),
(269,NULL,'1829900159722','a69f666499d841a02aa218e5929146b8','f464d19c3fe0ec7dc1bbf86ca0',NULL,'AUDIT','request','VIEW','SUCCESS',NULL,NULL,NULL,NULL,'{\"path\":\"/room-management.php\",\"method\":\"GET\"}','GET','/room-management.php',NULL,NULL,'::1','Mozilla/5.0 (Windows NT 10.0; Win64; x64) AppleWebKit/537.36 (KHTML, like Gecko) Chrome/144.0.0.0 Safari/537.36','localhost','2026-02-03 16:01:28.696475'),
(270,NULL,'1829900159722','a69f666499d841a02aa218e5929146b8','6630969925cd084920cdd17760',NULL,'AUDIT','request','VIEW','SUCCESS',NULL,NULL,NULL,NULL,'{\"path\":\"/room-management.php\",\"method\":\"GET\"}','GET','/room-management.php',NULL,NULL,'::1','Mozilla/5.0 (Linux; Android 6.0; Nexus 5 Build/MRA58N) AppleWebKit/537.36 (KHTML, like Gecko) Chrome/144.0.0.0 Mobile Safari/537.36','localhost','2026-02-03 16:01:56.119907'),
(271,NULL,'1829900159722','a69f666499d841a02aa218e5929146b8','63ff3a1a91a790fceacac70600',NULL,'AUDIT','request','VIEW','SUCCESS',NULL,NULL,NULL,NULL,'{\"path\":\"/room-management.php\",\"method\":\"GET\"}','GET','/room-management.php',NULL,NULL,'::1','Mozilla/5.0 (Linux; Android 6.0; Nexus 5 Build/MRA58N) AppleWebKit/537.36 (KHTML, like Gecko) Chrome/144.0.0.0 Mobile Safari/537.36','localhost','2026-02-03 16:02:42.628992'),
(272,NULL,'1829900159722','a69f666499d841a02aa218e5929146b8','c013197b073f3481c44a29f524',NULL,'AUDIT','request','VIEW','SUCCESS',NULL,NULL,NULL,NULL,'{\"path\":\"/room-management.php\",\"method\":\"GET\"}','GET','/room-management.php',NULL,NULL,'::1','Mozilla/5.0 (Linux; Android 6.0; Nexus 5 Build/MRA58N) AppleWebKit/537.36 (KHTML, like Gecko) Chrome/144.0.0.0 Mobile Safari/537.36','localhost','2026-02-03 16:04:35.492457'),
(273,NULL,'1829900159722','a69f666499d841a02aa218e5929146b8','c284cdb7b7927d18900cf807d9',NULL,'AUDIT','request','VIEW','SUCCESS',NULL,NULL,NULL,NULL,'{\"path\":\"/room-management.php\",\"method\":\"GET\"}','GET','/room-management.php',NULL,NULL,'::1','Mozilla/5.0 (Linux; Android 6.0; Nexus 5 Build/MRA58N) AppleWebKit/537.36 (KHTML, like Gecko) Chrome/144.0.0.0 Mobile Safari/537.36','localhost','2026-02-03 16:05:26.228210'),
(274,NULL,'1829900159722','a69f666499d841a02aa218e5929146b8','1f2ac1ba425f7ae67a568d388a',NULL,'AUDIT','request','VIEW','SUCCESS',NULL,NULL,NULL,NULL,'{\"path\":\"/room-management.php\",\"method\":\"GET\"}','GET','/room-management.php',NULL,NULL,'::1','Mozilla/5.0 (Linux; Android 6.0; Nexus 5 Build/MRA58N) AppleWebKit/537.36 (KHTML, like Gecko) Chrome/144.0.0.0 Mobile Safari/537.36','localhost','2026-02-03 16:06:31.124010'),
(275,NULL,'1829900159722','bdc00ea8fc837552a3dff94724ee5f68','f926748dd8a3990d814a1a9f1f',NULL,'AUDIT','request','VIEW','SUCCESS',NULL,NULL,NULL,NULL,'{\"path\":\"/dashboard.php\",\"method\":\"GET\"}','GET','/dashboard.php',NULL,NULL,'::1','Mozilla/5.0 (Macintosh; Intel Mac OS X 10_15_7) AppleWebKit/537.36 (KHTML, like Gecko) Chrome/144.0.0.0 Safari/537.36','localhost','2026-02-03 16:08:21.344648'),
(276,NULL,'1829900159722','bdc00ea8fc837552a3dff94724ee5f68','1cd96dee36901766beb1d4fc4a',NULL,'AUDIT','request','VIEW','SUCCESS',NULL,NULL,NULL,NULL,'{\"path\":\"/memo.php\",\"method\":\"GET\"}','GET','/memo.php',NULL,NULL,'::1','Mozilla/5.0 (Macintosh; Intel Mac OS X 10_15_7) AppleWebKit/537.36 (KHTML, like Gecko) Chrome/144.0.0.0 Safari/537.36','localhost','2026-02-03 16:08:27.090991'),
(277,NULL,'1829900159722','bdc00ea8fc837552a3dff94724ee5f68','27102654e57685767c8ca2fbba',NULL,'AUDIT','request','VIEW','SUCCESS',NULL,NULL,NULL,NULL,'{\"path\":\"/vehicle-reservation-approval.php\",\"method\":\"GET\"}','GET','/vehicle-reservation-approval.php',NULL,NULL,'::1','Mozilla/5.0 (Macintosh; Intel Mac OS X 10_15_7) AppleWebKit/537.36 (KHTML, like Gecko) Chrome/144.0.0.0 Safari/537.36','localhost','2026-02-03 16:08:32.238426'),
(278,NULL,'1829900159722','bdc00ea8fc837552a3dff94724ee5f68','bab401430db22520fe2f5a814e',NULL,'AUDIT','request','VIEW','SUCCESS',NULL,NULL,NULL,NULL,'{\"path\":\"/room-booking-approval.php\",\"method\":\"GET\"}','GET','/room-booking-approval.php',NULL,NULL,'::1','Mozilla/5.0 (Macintosh; Intel Mac OS X 10_15_7) AppleWebKit/537.36 (KHTML, like Gecko) Chrome/144.0.0.0 Safari/537.36','localhost','2026-02-03 16:09:01.240367'),
(279,NULL,'1829900159722','bdc00ea8fc837552a3dff94724ee5f68','27d9810e2af4e472f000263f27',NULL,'AUDIT','request','VIEW','SUCCESS',NULL,NULL,NULL,NULL,'{\"path\":\"/outgoing-create.php\",\"method\":\"GET\"}','GET','/outgoing-create.php',NULL,NULL,'::1','Mozilla/5.0 (Macintosh; Intel Mac OS X 10_15_7) AppleWebKit/537.36 (KHTML, like Gecko) Chrome/144.0.0.0 Safari/537.36','localhost','2026-02-03 16:09:04.619965'),
(280,NULL,'1829900159722','bdc00ea8fc837552a3dff94724ee5f68','719596e5991c943963cc390f05',NULL,'AUDIT','request','VIEW','SUCCESS',NULL,NULL,NULL,NULL,'{\"path\":\"/room-booking-approval.php\",\"method\":\"GET\"}','GET','/room-booking-approval.php',NULL,NULL,'::1','Mozilla/5.0 (Macintosh; Intel Mac OS X 10_15_7) AppleWebKit/537.36 (KHTML, like Gecko) Chrome/144.0.0.0 Safari/537.36','localhost','2026-02-03 16:09:06.407446'),
(281,NULL,'1829900159722','bdc00ea8fc837552a3dff94724ee5f68','01d85c64c663e391133a0f9618',NULL,'AUDIT','request','VIEW','SUCCESS',NULL,NULL,NULL,NULL,'{\"path\":\"/vehicle-management.php\",\"method\":\"GET\"}','GET','/vehicle-management.php',NULL,NULL,'::1','Mozilla/5.0 (Macintosh; Intel Mac OS X 10_15_7) AppleWebKit/537.36 (KHTML, like Gecko) Chrome/144.0.0.0 Safari/537.36','localhost','2026-02-03 16:09:09.640562'),
(282,NULL,'1829900159722','a69f666499d841a02aa218e5929146b8','d56d191709f6301cbafc88b4b7',NULL,'AUDIT','request','VIEW','SUCCESS',NULL,NULL,NULL,NULL,'{\"path\":\"/room-management.php\",\"method\":\"GET\"}','GET','/room-management.php',NULL,NULL,'::1','Mozilla/5.0 (Linux; Android 6.0; Nexus 5 Build/MRA58N) AppleWebKit/537.36 (KHTML, like Gecko) Chrome/144.0.0.0 Mobile Safari/537.36','localhost','2026-02-03 16:09:11.008379'),
(283,NULL,'1829900159722','a69f666499d841a02aa218e5929146b8','870901acb4bf4b87d7a129e5f8',NULL,'AUDIT','request','VIEW','SUCCESS',NULL,NULL,NULL,NULL,'{\"path\":\"/room-management.php\",\"method\":\"GET\"}','GET','/room-management.php',NULL,NULL,'::1','Mozilla/5.0 (Linux; Android 6.0; Nexus 5 Build/MRA58N) AppleWebKit/537.36 (KHTML, like Gecko) Chrome/144.0.0.0 Mobile Safari/537.36','localhost','2026-02-03 16:09:31.624930'),
(284,NULL,'1829900159722','a69f666499d841a02aa218e5929146b8','266ad3b681ba762e8175eacfa8',NULL,'AUDIT','request','VIEW','SUCCESS',NULL,NULL,NULL,NULL,'{\"path\":\"/room-management.php\",\"method\":\"GET\"}','GET','/room-management.php',NULL,NULL,'::1','Mozilla/5.0 (Linux; Android 6.0; Nexus 5 Build/MRA58N) AppleWebKit/537.36 (KHTML, like Gecko) Chrome/144.0.0.0 Mobile Safari/537.36','localhost','2026-02-03 16:09:32.033649'),
(285,NULL,'1829900159722','bdc00ea8fc837552a3dff94724ee5f68','e3d1a11c584bb49b29a94aa638',NULL,'AUDIT','request','ACTION','SUCCESS',NULL,NULL,NULL,NULL,'{\"path\":\"/vehicle-management.php\",\"method\":\"POST\"}','POST','/vehicle-management.php',NULL,NULL,'::1','Mozilla/5.0 (Macintosh; Intel Mac OS X 10_15_7) AppleWebKit/537.36 (KHTML, like Gecko) Chrome/144.0.0.0 Safari/537.36','localhost','2026-02-03 16:09:37.069983'),
(286,NULL,'1829900159722','bdc00ea8fc837552a3dff94724ee5f68','e3d1a11c584bb49b29a94aa638',NULL,'AUDIT','vehicle','CREATE','SUCCESS','dh_vehicles',1,NULL,NULL,'{\"vehicleType\":\"czxc\",\"vehicleBrand\":\"zxczxczxc\",\"vehicleModel\":\"cxfssdf\",\"vehiclePlate\":\"sdfsdfdsf\",\"vehicleColor\":\"zxcxzc\",\"vehicleCapacity\":4,\"vehicleStatus\":\"พร้อมใช้งาน\"}','POST','/vehicle-management.php',NULL,NULL,'::1','Mozilla/5.0 (Macintosh; Intel Mac OS X 10_15_7) AppleWebKit/537.36 (KHTML, like Gecko) Chrome/144.0.0.0 Safari/537.36','localhost','2026-02-03 16:09:37.076681'),
(287,NULL,'1829900159722','bdc00ea8fc837552a3dff94724ee5f68','8b9f94f43a331745fe9bc1b309',NULL,'AUDIT','request','VIEW','SUCCESS',NULL,NULL,NULL,NULL,'{\"path\":\"/vehicle-management.php\",\"method\":\"GET\"}','GET','/vehicle-management.php',NULL,NULL,'::1','Mozilla/5.0 (Macintosh; Intel Mac OS X 10_15_7) AppleWebKit/537.36 (KHTML, like Gecko) Chrome/144.0.0.0 Safari/537.36','localhost','2026-02-03 16:09:37.085022'),
(288,NULL,'1829900159722','bdc00ea8fc837552a3dff94724ee5f68','95be8b26106ab80d1a4735b086',NULL,'AUDIT','request','VIEW','SUCCESS',NULL,NULL,NULL,NULL,'{\"path\":\"/room-booking.php\",\"method\":\"GET\"}','GET','/room-booking.php',NULL,NULL,'::1','Mozilla/5.0 (Macintosh; Intel Mac OS X 10_15_7) AppleWebKit/537.36 (KHTML, like Gecko) Chrome/144.0.0.0 Safari/537.36','localhost','2026-02-03 16:10:15.042171'),
(289,NULL,'1829900159722','bdc00ea8fc837552a3dff94724ee5f68','ff66db794534d804e4136945ff',NULL,'AUDIT','request','VIEW','SUCCESS',NULL,NULL,NULL,NULL,'{\"path\":\"/room-booking.php\",\"method\":\"GET\"}','GET','/room-booking.php',NULL,NULL,'::1','Mozilla/5.0 (Macintosh; Intel Mac OS X 10_15_7) AppleWebKit/537.36 (KHTML, like Gecko) Chrome/144.0.0.0 Safari/537.36','localhost','2026-02-03 16:11:41.275620'),
(290,NULL,'1829900159722','bdc00ea8fc837552a3dff94724ee5f68','82e967ba24a9350c44ac992bf8',NULL,'AUDIT','request','VIEW','SUCCESS',NULL,NULL,NULL,NULL,'{\"path\":\"/room-booking.php\",\"method\":\"GET\"}','GET','/room-booking.php',NULL,NULL,'::1','Mozilla/5.0 (Macintosh; Intel Mac OS X 10_15_7) AppleWebKit/537.36 (KHTML, like Gecko) Chrome/144.0.0.0 Safari/537.36','localhost','2026-02-03 16:11:55.345952'),
(291,NULL,'1829900159722','bdc00ea8fc837552a3dff94724ee5f68','7fb0ffa7f5cc6ca69d0fb1e2ea',NULL,'AUDIT','request','VIEW','SUCCESS',NULL,NULL,NULL,NULL,'{\"path\":\"/vehicle-reservation-approval.php\",\"method\":\"GET\"}','GET','/vehicle-reservation-approval.php',NULL,NULL,'::1','Mozilla/5.0 (Macintosh; Intel Mac OS X 10_15_7) AppleWebKit/537.36 (KHTML, like Gecko) Chrome/144.0.0.0 Safari/537.36','localhost','2026-02-03 16:12:12.099851'),
(292,NULL,'1829900159722','bdc00ea8fc837552a3dff94724ee5f68','be23bee365087ec779359dddc0',NULL,'AUDIT','request','VIEW','SUCCESS',NULL,NULL,NULL,NULL,'{\"path\":\"/vehicle-reservation-approval.php\",\"method\":\"GET\"}','GET','/vehicle-reservation-approval.php',NULL,NULL,'::1','Mozilla/5.0 (Macintosh; Intel Mac OS X 10_15_7) AppleWebKit/537.36 (KHTML, like Gecko) Chrome/144.0.0.0 Safari/537.36','localhost','2026-02-03 16:12:36.282605'),
(293,NULL,'1829900159722','bdc00ea8fc837552a3dff94724ee5f68','9bdcb2a93944cd65db9f69d045',NULL,'AUDIT','request','VIEW','SUCCESS',NULL,NULL,NULL,NULL,'{\"path\":\"/vehicle-reservation-approval.php\",\"method\":\"GET\"}','GET','/vehicle-reservation-approval.php',NULL,NULL,'::1','Mozilla/5.0 (Macintosh; Intel Mac OS X 10_15_7) AppleWebKit/537.36 (KHTML, like Gecko) Chrome/144.0.0.0 Safari/537.36','localhost','2026-02-03 16:12:49.772747'),
(294,NULL,'1829900159722','a69f666499d841a02aa218e5929146b8','8655dd6ee178d8658605b1f050',NULL,'AUDIT','request','VIEW','SUCCESS',NULL,NULL,NULL,NULL,'{\"path\":\"/room-management.php\",\"method\":\"GET\"}','GET','/room-management.php',NULL,NULL,'::1','Mozilla/5.0 (Linux; Android 6.0; Nexus 5 Build/MRA58N) AppleWebKit/537.36 (KHTML, like Gecko) Chrome/144.0.0.0 Mobile Safari/537.36','localhost','2026-02-03 16:13:13.375279'),
(295,NULL,'1829900159722','a69f666499d841a02aa218e5929146b8','b1ef8ba559d274b977f25dfcf5',NULL,'AUDIT','request','VIEW','SUCCESS',NULL,NULL,NULL,NULL,'{\"path\":\"/room-management.php\",\"method\":\"GET\"}','GET','/room-management.php',NULL,NULL,'::1','Mozilla/5.0 (Linux; Android 6.0; Nexus 5 Build/MRA58N) AppleWebKit/537.36 (KHTML, like Gecko) Chrome/144.0.0.0 Mobile Safari/537.36','localhost','2026-02-03 16:14:16.143859'),
(296,NULL,'1829900159722','a69f666499d841a02aa218e5929146b8','c1e31abde62805a83c7126961d',NULL,'AUDIT','request','VIEW','SUCCESS',NULL,NULL,NULL,NULL,'{\"path\":\"/room-management.php\",\"method\":\"GET\"}','GET','/room-management.php',NULL,NULL,'::1','Mozilla/5.0 (Linux; Android 6.0; Nexus 5 Build/MRA58N) AppleWebKit/537.36 (KHTML, like Gecko) Chrome/144.0.0.0 Mobile Safari/537.36','localhost','2026-02-03 16:14:28.395688'),
(297,NULL,'1829900159722','bdc00ea8fc837552a3dff94724ee5f68','495d49d6a3bb30566ff86ab8c0',NULL,'AUDIT','request','VIEW','SUCCESS',NULL,NULL,NULL,NULL,'{\"path\":\"/room-management.php\",\"method\":\"GET\"}','GET','/room-management.php',NULL,NULL,'::1','Mozilla/5.0 (Macintosh; Intel Mac OS X 10_15_7) AppleWebKit/537.36 (KHTML, like Gecko) Chrome/144.0.0.0 Safari/537.36','localhost','2026-02-03 16:16:09.496673'),
(298,NULL,'1829900159722','bdc00ea8fc837552a3dff94724ee5f68','29ab9344ab958d7da513b429c5',NULL,'AUDIT','request','VIEW','SUCCESS',NULL,NULL,NULL,NULL,'{\"path\":\"/vehicle-reservation-approval.php\",\"method\":\"GET\"}','GET','/vehicle-reservation-approval.php',NULL,NULL,'::1','Mozilla/5.0 (Macintosh; Intel Mac OS X 10_15_7) AppleWebKit/537.36 (KHTML, like Gecko) Chrome/144.0.0.0 Safari/537.36','localhost','2026-02-03 16:16:12.166030'),
(299,NULL,'1829900159722','bdc00ea8fc837552a3dff94724ee5f68','132e65efac7d3a77764898a9d8',NULL,'AUDIT','request','VIEW','SUCCESS',NULL,NULL,NULL,NULL,'{\"path\":\"/room-management.php\",\"method\":\"GET\"}','GET','/room-management.php',NULL,NULL,'::1','Mozilla/5.0 (Macintosh; Intel Mac OS X 10_15_7) AppleWebKit/537.36 (KHTML, like Gecko) Chrome/144.0.0.0 Safari/537.36','localhost','2026-02-03 16:16:21.098160'),
(300,NULL,'1829900159722','a69f666499d841a02aa218e5929146b8','7ae61c5e966d0eb4cdc00a7376',NULL,'AUDIT','request','VIEW','SUCCESS',NULL,NULL,NULL,NULL,'{\"path\":\"/room-management.php\",\"method\":\"GET\"}','GET','/room-management.php',NULL,NULL,'::1','Mozilla/5.0 (Linux; Android 6.0; Nexus 5 Build/MRA58N) AppleWebKit/537.36 (KHTML, like Gecko) Chrome/144.0.0.0 Mobile Safari/537.36','localhost','2026-02-03 16:19:04.255678'),
(301,NULL,'1829900159722','bdc00ea8fc837552a3dff94724ee5f68','9a28d963195520d8c735567eee',NULL,'AUDIT','request','VIEW','SUCCESS',NULL,NULL,NULL,NULL,'{\"path\":\"/room-management.php\",\"method\":\"GET\"}','GET','/room-management.php',NULL,NULL,'::1','Mozilla/5.0 (Macintosh; Intel Mac OS X 10_15_7) AppleWebKit/537.36 (KHTML, like Gecko) Chrome/144.0.0.0 Safari/537.36','localhost','2026-02-03 16:19:42.252887'),
(302,NULL,'1829900159722','bdc00ea8fc837552a3dff94724ee5f68','e4b6749ff9c79af05d909bee61',NULL,'AUDIT','request','VIEW','SUCCESS',NULL,NULL,NULL,NULL,'{\"path\":\"/room-booking-approval.php\",\"method\":\"GET\"}','GET','/room-booking-approval.php',NULL,NULL,'::1','Mozilla/5.0 (Macintosh; Intel Mac OS X 10_15_7) AppleWebKit/537.36 (KHTML, like Gecko) Chrome/144.0.0.0 Safari/537.36','localhost','2026-02-03 16:20:18.906421'),
(303,NULL,'1829900159722','bdc00ea8fc837552a3dff94724ee5f68','334aba370873cf34a2be2174db',NULL,'AUDIT','request','VIEW','SUCCESS',NULL,NULL,NULL,NULL,'{\"path\":\"/room-booking-approval.php\",\"method\":\"GET\"}','GET','/room-booking-approval.php',NULL,NULL,'::1','Mozilla/5.0 (Macintosh; Intel Mac OS X 10_15_7) AppleWebKit/537.36 (KHTML, like Gecko) Chrome/144.0.0.0 Safari/537.36','localhost','2026-02-03 16:20:50.166393'),
(304,NULL,'1829900159722','a69f666499d841a02aa218e5929146b8','a6721a803e781f92dc120e766f',NULL,'AUDIT','request','VIEW','SUCCESS',NULL,NULL,NULL,NULL,'{\"path\":\"/teacher-phone-directory.php\",\"method\":\"GET\"}','GET','/teacher-phone-directory.php',NULL,NULL,'::1','Mozilla/5.0 (Linux; Android 6.0; Nexus 5 Build/MRA58N) AppleWebKit/537.36 (KHTML, like Gecko) Chrome/144.0.0.0 Mobile Safari/537.36','localhost','2026-02-03 16:21:02.763288'),
(305,NULL,'1829900159722','a69f666499d841a02aa218e5929146b8','390633232ba410df653bacb698',NULL,'AUDIT','request','VIEW','SUCCESS',NULL,NULL,NULL,NULL,'{\"path\":\"/teacher-phone-directory.php\",\"method\":\"GET\"}','GET','/teacher-phone-directory.php',NULL,NULL,'::1','Mozilla/5.0 (Linux; Android 6.0; Nexus 5 Build/MRA58N) AppleWebKit/537.36 (KHTML, like Gecko) Chrome/144.0.0.0 Mobile Safari/537.36','localhost','2026-02-03 16:21:03.401732'),
(306,NULL,'1829900159722','a69f666499d841a02aa218e5929146b8','750fa768a2a27732e4a6ff8472',NULL,'AUDIT','request','VIEW','SUCCESS',NULL,NULL,NULL,NULL,'{\"path\":\"/room-management.php\",\"method\":\"GET\"}','GET','/room-management.php',NULL,NULL,'::1','Mozilla/5.0 (Windows NT 10.0; Win64; x64) AppleWebKit/537.36 (KHTML, like Gecko) Chrome/144.0.0.0 Safari/537.36','localhost','2026-02-03 16:21:06.493431'),
(307,NULL,'1829900159722','a69f666499d841a02aa218e5929146b8','0840c4501ab77e5d5c8fc0e88d',NULL,'AUDIT','request','VIEW','SUCCESS',NULL,NULL,NULL,NULL,'{\"path\":\"/room-management.php\",\"method\":\"GET\"}','GET','/room-management.php',NULL,NULL,'::1','Mozilla/5.0 (Windows NT 10.0; Win64; x64) AppleWebKit/537.36 (KHTML, like Gecko) Chrome/144.0.0.0 Safari/537.36','localhost','2026-02-03 16:21:51.789114'),
(308,NULL,'1829900159722','a69f666499d841a02aa218e5929146b8','0f47afc94557d7cec5777345b0',NULL,'AUDIT','request','VIEW','SUCCESS',NULL,NULL,NULL,NULL,'{\"path\":\"/room-management.php\",\"method\":\"GET\"}','GET','/room-management.php',NULL,NULL,'::1','Mozilla/5.0 (Windows NT 10.0; Win64; x64) AppleWebKit/537.36 (KHTML, like Gecko) Chrome/144.0.0.0 Safari/537.36','localhost','2026-02-03 16:21:56.206218'),
(309,NULL,'1829900159722','a69f666499d841a02aa218e5929146b8','4c2ca785a286ca722a2f2f26ff',NULL,'AUDIT','request','VIEW','SUCCESS',NULL,NULL,NULL,NULL,'{\"path\":\"/room-management.php\",\"method\":\"GET\"}','GET','/room-management.php',NULL,NULL,'::1','Mozilla/5.0 (Windows NT 10.0; Win64; x64) AppleWebKit/537.36 (KHTML, like Gecko) Chrome/144.0.0.0 Safari/537.36','localhost','2026-02-03 16:22:09.562399'),
(310,NULL,'1829900159722','bdc00ea8fc837552a3dff94724ee5f68','aeb8dd96652266b23104a5bed6',NULL,'AUDIT','request','VIEW','SUCCESS',NULL,NULL,NULL,NULL,'{\"path\":\"/vehicle-reservation-approval.php\",\"method\":\"GET\"}','GET','/vehicle-reservation-approval.php',NULL,NULL,'::1','Mozilla/5.0 (Macintosh; Intel Mac OS X 10_15_7) AppleWebKit/537.36 (KHTML, like Gecko) Chrome/144.0.0.0 Safari/537.36','localhost','2026-02-03 16:22:34.645137'),
(311,NULL,'1829900159722','bdc00ea8fc837552a3dff94724ee5f68','99ff186b152b4bf642b0f0e1d3',NULL,'AUDIT','request','VIEW','SUCCESS',NULL,NULL,NULL,NULL,'{\"path\":\"/vehicle-reservation-approval.php\",\"method\":\"GET\"}','GET','/vehicle-reservation-approval.php',NULL,NULL,'::1','Mozilla/5.0 (Macintosh; Intel Mac OS X 10_15_7) AppleWebKit/537.36 (KHTML, like Gecko) Chrome/144.0.0.0 Safari/537.36','localhost','2026-02-03 16:22:50.689282'),
(312,NULL,'1829900159722','bdc00ea8fc837552a3dff94724ee5f68','4cc813f990e0fc03ec5924856d',NULL,'AUDIT','request','VIEW','SUCCESS',NULL,NULL,NULL,NULL,'{\"path\":\"/vehicle-reservation.php\",\"method\":\"GET\"}','GET','/vehicle-reservation.php',NULL,NULL,'::1','Mozilla/5.0 (Macintosh; Intel Mac OS X 10_15_7) AppleWebKit/537.36 (KHTML, like Gecko) Chrome/144.0.0.0 Safari/537.36','localhost','2026-02-03 16:22:52.951475'),
(313,NULL,'1829900159722','bdc00ea8fc837552a3dff94724ee5f68','b22193e6cd1cf43f5dc94226c2',NULL,'AUDIT','request','VIEW','SUCCESS',NULL,NULL,NULL,NULL,'{\"path\":\"/vehicle-reservation-approval.php\",\"method\":\"GET\"}','GET','/vehicle-reservation-approval.php',NULL,NULL,'::1','Mozilla/5.0 (Macintosh; Intel Mac OS X 10_15_7) AppleWebKit/537.36 (KHTML, like Gecko) Chrome/144.0.0.0 Safari/537.36','localhost','2026-02-03 16:23:06.689466'),
(314,NULL,'1829900159722','a69f666499d841a02aa218e5929146b8','3ea37464ee8ab4981dba2e118d',NULL,'AUDIT','request','VIEW','SUCCESS',NULL,NULL,NULL,NULL,'{\"path\":\"/room-management.php\",\"method\":\"GET\"}','GET','/room-management.php',NULL,NULL,'::1','Mozilla/5.0 (Linux; Android 6.0; Nexus 5 Build/MRA58N) AppleWebKit/537.36 (KHTML, like Gecko) Chrome/144.0.0.0 Mobile Safari/537.36','localhost','2026-02-03 16:23:08.396325'),
(315,NULL,'1829900159722','bdc00ea8fc837552a3dff94724ee5f68','9aceffa1838e4ecd6d627147ac',NULL,'AUDIT','request','VIEW','SUCCESS',NULL,NULL,NULL,NULL,'{\"path\":\"/room-booking.php\",\"method\":\"GET\"}','GET','/room-booking.php',NULL,NULL,'::1','Mozilla/5.0 (Macintosh; Intel Mac OS X 10_15_7) AppleWebKit/537.36 (KHTML, like Gecko) Chrome/144.0.0.0 Safari/537.36','localhost','2026-02-03 16:23:11.361072'),
(316,NULL,'1829900159722','bdc00ea8fc837552a3dff94724ee5f68','e81e87f5e0ca8969af8d087bf6',NULL,'AUDIT','request','VIEW','SUCCESS',NULL,NULL,NULL,NULL,'{\"path\":\"/room-booking-approval.php\",\"method\":\"GET\"}','GET','/room-booking-approval.php',NULL,NULL,'::1','Mozilla/5.0 (Macintosh; Intel Mac OS X 10_15_7) AppleWebKit/537.36 (KHTML, like Gecko) Chrome/144.0.0.0 Safari/537.36','localhost','2026-02-03 16:23:14.129873'),
(317,NULL,'1829900159722','bdc00ea8fc837552a3dff94724ee5f68','007c7063402ad6b10241c44d38',NULL,'AUDIT','request','VIEW','SUCCESS',NULL,NULL,NULL,NULL,'{\"path\":\"/room-booking-approval.php\",\"method\":\"GET\"}','GET','/room-booking-approval.php',NULL,NULL,'::1','Mozilla/5.0 (Macintosh; Intel Mac OS X 10_15_7) AppleWebKit/537.36 (KHTML, like Gecko) Chrome/144.0.0.0 Safari/537.36','localhost','2026-02-03 16:24:43.790048'),
(318,NULL,'1829900159722','bdc00ea8fc837552a3dff94724ee5f68','708ab36bb6ae86f4cdb0c28518',NULL,'AUDIT','request','VIEW','SUCCESS',NULL,NULL,NULL,NULL,'{\"path\":\"/room-booking-approval.php\",\"method\":\"GET\"}','GET','/room-booking-approval.php',NULL,NULL,'::1','Mozilla/5.0 (Macintosh; Intel Mac OS X 10_15_7) AppleWebKit/537.36 (KHTML, like Gecko) Chrome/144.0.0.0 Safari/537.36','localhost','2026-02-03 16:24:49.142096'),
(319,NULL,'1829900159722','bdc00ea8fc837552a3dff94724ee5f68','a5d8a7b6e8a46e473c429e93d1',NULL,'AUDIT','request','VIEW','SUCCESS',NULL,NULL,NULL,NULL,'{\"path\":\"/room-booking-approval.php\",\"method\":\"GET\"}','GET','/room-booking-approval.php',NULL,NULL,'::1','Mozilla/5.0 (Macintosh; Intel Mac OS X 10_15_7) AppleWebKit/537.36 (KHTML, like Gecko) Chrome/144.0.0.0 Safari/537.36','localhost','2026-02-03 16:24:54.038546'),
(320,NULL,'1829900159722','bdc00ea8fc837552a3dff94724ee5f68','8e9722ec67709a47f44b456985',NULL,'AUDIT','request','VIEW','SUCCESS',NULL,NULL,NULL,NULL,'{\"path\":\"/room-booking-approval.php\",\"method\":\"GET\"}','GET','/room-booking-approval.php',NULL,NULL,'::1','Mozilla/5.0 (Macintosh; Intel Mac OS X 10_15_7) AppleWebKit/537.36 (KHTML, like Gecko) Chrome/144.0.0.0 Safari/537.36','localhost','2026-02-03 16:25:01.671540'),
(321,NULL,'1829900159722','bdc00ea8fc837552a3dff94724ee5f68','2055161755dce78023f0f362a9',NULL,'AUDIT','request','VIEW','SUCCESS',NULL,NULL,NULL,NULL,'{\"path\":\"/room-booking-approval.php\",\"method\":\"GET\"}','GET','/room-booking-approval.php',NULL,NULL,'::1','Mozilla/5.0 (Macintosh; Intel Mac OS X 10_15_7) AppleWebKit/537.36 (KHTML, like Gecko) Chrome/144.0.0.0 Safari/537.36','localhost','2026-02-03 16:25:57.061375'),
(322,NULL,'1829900159722','a69f666499d841a02aa218e5929146b8','f2e78324b92fa8d73e51674d02',NULL,'AUDIT','request','VIEW','SUCCESS',NULL,NULL,NULL,NULL,'{\"path\":\"/room-management.php\",\"method\":\"GET\"}','GET','/room-management.php',NULL,NULL,'::1','Mozilla/5.0 (Linux; Android 6.0; Nexus 5 Build/MRA58N) AppleWebKit/537.36 (KHTML, like Gecko) Chrome/144.0.0.0 Mobile Safari/537.36','localhost','2026-02-03 16:26:11.782199'),
(323,NULL,'1829900159722','bdc00ea8fc837552a3dff94724ee5f68','dc6529e968b6037a190ad0ec82',NULL,'AUDIT','request','VIEW','SUCCESS',NULL,NULL,NULL,NULL,'{\"path\":\"/room-booking-approval.php\",\"method\":\"GET\"}','GET','/room-booking-approval.php',NULL,NULL,'::1','Mozilla/5.0 (Macintosh; Intel Mac OS X 10_15_7) AppleWebKit/537.36 (KHTML, like Gecko) Chrome/144.0.0.0 Safari/537.36','localhost','2026-02-03 16:26:15.583145'),
(324,NULL,'1829900159722','bdc00ea8fc837552a3dff94724ee5f68','b778f54c884188dcfecac7b822',NULL,'AUDIT','request','VIEW','SUCCESS',NULL,NULL,NULL,NULL,'{\"path\":\"/circular-notice.php\",\"method\":\"GET\"}','GET','/circular-notice.php',NULL,NULL,'::1','Mozilla/5.0 (Macintosh; Intel Mac OS X 10_15_7) AppleWebKit/537.36 (KHTML, like Gecko) Chrome/144.0.0.0 Safari/537.36','localhost','2026-02-03 16:27:31.199133'),
(325,NULL,'1829900159722','bdc00ea8fc837552a3dff94724ee5f68','374065ed367abaf4432554ddc8',NULL,'AUDIT','request','VIEW','SUCCESS',NULL,NULL,NULL,NULL,'{\"path\":\"/circular-archive.php\",\"method\":\"GET\"}','GET','/circular-archive.php',NULL,NULL,'::1','Mozilla/5.0 (Macintosh; Intel Mac OS X 10_15_7) AppleWebKit/537.36 (KHTML, like Gecko) Chrome/144.0.0.0 Safari/537.36','localhost','2026-02-03 16:27:39.117434'),
(326,NULL,'1829900159722','bdc00ea8fc837552a3dff94724ee5f68','71e1025c54f98b4874a67be820',NULL,'AUDIT','request','VIEW','SUCCESS',NULL,NULL,NULL,NULL,'{\"path\":\"/circular-notice.php\",\"method\":\"GET\"}','GET','/circular-notice.php',NULL,NULL,'::1','Mozilla/5.0 (Macintosh; Intel Mac OS X 10_15_7) AppleWebKit/537.36 (KHTML, like Gecko) Chrome/144.0.0.0 Safari/537.36','localhost','2026-02-03 16:27:45.315604'),
(327,NULL,'1829900159722','bdc00ea8fc837552a3dff94724ee5f68','55355ff27ed6f1ae9518f95d98',NULL,'AUDIT','request','VIEW','SUCCESS',NULL,NULL,NULL,NULL,'{\"path\":\"/circular-compose.php\",\"method\":\"GET\"}','GET','/circular-compose.php',NULL,NULL,'::1','Mozilla/5.0 (Macintosh; Intel Mac OS X 10_15_7) AppleWebKit/537.36 (KHTML, like Gecko) Chrome/144.0.0.0 Safari/537.36','localhost','2026-02-03 16:28:32.443442'),
(328,NULL,'1829900159722','bdc00ea8fc837552a3dff94724ee5f68','2b9290afb62813d1a6c30a8497',NULL,'AUDIT','request','VIEW','SUCCESS',NULL,NULL,NULL,NULL,'{\"path\":\"/orders-manage.php\",\"method\":\"GET\"}','GET','/orders-manage.php',NULL,NULL,'::1','Mozilla/5.0 (Macintosh; Intel Mac OS X 10_15_7) AppleWebKit/537.36 (KHTML, like Gecko) Chrome/144.0.0.0 Safari/537.36','localhost','2026-02-03 16:28:37.380044'),
(329,NULL,'1829900159722','bdc00ea8fc837552a3dff94724ee5f68','3fa53f1b786cce0c42c4b2879a',NULL,'AUDIT','request','VIEW','SUCCESS',NULL,NULL,NULL,NULL,'{\"path\":\"/circular-archive.php\",\"method\":\"GET\"}','GET','/circular-archive.php',NULL,NULL,'::1','Mozilla/5.0 (Macintosh; Intel Mac OS X 10_15_7) AppleWebKit/537.36 (KHTML, like Gecko) Chrome/144.0.0.0 Safari/537.36','localhost','2026-02-03 16:28:39.950519'),
(330,NULL,'1829900159722','a69f666499d841a02aa218e5929146b8','7298b76a1c64c8921fbde65220',NULL,'AUDIT','request','VIEW','SUCCESS',NULL,NULL,NULL,NULL,'{\"path\":\"/room-management.php\",\"method\":\"GET\"}','GET','/room-management.php',NULL,NULL,'::1','Mozilla/5.0 (Linux; Android 6.0; Nexus 5 Build/MRA58N) AppleWebKit/537.36 (KHTML, like Gecko) Chrome/144.0.0.0 Mobile Safari/537.36','localhost','2026-02-03 16:29:03.763253'),
(331,NULL,'1829900159722','a69f666499d841a02aa218e5929146b8','f1148a772594d573ae9707bde7',NULL,'AUDIT','request','VIEW','SUCCESS',NULL,NULL,NULL,NULL,'{\"path\":\"/room-management.php\",\"method\":\"GET\"}','GET','/room-management.php',NULL,NULL,'::1','Mozilla/5.0 (Windows NT 10.0; Win64; x64) AppleWebKit/537.36 (KHTML, like Gecko) Chrome/144.0.0.0 Safari/537.36','localhost','2026-02-03 16:29:25.673893'),
(332,NULL,'1829900159722','a69f666499d841a02aa218e5929146b8','135273422043586267ed78dc3f',NULL,'AUDIT','request','VIEW','SUCCESS',NULL,NULL,NULL,NULL,'{\"path\":\"/room-management.php\",\"method\":\"GET\"}','GET','/room-management.php',NULL,NULL,'::1','Mozilla/5.0 (Windows NT 10.0; Win64; x64) AppleWebKit/537.36 (KHTML, like Gecko) Chrome/144.0.0.0 Safari/537.36','localhost','2026-02-03 16:30:01.021000'),
(333,NULL,'1829900159722','a69f666499d841a02aa218e5929146b8','e2d37c6abe0eebc0e8de6b2bdf',NULL,'AUDIT','request','VIEW','SUCCESS',NULL,NULL,NULL,NULL,'{\"path\":\"/room-management.php\",\"method\":\"GET\"}','GET','/room-management.php',NULL,NULL,'::1','Mozilla/5.0 (Linux; Android 6.0; Nexus 5 Build/MRA58N) AppleWebKit/537.36 (KHTML, like Gecko) Chrome/144.0.0.0 Mobile Safari/537.36','localhost','2026-02-03 16:30:21.926498'),
(334,NULL,'1829900159722','bdc00ea8fc837552a3dff94724ee5f68','33fd7078ddafa74de61cd3aa0a',NULL,'AUDIT','request','VIEW','SUCCESS',NULL,NULL,NULL,NULL,'{\"path\":\"/vehicle-reservation.php\",\"method\":\"GET\"}','GET','/vehicle-reservation.php',NULL,NULL,'::1','Mozilla/5.0 (Macintosh; Intel Mac OS X 10_15_7) AppleWebKit/537.36 (KHTML, like Gecko) Chrome/144.0.0.0 Safari/537.36','localhost','2026-02-03 16:30:29.599422'),
(335,NULL,'1829900159722','bdc00ea8fc837552a3dff94724ee5f68','556498306f27794692b64efdd4',NULL,'AUDIT','request','VIEW','SUCCESS',NULL,NULL,NULL,NULL,'{\"path\":\"/room-booking.php\",\"method\":\"GET\"}','GET','/room-booking.php',NULL,NULL,'::1','Mozilla/5.0 (Macintosh; Intel Mac OS X 10_15_7) AppleWebKit/537.36 (KHTML, like Gecko) Chrome/144.0.0.0 Safari/537.36','localhost','2026-02-03 16:30:35.137139'),
(336,NULL,'1829900159722','bdc00ea8fc837552a3dff94724ee5f68','f1d517794be3cd6e3688bbf8d6',NULL,'AUDIT','request','VIEW','SUCCESS',NULL,NULL,NULL,NULL,'{\"path\":\"/room-booking-approval.php\",\"method\":\"GET\"}','GET','/room-booking-approval.php',NULL,NULL,'::1','Mozilla/5.0 (Macintosh; Intel Mac OS X 10_15_7) AppleWebKit/537.36 (KHTML, like Gecko) Chrome/144.0.0.0 Safari/537.36','localhost','2026-02-03 16:30:37.285269'),
(337,NULL,'1829900159722','a69f666499d841a02aa218e5929146b8','44a08f10f3e8731c331431dbd9',NULL,'AUDIT','request','VIEW','SUCCESS',NULL,NULL,NULL,NULL,'{\"path\":\"/room-management.php\",\"method\":\"GET\"}','GET','/room-management.php',NULL,NULL,'::1','Mozilla/5.0 (Linux; Android 6.0; Nexus 5 Build/MRA58N) AppleWebKit/537.36 (KHTML, like Gecko) Chrome/144.0.0.0 Mobile Safari/537.36','localhost','2026-02-03 16:31:37.896047'),
(338,NULL,'1829900159722','bdc00ea8fc837552a3dff94724ee5f68','e5b283cc7c7c9926980ddaf996',NULL,'AUDIT','request','VIEW','SUCCESS',NULL,NULL,NULL,NULL,'{\"path\":\"/orders-inbox.php\",\"method\":\"GET\"}','GET','/orders-inbox.php',NULL,NULL,'::1','Mozilla/5.0 (Macintosh; Intel Mac OS X 10_15_7) AppleWebKit/537.36 (KHTML, like Gecko) Chrome/144.0.0.0 Safari/537.36','localhost','2026-02-03 16:31:54.834844'),
(339,NULL,'1829900159722','bdc00ea8fc837552a3dff94724ee5f68','a624c1b3891553c9a40bffc365',NULL,'AUDIT','request','VIEW','SUCCESS',NULL,NULL,NULL,NULL,'{\"path\":\"/dashboard.php\",\"method\":\"GET\"}','GET','/dashboard.php',NULL,NULL,'::1','Mozilla/5.0 (Macintosh; Intel Mac OS X 10_15_7) AppleWebKit/537.36 (KHTML, like Gecko) Chrome/144.0.0.0 Safari/537.36','localhost','2026-02-03 16:31:57.694665'),
(340,NULL,'1829900159722','a69f666499d841a02aa218e5929146b8','5a16c603d23f5780ca8fd92a5f',NULL,'AUDIT','request','VIEW','SUCCESS',NULL,NULL,NULL,NULL,'{\"path\":\"/room-management.php\",\"method\":\"GET\"}','GET','/room-management.php',NULL,NULL,'::1','Mozilla/5.0 (Windows NT 10.0; Win64; x64) AppleWebKit/537.36 (KHTML, like Gecko) Chrome/144.0.0.0 Safari/537.36','localhost','2026-02-03 16:32:02.361888'),
(341,NULL,'1829900159722','a69f666499d841a02aa218e5929146b8','f76ec6c766914bc6325883c62e',NULL,'AUDIT','request','VIEW','SUCCESS',NULL,NULL,NULL,NULL,'{\"path\":\"/room-management.php\",\"method\":\"GET\"}','GET','/room-management.php',NULL,NULL,'::1','Mozilla/5.0 (Windows NT 10.0; Win64; x64) AppleWebKit/537.36 (KHTML, like Gecko) Chrome/144.0.0.0 Safari/537.36','localhost','2026-02-03 16:32:33.735072'),
(342,NULL,'1829900159722','a69f666499d841a02aa218e5929146b8','a200c287858730bd31afd61e45',NULL,'AUDIT','request','VIEW','SUCCESS',NULL,NULL,NULL,NULL,'{\"path\":\"/room-management.php\",\"method\":\"GET\"}','GET','/room-management.php',NULL,NULL,'::1','Mozilla/5.0 (Windows NT 10.0; Win64; x64) AppleWebKit/537.36 (KHTML, like Gecko) Chrome/144.0.0.0 Safari/537.36','localhost','2026-02-03 16:32:34.136878'),
(343,NULL,'1829900159722','a69f666499d841a02aa218e5929146b8','b0e3396e71efe6b37e533c8cce',NULL,'AUDIT','request','VIEW','SUCCESS',NULL,NULL,NULL,NULL,'{\"path\":\"/room-management.php\",\"method\":\"GET\"}','GET','/room-management.php',NULL,NULL,'::1','Mozilla/5.0 (Windows NT 10.0; Win64; x64) AppleWebKit/537.36 (KHTML, like Gecko) Chrome/144.0.0.0 Safari/537.36','localhost','2026-02-03 16:32:34.685644'),
(344,NULL,'1829900159722','a69f666499d841a02aa218e5929146b8','086f4997468403ef4eb2e86add',NULL,'AUDIT','request','VIEW','SUCCESS',NULL,NULL,NULL,NULL,'{\"path\":\"/room-management.php\",\"method\":\"GET\"}','GET','/room-management.php',NULL,NULL,'::1','Mozilla/5.0 (Windows NT 10.0; Win64; x64) AppleWebKit/537.36 (KHTML, like Gecko) Chrome/144.0.0.0 Safari/537.36','localhost','2026-02-03 16:32:35.292449'),
(345,NULL,'1829900159722','a69f666499d841a02aa218e5929146b8','a8638f8508f17a3433cd4b9582',NULL,'AUDIT','request','VIEW','SUCCESS',NULL,NULL,NULL,NULL,'{\"path\":\"/room-management.php\",\"method\":\"GET\"}','GET','/room-management.php',NULL,NULL,'::1','Mozilla/5.0 (Windows NT 10.0; Win64; x64) AppleWebKit/537.36 (KHTML, like Gecko) Chrome/144.0.0.0 Safari/537.36','localhost','2026-02-03 16:32:35.657640'),
(346,NULL,'1829900159722','a69f666499d841a02aa218e5929146b8','c3f874e5b0328d1c1422e661e8',NULL,'AUDIT','request','VIEW','SUCCESS',NULL,NULL,NULL,NULL,'{\"path\":\"/room-management.php\",\"method\":\"GET\"}','GET','/room-management.php',NULL,NULL,'::1','Mozilla/5.0 (Windows NT 10.0; Win64; x64) AppleWebKit/537.36 (KHTML, like Gecko) Chrome/144.0.0.0 Safari/537.36','localhost','2026-02-03 16:32:36.439954'),
(347,NULL,'1829900159722','a69f666499d841a02aa218e5929146b8','7435136fe5ded89f659af8b3e3',NULL,'AUDIT','request','VIEW','SUCCESS',NULL,NULL,NULL,NULL,'{\"path\":\"/room-management.php\",\"method\":\"GET\"}','GET','/room-management.php',NULL,NULL,'::1','Mozilla/5.0 (Linux; Android 6.0; Nexus 5 Build/MRA58N) AppleWebKit/537.36 (KHTML, like Gecko) Chrome/144.0.0.0 Mobile Safari/537.36','localhost','2026-02-03 16:33:02.405236'),
(348,NULL,'1829900159722','a69f666499d841a02aa218e5929146b8','202dd541d0b62ff5d900d43b75',NULL,'AUDIT','request','VIEW','SUCCESS',NULL,NULL,NULL,NULL,'{\"path\":\"/room-management.php\",\"method\":\"GET\"}','GET','/room-management.php',NULL,NULL,'::1','Mozilla/5.0 (Linux; Android 6.0; Nexus 5 Build/MRA58N) AppleWebKit/537.36 (KHTML, like Gecko) Chrome/144.0.0.0 Mobile Safari/537.36','localhost','2026-02-03 16:33:41.490091'),
(349,NULL,'1829900159722','a69f666499d841a02aa218e5929146b8','3a5159a5964c0a7a2b166cbc6b',NULL,'AUDIT','request','VIEW','SUCCESS',NULL,NULL,NULL,NULL,'{\"path\":\"/room-management.php\",\"method\":\"GET\"}','GET','/room-management.php',NULL,NULL,'::1','Mozilla/5.0 (Linux; Android 6.0; Nexus 5 Build/MRA58N) AppleWebKit/537.36 (KHTML, like Gecko) Chrome/144.0.0.0 Mobile Safari/537.36','localhost','2026-02-03 16:33:56.187650'),
(350,NULL,'1829900159722','a69f666499d841a02aa218e5929146b8','d54795394fd2a9d972d0c807bb',NULL,'AUDIT','request','VIEW','SUCCESS',NULL,NULL,NULL,NULL,'{\"path\":\"/room-management.php\",\"method\":\"GET\"}','GET','/room-management.php',NULL,NULL,'::1','Mozilla/5.0 (Linux; Android 6.0; Nexus 5 Build/MRA58N) AppleWebKit/537.36 (KHTML, like Gecko) Chrome/144.0.0.0 Mobile Safari/537.36','localhost','2026-02-03 16:37:36.239740'),
(351,NULL,'1829900159722','a69f666499d841a02aa218e5929146b8','329fdb23e4f391d292ffc92b3d',NULL,'AUDIT','request','VIEW','SUCCESS',NULL,NULL,NULL,NULL,'{\"path\":\"/room-management.php\",\"method\":\"GET\"}','GET','/room-management.php',NULL,NULL,'::1','Mozilla/5.0 (Linux; Android 6.0; Nexus 5 Build/MRA58N) AppleWebKit/537.36 (KHTML, like Gecko) Chrome/144.0.0.0 Mobile Safari/537.36','localhost','2026-02-03 16:37:55.682094'),
(352,NULL,'1829900159722','a69f666499d841a02aa218e5929146b8','e4cf08976a2198f99b2367f00d',NULL,'AUDIT','request','VIEW','SUCCESS',NULL,NULL,NULL,NULL,'{\"path\":\"/room-management.php\",\"method\":\"GET\"}','GET','/room-management.php',NULL,NULL,'::1','Mozilla/5.0 (Linux; Android 6.0; Nexus 5 Build/MRA58N) AppleWebKit/537.36 (KHTML, like Gecko) Chrome/144.0.0.0 Mobile Safari/537.36','localhost','2026-02-03 16:39:07.367129'),
(353,NULL,'1829900159722','a69f666499d841a02aa218e5929146b8','886854410be9df1c5eaa156ac8',NULL,'AUDIT','request','VIEW','SUCCESS',NULL,NULL,NULL,NULL,'{\"path\":\"/room-management.php\",\"method\":\"GET\"}','GET','/room-management.php',NULL,NULL,'::1','Mozilla/5.0 (Windows NT 10.0; Win64; x64) AppleWebKit/537.36 (KHTML, like Gecko) Chrome/144.0.0.0 Safari/537.36','localhost','2026-02-03 16:48:50.646365'),
(354,NULL,'1829900159722','a69f666499d841a02aa218e5929146b8','4ca72f02dd1c37d648f56edc14',NULL,'AUDIT','request','VIEW','SUCCESS',NULL,NULL,NULL,NULL,'{\"path\":\"/room-management.php\",\"method\":\"GET\"}','GET','/room-management.php',NULL,NULL,'::1','Mozilla/5.0 (Windows NT 10.0; Win64; x64) AppleWebKit/537.36 (KHTML, like Gecko) Chrome/144.0.0.0 Safari/537.36','localhost','2026-02-03 16:50:40.357839'),
(355,NULL,'1829900159722','a69f666499d841a02aa218e5929146b8','f4c93d331608157e3546f5b98d',NULL,'AUDIT','request','VIEW','SUCCESS',NULL,NULL,NULL,NULL,'{\"path\":\"/room-management.php\",\"method\":\"GET\"}','GET','/room-management.php',NULL,NULL,'::1','Mozilla/5.0 (Windows NT 10.0; Win64; x64) AppleWebKit/537.36 (KHTML, like Gecko) Chrome/144.0.0.0 Safari/537.36','localhost','2026-02-03 17:00:13.162662'),
(356,NULL,'1829900159722','a69f666499d841a02aa218e5929146b8','622fd3404081802cf1d72115b0',NULL,'AUDIT','request','VIEW','SUCCESS',NULL,NULL,NULL,NULL,'{\"path\":\"/room-management.php\",\"method\":\"GET\"}','GET','/room-management.php',NULL,NULL,'::1','Mozilla/5.0 (Windows NT 10.0; Win64; x64) AppleWebKit/537.36 (KHTML, like Gecko) Chrome/144.0.0.0 Safari/537.36','localhost','2026-02-03 17:00:13.382420'),
(357,NULL,'1829900159722','a69f666499d841a02aa218e5929146b8','4613302f4e45106a0f5ec372c2',NULL,'AUDIT','request','VIEW','SUCCESS',NULL,NULL,NULL,NULL,'{\"path\":\"/room-management.php\",\"method\":\"GET\"}','GET','/room-management.php',NULL,NULL,'::1','Mozilla/5.0 (Windows NT 10.0; Win64; x64) AppleWebKit/537.36 (KHTML, like Gecko) Chrome/144.0.0.0 Safari/537.36','localhost','2026-02-03 17:00:14.379149'),
(358,NULL,'','eab37f5c4e1a77ff14d810d129a85256','9e35e2b0c8792990c715a4de6c',NULL,'SECURITY','auth','ACCESS_DENIED','DENY',NULL,NULL,'unauthorized',NULL,NULL,'GET','/vehicle-reservation.php',NULL,NULL,'::1','Mozilla/5.0 (Windows NT 10.0; Win64; x64) AppleWebKit/537.36 (KHTML, like Gecko) Chrome/144.0.0.0 Safari/537.36','localhost','2026-02-04 13:33:45.598007'),
(359,NULL,'1829900159722','0bff3d37290924826ed011fe54d34e89','666c603dd2586fce8668b31eb6',NULL,'AUDIT','auth','LOGIN','SUCCESS','teacher',1829900159722,NULL,NULL,NULL,'POST','/index.php',NULL,NULL,'::1','Mozilla/5.0 (Windows NT 10.0; Win64; x64) AppleWebKit/537.36 (KHTML, like Gecko) Chrome/144.0.0.0 Safari/537.36','localhost','2026-02-04 13:33:53.736860'),
(360,NULL,'1829900159722','0bff3d37290924826ed011fe54d34e89','b8b290bff8cea6ef391f84dc79',NULL,'AUDIT','request','VIEW','SUCCESS',NULL,NULL,NULL,NULL,'{\"path\":\"/dashboard.php\",\"method\":\"GET\"}','GET','/dashboard.php',NULL,NULL,'::1','Mozilla/5.0 (Windows NT 10.0; Win64; x64) AppleWebKit/537.36 (KHTML, like Gecko) Chrome/144.0.0.0 Safari/537.36','localhost','2026-02-04 13:33:55.710846'),
(361,NULL,'1829900159722','0bff3d37290924826ed011fe54d34e89','37814fdce12d7de0f74dc5d547',NULL,'AUDIT','request','VIEW','SUCCESS',NULL,NULL,NULL,NULL,'{\"path\":\"/dashboard.php\",\"method\":\"GET\"}','GET','/dashboard.php',NULL,NULL,'::1','Mozilla/5.0 (Windows NT 10.0; Win64; x64) AppleWebKit/537.36 (KHTML, like Gecko) Chrome/144.0.0.0 Safari/537.36','localhost','2026-02-04 13:34:07.141814'),
(362,NULL,'1829900159722','0bff3d37290924826ed011fe54d34e89','11a8d6fe4e31e61e22fc45066c',NULL,'AUDIT','request','VIEW','SUCCESS',NULL,NULL,NULL,NULL,'{\"path\":\"/memo.php\",\"method\":\"GET\"}','GET','/memo.php',NULL,NULL,'::1','Mozilla/5.0 (Windows NT 10.0; Win64; x64) AppleWebKit/537.36 (KHTML, like Gecko) Chrome/144.0.0.0 Safari/537.36','localhost','2026-02-04 13:34:11.191207'),
(363,NULL,'1829900159722','0bff3d37290924826ed011fe54d34e89','680e6380620fe42c61a5c4d3ee',NULL,'AUDIT','request','VIEW','SUCCESS',NULL,NULL,NULL,NULL,'{\"path\":\"/memo.php\",\"method\":\"GET\"}','GET','/memo.php',NULL,NULL,'::1','Mozilla/5.0 (Linux; Android 6.0; Nexus 5 Build/MRA58N) AppleWebKit/537.36 (KHTML, like Gecko) Chrome/144.0.0.0 Mobile Safari/537.36','localhost','2026-02-04 13:34:34.115604'),
(364,NULL,'1829900159722','0bff3d37290924826ed011fe54d34e89','05dac79c4638434737d0464620',NULL,'AUDIT','request','VIEW','SUCCESS',NULL,NULL,NULL,NULL,'{\"path\":\"/memo.php\",\"method\":\"GET\"}','GET','/memo.php',NULL,NULL,'::1','Mozilla/5.0 (Windows NT 10.0; Win64; x64) AppleWebKit/537.36 (KHTML, like Gecko) Chrome/144.0.0.0 Safari/537.36','localhost','2026-02-04 13:36:04.177034'),
(365,NULL,'1829900159722','0bff3d37290924826ed011fe54d34e89','50c33478f5db4cdc254ee401c3',NULL,'AUDIT','request','VIEW','SUCCESS',NULL,NULL,NULL,NULL,'{\"path\":\"/dashboard.php\",\"method\":\"GET\"}','GET','/dashboard.php',NULL,NULL,'::1','Mozilla/5.0 (Windows NT 10.0; Win64; x64) AppleWebKit/537.36 (KHTML, like Gecko) Chrome/144.0.0.0 Safari/537.36','localhost','2026-02-04 13:36:07.092508'),
(366,NULL,'1829900159722','0bff3d37290924826ed011fe54d34e89','cdbfe146fbf0be9ee33f9ca0cc',NULL,'AUDIT','request','VIEW','SUCCESS',NULL,NULL,NULL,NULL,'{\"path\":\"/dashboard.php\",\"method\":\"GET\"}','GET','/dashboard.php',NULL,NULL,'::1','Mozilla/5.0 (Windows NT 10.0; Win64; x64) AppleWebKit/537.36 (KHTML, like Gecko) Chrome/144.0.0.0 Safari/537.36','localhost','2026-02-04 13:36:18.013029'),
(367,NULL,'1829900159722','0bff3d37290924826ed011fe54d34e89','00a91b776089f7d63dc79504df',NULL,'AUDIT','request','VIEW','SUCCESS',NULL,NULL,NULL,NULL,'{\"path\":\"/dashboard.php\",\"method\":\"GET\"}','GET','/dashboard.php',NULL,NULL,'::1','Mozilla/5.0 (Linux; Android 6.0; Nexus 5 Build/MRA58N) AppleWebKit/537.36 (KHTML, like Gecko) Chrome/144.0.0.0 Mobile Safari/537.36','localhost','2026-02-04 13:36:28.338452'),
(368,NULL,'1829900159722','0bff3d37290924826ed011fe54d34e89','252058827eae21f39f8697a9cc',NULL,'AUDIT','request','VIEW','SUCCESS',NULL,NULL,NULL,NULL,'{\"path\":\"/dashboard.php\",\"method\":\"GET\"}','GET','/dashboard.php',NULL,NULL,'::1','Mozilla/5.0 (Windows NT 10.0; Win64; x64) AppleWebKit/537.36 (KHTML, like Gecko) Chrome/144.0.0.0 Safari/537.36','localhost','2026-02-04 13:37:01.741454'),
(369,NULL,'1829900159722','0bff3d37290924826ed011fe54d34e89','dc2c6d160218698227330dc3a8',NULL,'AUDIT','request','VIEW','SUCCESS',NULL,NULL,NULL,NULL,'{\"path\":\"/vehicle-management.php\",\"method\":\"GET\"}','GET','/vehicle-management.php',NULL,NULL,'::1','Mozilla/5.0 (Windows NT 10.0; Win64; x64) AppleWebKit/537.36 (KHTML, like Gecko) Chrome/144.0.0.0 Safari/537.36','localhost','2026-02-04 13:37:08.160789'),
(370,NULL,'1829900159722','0bff3d37290924826ed011fe54d34e89','8e3d14c0b1c667f1425e484c4e',NULL,'AUDIT','request','VIEW','SUCCESS',NULL,NULL,NULL,NULL,'{\"path\":\"/room-booking-approval.php\",\"method\":\"GET\"}','GET','/room-booking-approval.php',NULL,NULL,'::1','Mozilla/5.0 (Windows NT 10.0; Win64; x64) AppleWebKit/537.36 (KHTML, like Gecko) Chrome/144.0.0.0 Safari/537.36','localhost','2026-02-04 13:37:14.513891'),
(371,NULL,'1829900159722','0bff3d37290924826ed011fe54d34e89','31a00cc63f0c18c6d7a5981075',NULL,'AUDIT','request','VIEW','SUCCESS',NULL,NULL,NULL,NULL,'{\"path\":\"/room-booking.php\",\"method\":\"GET\"}','GET','/room-booking.php',NULL,NULL,'::1','Mozilla/5.0 (Windows NT 10.0; Win64; x64) AppleWebKit/537.36 (KHTML, like Gecko) Chrome/144.0.0.0 Safari/537.36','localhost','2026-02-04 13:37:20.792610'),
(372,NULL,'1829900159722','0bff3d37290924826ed011fe54d34e89','3b40339b8f7885850f471cda5e',NULL,'AUDIT','request','VIEW','SUCCESS',NULL,NULL,NULL,NULL,'{\"path\":\"/room-booking-approval.php\",\"method\":\"GET\"}','GET','/room-booking-approval.php',NULL,NULL,'::1','Mozilla/5.0 (Windows NT 10.0; Win64; x64) AppleWebKit/537.36 (KHTML, like Gecko) Chrome/144.0.0.0 Safari/537.36','localhost','2026-02-04 13:37:26.067343'),
(373,NULL,'1829900159722','0bff3d37290924826ed011fe54d34e89','28a7e13722452b503d582c1b91',NULL,'AUDIT','request','VIEW','SUCCESS',NULL,NULL,NULL,NULL,'{\"path\":\"/room-management.php\",\"method\":\"GET\"}','GET','/room-management.php',NULL,NULL,'::1','Mozilla/5.0 (Windows NT 10.0; Win64; x64) AppleWebKit/537.36 (KHTML, like Gecko) Chrome/144.0.0.0 Safari/537.36','localhost','2026-02-04 13:38:35.864715'),
(374,NULL,'1829900159722','0bff3d37290924826ed011fe54d34e89','c4d6ee2bd340ab63f48027a5ff',NULL,'AUDIT','request','VIEW','SUCCESS',NULL,NULL,NULL,NULL,'{\"path\":\"/room-booking.php\",\"method\":\"GET\"}','GET','/room-booking.php',NULL,NULL,'::1','Mozilla/5.0 (Windows NT 10.0; Win64; x64) AppleWebKit/537.36 (KHTML, like Gecko) Chrome/144.0.0.0 Safari/537.36','localhost','2026-02-04 13:38:53.958660'),
(375,NULL,'1829900159722','0bff3d37290924826ed011fe54d34e89','126f6a76b8aca97784c54174c5',NULL,'AUDIT','request','VIEW','SUCCESS',NULL,NULL,NULL,NULL,'{\"path\":\"/vehicle-reservation-approval.php\",\"method\":\"GET\"}','GET','/vehicle-reservation-approval.php',NULL,NULL,'::1','Mozilla/5.0 (Windows NT 10.0; Win64; x64) AppleWebKit/537.36 (KHTML, like Gecko) Chrome/144.0.0.0 Safari/537.36','localhost','2026-02-04 13:38:58.483876'),
(376,NULL,'1829900159722','0bff3d37290924826ed011fe54d34e89','6a99621dc91374e9c072b5b6ba',NULL,'AUDIT','request','VIEW','SUCCESS',NULL,NULL,NULL,NULL,'{\"path\":\"/vehicle-reservation-approval.php\",\"method\":\"GET\"}','GET','/vehicle-reservation-approval.php',NULL,NULL,'::1','Mozilla/5.0 (Windows NT 10.0; Win64; x64) AppleWebKit/537.36 (KHTML, like Gecko) Chrome/144.0.0.0 Safari/537.36','localhost','2026-02-04 13:39:15.284437'),
(377,NULL,'1829900159722','0bff3d37290924826ed011fe54d34e89','147404d6cc3483a9bf60d56811',NULL,'AUDIT','request','VIEW','SUCCESS',NULL,NULL,NULL,NULL,'{\"path\":\"/vehicle-reservation-approval.php\",\"method\":\"GET\"}','GET','/vehicle-reservation-approval.php',NULL,NULL,'::1','Mozilla/5.0 (Windows NT 10.0; Win64; x64) AppleWebKit/537.36 (KHTML, like Gecko) Chrome/144.0.0.0 Safari/537.36','localhost','2026-02-04 13:40:23.414716'),
(378,NULL,'1829900159722','0bff3d37290924826ed011fe54d34e89','3dedcd84aa2cadcf2692d36e33',NULL,'AUDIT','request','VIEW','SUCCESS',NULL,NULL,NULL,NULL,'{\"path\":\"/room-management.php\",\"method\":\"GET\"}','GET','/room-management.php',NULL,NULL,'::1','Mozilla/5.0 (Windows NT 10.0; Win64; x64) AppleWebKit/537.36 (KHTML, like Gecko) Chrome/144.0.0.0 Safari/537.36','localhost','2026-02-04 13:40:27.973283'),
(379,NULL,'1829900159722','0bff3d37290924826ed011fe54d34e89','305d2d8d48bfed561d08a40669',NULL,'AUDIT','request','VIEW','SUCCESS',NULL,NULL,NULL,NULL,'{\"path\":\"/room-management.php\",\"method\":\"GET\"}','GET','/room-management.php',NULL,NULL,'::1','Mozilla/5.0 (Windows NT 10.0; Win64; x64) AppleWebKit/537.36 (KHTML, like Gecko) Chrome/144.0.0.0 Safari/537.36','localhost','2026-02-04 13:41:18.498376'),
(380,NULL,'1829900159722','0bff3d37290924826ed011fe54d34e89','c017df4fe534b905dbf9883a05',NULL,'AUDIT','request','VIEW','SUCCESS',NULL,NULL,NULL,NULL,'{\"path\":\"/room-management.php\",\"method\":\"GET\"}','GET','/room-management.php',NULL,NULL,'::1','Mozilla/5.0 (Windows NT 10.0; Win64; x64) AppleWebKit/537.36 (KHTML, like Gecko) Chrome/144.0.0.0 Safari/537.36','localhost','2026-02-04 13:41:18.961719'),
(381,NULL,'1829900159722','0bff3d37290924826ed011fe54d34e89','3f71a69cdc7d5d8464653b1487',NULL,'AUDIT','request','VIEW','SUCCESS',NULL,NULL,NULL,NULL,'{\"path\":\"/vehicle-management.php\",\"method\":\"GET\"}','GET','/vehicle-management.php',NULL,NULL,'::1','Mozilla/5.0 (Windows NT 10.0; Win64; x64) AppleWebKit/537.36 (KHTML, like Gecko) Chrome/144.0.0.0 Safari/537.36','localhost','2026-02-04 13:45:02.592395'),
(382,NULL,'1829900159722','0bff3d37290924826ed011fe54d34e89','022e8b21016a98322b1436fab2',NULL,'AUDIT','request','VIEW','SUCCESS',NULL,NULL,NULL,NULL,'{\"path\":\"/vehicle-management.php\",\"method\":\"GET\"}','GET','/vehicle-management.php',NULL,NULL,'::1','Mozilla/5.0 (Windows NT 10.0; Win64; x64) AppleWebKit/537.36 (KHTML, like Gecko) Chrome/144.0.0.0 Safari/537.36','localhost','2026-02-04 13:45:16.631959'),
(383,NULL,'1829900159722','0bff3d37290924826ed011fe54d34e89','9334874ac7a1ff7c2b191ef2de',NULL,'AUDIT','request','VIEW','SUCCESS',NULL,NULL,NULL,NULL,'{\"path\":\"/vehicle-management.php\",\"method\":\"GET\"}','GET','/vehicle-management.php',NULL,NULL,'::1','Mozilla/5.0 (Windows NT 10.0; Win64; x64) AppleWebKit/537.36 (KHTML, like Gecko) Chrome/144.0.0.0 Safari/537.36','localhost','2026-02-04 13:45:31.282434'),
(384,NULL,'1829900159722','0bff3d37290924826ed011fe54d34e89','72711cafc371a7a239427899db',NULL,'AUDIT','request','VIEW','SUCCESS',NULL,NULL,NULL,NULL,'{\"path\":\"/vehicle-management.php\",\"method\":\"GET\"}','GET','/vehicle-management.php',NULL,NULL,'::1','Mozilla/5.0 (Windows NT 10.0; Win64; x64) AppleWebKit/537.36 (KHTML, like Gecko) Chrome/144.0.0.0 Safari/537.36','localhost','2026-02-04 13:48:42.505796'),
(385,NULL,'1829900159722','0bff3d37290924826ed011fe54d34e89','347b258926e8c6998a78012212',NULL,'AUDIT','request','VIEW','SUCCESS',NULL,NULL,NULL,NULL,'{\"path\":\"/room-management.php\",\"method\":\"GET\"}','GET','/room-management.php',NULL,NULL,'::1','Mozilla/5.0 (Windows NT 10.0; Win64; x64) AppleWebKit/537.36 (KHTML, like Gecko) Chrome/144.0.0.0 Safari/537.36','localhost','2026-02-04 13:48:46.896310'),
(386,NULL,'1829900159722','0bff3d37290924826ed011fe54d34e89','acb1c49d3dc65de1791e945ba4',NULL,'AUDIT','request','VIEW','SUCCESS',NULL,NULL,NULL,NULL,'{\"path\":\"/vehicle-management.php\",\"method\":\"GET\"}','GET','/vehicle-management.php',NULL,NULL,'::1','Mozilla/5.0 (Windows NT 10.0; Win64; x64) AppleWebKit/537.36 (KHTML, like Gecko) Chrome/144.0.0.0 Safari/537.36','localhost','2026-02-04 14:12:13.460234'),
(387,NULL,'1829900159722','0bff3d37290924826ed011fe54d34e89','12ffa0dbfffa270f3b25ca92a1',NULL,'AUDIT','request','VIEW','SUCCESS',NULL,NULL,NULL,NULL,'{\"path\":\"/room-management.php\",\"method\":\"GET\"}','GET','/room-management.php',NULL,NULL,'::1','Mozilla/5.0 (Windows NT 10.0; Win64; x64) AppleWebKit/537.36 (KHTML, like Gecko) Chrome/144.0.0.0 Safari/537.36','localhost','2026-02-04 14:12:24.704407'),
(388,NULL,'1829900159722','0bff3d37290924826ed011fe54d34e89','e87a5b02e43e8a44f203281e75',NULL,'AUDIT','request','VIEW','SUCCESS',NULL,NULL,NULL,NULL,'{\"path\":\"/vehicle-management.php\",\"method\":\"GET\"}','GET','/vehicle-management.php',NULL,NULL,'::1','Mozilla/5.0 (Windows NT 10.0; Win64; x64) AppleWebKit/537.36 (KHTML, like Gecko) Chrome/144.0.0.0 Safari/537.36','localhost','2026-02-04 15:55:09.744361'),
(389,NULL,'1829900159722','0bff3d37290924826ed011fe54d34e89','6303863fd2e6faf1d0ca0514c3',NULL,'AUDIT','request','VIEW','SUCCESS',NULL,NULL,NULL,NULL,'{\"path\":\"/room-management.php\",\"method\":\"GET\"}','GET','/room-management.php',NULL,NULL,'::1','Mozilla/5.0 (Linux; Android 6.0; Nexus 5 Build/MRA58N) AppleWebKit/537.36 (KHTML, like Gecko) Chrome/144.0.0.0 Mobile Safari/537.36','localhost','2026-02-04 15:58:03.461898'),
(390,NULL,'1829900159722','0bff3d37290924826ed011fe54d34e89','c610cda012d8308185e8dd8a16',NULL,'AUDIT','request','VIEW','SUCCESS',NULL,NULL,NULL,NULL,'{\"path\":\"/room-management.php\",\"method\":\"GET\"}','GET','/room-management.php',NULL,NULL,'::1','Mozilla/5.0 (Linux; Android 6.0; Nexus 5 Build/MRA58N) AppleWebKit/537.36 (KHTML, like Gecko) Chrome/144.0.0.0 Mobile Safari/537.36','localhost','2026-02-04 16:00:40.751931'),
(391,NULL,'1829900159722','0bff3d37290924826ed011fe54d34e89','e36543bff4907887bb041fa844',NULL,'AUDIT','request','VIEW','SUCCESS',NULL,NULL,NULL,NULL,'{\"path\":\"/room-management.php\",\"method\":\"GET\"}','GET','/room-management.php',NULL,NULL,'::1','Mozilla/5.0 (Linux; Android 6.0; Nexus 5 Build/MRA58N) AppleWebKit/537.36 (KHTML, like Gecko) Chrome/144.0.0.0 Mobile Safari/537.36','localhost','2026-02-04 16:03:55.913943'),
(392,NULL,'1829900159722','0bff3d37290924826ed011fe54d34e89','d8252c4873276972f7679fc9fb',NULL,'AUDIT','request','VIEW','SUCCESS',NULL,NULL,NULL,NULL,'{\"path\":\"/room-management.php\",\"method\":\"GET\"}','GET','/room-management.php',NULL,NULL,'::1','Mozilla/5.0 (Linux; Android 6.0; Nexus 5 Build/MRA58N) AppleWebKit/537.36 (KHTML, like Gecko) Chrome/144.0.0.0 Mobile Safari/537.36','localhost','2026-02-04 16:06:14.288312'),
(393,NULL,'1829900159722','0bff3d37290924826ed011fe54d34e89','8342c21d781ad58498df7722be',NULL,'AUDIT','request','VIEW','SUCCESS',NULL,NULL,NULL,NULL,'{\"path\":\"/room-management.php\",\"method\":\"GET\"}','GET','/room-management.php',NULL,NULL,'::1','Mozilla/5.0 (Linux; Android 6.0; Nexus 5 Build/MRA58N) AppleWebKit/537.36 (KHTML, like Gecko) Chrome/144.0.0.0 Mobile Safari/537.36','localhost','2026-02-04 16:07:26.518229'),
(394,NULL,'1829900159722','0bff3d37290924826ed011fe54d34e89','1c2dddeac6f49acc309b73fd76',NULL,'AUDIT','request','VIEW','SUCCESS',NULL,NULL,NULL,NULL,'{\"path\":\"/room-management.php\",\"method\":\"GET\"}','GET','/room-management.php',NULL,NULL,'::1','Mozilla/5.0 (Linux; Android 6.0; Nexus 5 Build/MRA58N) AppleWebKit/537.36 (KHTML, like Gecko) Chrome/144.0.0.0 Mobile Safari/537.36','localhost','2026-02-04 16:07:37.998245'),
(395,NULL,'1829900159722','0bff3d37290924826ed011fe54d34e89','95b72d7104293c62ad0e15791c',NULL,'AUDIT','request','VIEW','SUCCESS',NULL,NULL,NULL,NULL,'{\"path\":\"/room-management.php\",\"method\":\"GET\"}','GET','/room-management.php',NULL,NULL,'::1','Mozilla/5.0 (Linux; Android 6.0; Nexus 5 Build/MRA58N) AppleWebKit/537.36 (KHTML, like Gecko) Chrome/144.0.0.0 Mobile Safari/537.36','localhost','2026-02-04 16:13:26.174565'),
(396,NULL,'1829900159722','0bff3d37290924826ed011fe54d34e89','9e05751da27cba8fcf5bd3c6ff',NULL,'AUDIT','request','VIEW','SUCCESS',NULL,NULL,NULL,NULL,'{\"path\":\"/room-management.php\",\"method\":\"GET\"}','GET','/room-management.php',NULL,NULL,'::1','Mozilla/5.0 (Linux; Android 6.0; Nexus 5 Build/MRA58N) AppleWebKit/537.36 (KHTML, like Gecko) Chrome/144.0.0.0 Mobile Safari/537.36','localhost','2026-02-04 16:14:23.126725'),
(397,NULL,'1829900159722','0bff3d37290924826ed011fe54d34e89','b208082a52575ce7d3efd3c48d',NULL,'AUDIT','request','VIEW','SUCCESS',NULL,NULL,NULL,NULL,'{\"path\":\"/room-management.php\",\"method\":\"GET\"}','GET','/room-management.php',NULL,NULL,'::1','Mozilla/5.0 (Linux; Android 6.0; Nexus 5 Build/MRA58N) AppleWebKit/537.36 (KHTML, like Gecko) Chrome/144.0.0.0 Mobile Safari/537.36','localhost','2026-02-04 16:14:39.528376'),
(398,NULL,'1829900159722','0bff3d37290924826ed011fe54d34e89','9c6c80efa695c07941864b7381',NULL,'AUDIT','request','VIEW','SUCCESS',NULL,NULL,NULL,NULL,'{\"path\":\"/room-management.php\",\"method\":\"GET\"}','GET','/room-management.php',NULL,NULL,'::1','Mozilla/5.0 (Linux; Android 6.0; Nexus 5 Build/MRA58N) AppleWebKit/537.36 (KHTML, like Gecko) Chrome/144.0.0.0 Mobile Safari/537.36','localhost','2026-02-04 16:16:50.880167'),
(399,NULL,'1829900159722','0bff3d37290924826ed011fe54d34e89','e889417c3ec94f8e25d913b71f',NULL,'AUDIT','request','VIEW','SUCCESS',NULL,NULL,NULL,NULL,'{\"path\":\"/room-management.php\",\"method\":\"GET\"}','GET','/room-management.php',NULL,NULL,'::1','Mozilla/5.0 (Linux; Android 6.0; Nexus 5 Build/MRA58N) AppleWebKit/537.36 (KHTML, like Gecko) Chrome/144.0.0.0 Mobile Safari/537.36','localhost','2026-02-04 16:16:58.005228'),
(400,NULL,'1829900159722','0bff3d37290924826ed011fe54d34e89','b8701af8aa2a6af4ba1f16577a',NULL,'AUDIT','request','VIEW','SUCCESS',NULL,NULL,NULL,NULL,'{\"path\":\"/room-management.php\",\"method\":\"GET\"}','GET','/room-management.php',NULL,NULL,'::1','Mozilla/5.0 (Linux; Android 6.0; Nexus 5 Build/MRA58N) AppleWebKit/537.36 (KHTML, like Gecko) Chrome/144.0.0.0 Mobile Safari/537.36','localhost','2026-02-04 16:17:49.146638'),
(401,NULL,'1829900159722','0bff3d37290924826ed011fe54d34e89','4f813b28b8156bc79f1a0158ae',NULL,'AUDIT','request','VIEW','SUCCESS',NULL,NULL,NULL,NULL,'{\"path\":\"/room-management.php\",\"method\":\"GET\"}','GET','/room-management.php',NULL,NULL,'::1','Mozilla/5.0 (Linux; Android 6.0; Nexus 5 Build/MRA58N) AppleWebKit/537.36 (KHTML, like Gecko) Chrome/144.0.0.0 Mobile Safari/537.36','localhost','2026-02-04 16:18:07.954235'),
(402,NULL,'1829900159722','0bff3d37290924826ed011fe54d34e89','31d84fa9948034a2fe970d13bf',NULL,'AUDIT','request','VIEW','SUCCESS',NULL,NULL,NULL,NULL,'{\"path\":\"/room-management.php\",\"method\":\"GET\"}','GET','/room-management.php',NULL,NULL,'::1','Mozilla/5.0 (Linux; Android 6.0; Nexus 5 Build/MRA58N) AppleWebKit/537.36 (KHTML, like Gecko) Chrome/144.0.0.0 Mobile Safari/537.36','localhost','2026-02-04 16:18:25.464173'),
(403,NULL,'1829900159722','0bff3d37290924826ed011fe54d34e89','10effeddc46977c9c316f1ee76',NULL,'AUDIT','request','VIEW','SUCCESS',NULL,NULL,NULL,NULL,'{\"path\":\"/room-management.php\",\"method\":\"GET\"}','GET','/room-management.php',NULL,NULL,'::1','Mozilla/5.0 (Linux; Android 6.0; Nexus 5 Build/MRA58N) AppleWebKit/537.36 (KHTML, like Gecko) Chrome/144.0.0.0 Mobile Safari/537.36','localhost','2026-02-04 16:18:39.599776'),
(404,NULL,'1829900159722','0bff3d37290924826ed011fe54d34e89','a8bb051f0b62082452003a6ad0',NULL,'AUDIT','request','VIEW','SUCCESS',NULL,NULL,NULL,NULL,'{\"path\":\"/room-management.php\",\"method\":\"GET\"}','GET','/room-management.php',NULL,NULL,'::1','Mozilla/5.0 (Linux; Android 6.0; Nexus 5 Build/MRA58N) AppleWebKit/537.36 (KHTML, like Gecko) Chrome/144.0.0.0 Mobile Safari/537.36','localhost','2026-02-04 16:19:23.032051'),
(405,NULL,'1829900159722','0bff3d37290924826ed011fe54d34e89','5cda56c394164fb869f44b5801',NULL,'AUDIT','request','VIEW','SUCCESS',NULL,NULL,NULL,NULL,'{\"path\":\"/room-management.php\",\"method\":\"GET\"}','GET','/room-management.php',NULL,NULL,'::1','Mozilla/5.0 (Linux; Android 6.0; Nexus 5 Build/MRA58N) AppleWebKit/537.36 (KHTML, like Gecko) Chrome/144.0.0.0 Mobile Safari/537.36','localhost','2026-02-04 16:20:07.786827'),
(406,NULL,'1829900159722','0bff3d37290924826ed011fe54d34e89','cf0769c9e276dc4041ea6f4b42',NULL,'AUDIT','request','VIEW','SUCCESS',NULL,NULL,NULL,NULL,'{\"path\":\"/room-management.php\",\"method\":\"GET\"}','GET','/room-management.php',NULL,NULL,'::1','Mozilla/5.0 (Linux; Android 6.0; Nexus 5 Build/MRA58N) AppleWebKit/537.36 (KHTML, like Gecko) Chrome/144.0.0.0 Mobile Safari/537.36','localhost','2026-02-04 16:20:24.896258'),
(407,NULL,'1829900159722','0bff3d37290924826ed011fe54d34e89','3ec022498c7ef6213179de0dcb',NULL,'AUDIT','request','VIEW','SUCCESS',NULL,NULL,NULL,NULL,'{\"path\":\"/room-management.php\",\"method\":\"GET\"}','GET','/room-management.php',NULL,NULL,'::1','Mozilla/5.0 (Linux; Android 6.0; Nexus 5 Build/MRA58N) AppleWebKit/537.36 (KHTML, like Gecko) Chrome/144.0.0.0 Mobile Safari/537.36','localhost','2026-02-04 16:21:55.152185'),
(408,NULL,'1829900159722','0bff3d37290924826ed011fe54d34e89','86a0113eac34bc540a2fc08136',NULL,'AUDIT','request','VIEW','SUCCESS',NULL,NULL,NULL,NULL,'{\"path\":\"/room-management.php\",\"method\":\"GET\"}','GET','/room-management.php',NULL,NULL,'::1','Mozilla/5.0 (Linux; Android 6.0; Nexus 5 Build/MRA58N) AppleWebKit/537.36 (KHTML, like Gecko) Chrome/144.0.0.0 Mobile Safari/537.36','localhost','2026-02-04 16:22:15.457022'),
(409,NULL,'1829900159722','0bff3d37290924826ed011fe54d34e89','2a3ee5fd46d59903a3fe8cb1e2',NULL,'AUDIT','request','VIEW','SUCCESS',NULL,NULL,NULL,NULL,'{\"path\":\"/room-management.php\",\"method\":\"GET\"}','GET','/room-management.php',NULL,NULL,'::1','Mozilla/5.0 (Linux; Android 6.0; Nexus 5 Build/MRA58N) AppleWebKit/537.36 (KHTML, like Gecko) Chrome/144.0.0.0 Mobile Safari/537.36','localhost','2026-02-04 16:22:31.461979'),
(410,NULL,'1829900159722','0bff3d37290924826ed011fe54d34e89','fd81b346be148fcaafb3328507',NULL,'AUDIT','request','VIEW','SUCCESS',NULL,NULL,NULL,NULL,'{\"path\":\"/room-management.php\",\"method\":\"GET\"}','GET','/room-management.php',NULL,NULL,'::1','Mozilla/5.0 (Linux; Android 6.0; Nexus 5 Build/MRA58N) AppleWebKit/537.36 (KHTML, like Gecko) Chrome/144.0.0.0 Mobile Safari/537.36','localhost','2026-02-04 16:24:01.621077'),
(411,NULL,'1829900159722','0bff3d37290924826ed011fe54d34e89','7926e0452f51698df89f0f214e',NULL,'AUDIT','request','VIEW','SUCCESS',NULL,NULL,NULL,NULL,'{\"path\":\"/room-management.php\",\"method\":\"GET\"}','GET','/room-management.php',NULL,NULL,'::1','Mozilla/5.0 (Linux; Android 6.0; Nexus 5 Build/MRA58N) AppleWebKit/537.36 (KHTML, like Gecko) Chrome/144.0.0.0 Mobile Safari/537.36','localhost','2026-02-04 16:27:39.724071'),
(412,NULL,'1829900159722','0bff3d37290924826ed011fe54d34e89','ca82f12a4440219c9a8708961a',NULL,'AUDIT','request','VIEW','SUCCESS',NULL,NULL,NULL,NULL,'{\"path\":\"/room-management.php\",\"method\":\"GET\"}','GET','/room-management.php',NULL,NULL,'::1','Mozilla/5.0 (Linux; Android 6.0; Nexus 5 Build/MRA58N) AppleWebKit/537.36 (KHTML, like Gecko) Chrome/144.0.0.0 Mobile Safari/537.36','localhost','2026-02-04 16:28:53.384389'),
(413,NULL,'1829900159722','0bff3d37290924826ed011fe54d34e89','99c05fd4ca5ab343fb68557030',NULL,'AUDIT','request','VIEW','SUCCESS',NULL,NULL,NULL,NULL,'{\"path\":\"/room-management.php\",\"method\":\"GET\"}','GET','/room-management.php',NULL,NULL,'::1','Mozilla/5.0 (Linux; Android 6.0; Nexus 5 Build/MRA58N) AppleWebKit/537.36 (KHTML, like Gecko) Chrome/144.0.0.0 Mobile Safari/537.36','localhost','2026-02-04 16:29:26.614548'),
(414,NULL,'1829900159722','0bff3d37290924826ed011fe54d34e89','47cee28e80685aa70587af4688',NULL,'AUDIT','request','VIEW','SUCCESS',NULL,NULL,NULL,NULL,'{\"path\":\"/room-management.php\",\"method\":\"GET\"}','GET','/room-management.php',NULL,NULL,'::1','Mozilla/5.0 (Linux; Android 6.0; Nexus 5 Build/MRA58N) AppleWebKit/537.36 (KHTML, like Gecko) Chrome/144.0.0.0 Mobile Safari/537.36','localhost','2026-02-04 16:31:51.571920'),
(415,NULL,'1829900159722','0bff3d37290924826ed011fe54d34e89','7520341677b9cb97c4ed021ceb',NULL,'AUDIT','request','VIEW','SUCCESS',NULL,NULL,NULL,NULL,'{\"path\":\"/room-management.php\",\"method\":\"GET\"}','GET','/room-management.php',NULL,NULL,'::1','Mozilla/5.0 (Linux; Android 6.0; Nexus 5 Build/MRA58N) AppleWebKit/537.36 (KHTML, like Gecko) Chrome/144.0.0.0 Mobile Safari/537.36','localhost','2026-02-04 16:32:17.855743'),
(416,NULL,'1829900159722','0bff3d37290924826ed011fe54d34e89','1d3fa21739964033f25cfa1cea',NULL,'AUDIT','request','VIEW','SUCCESS',NULL,NULL,NULL,NULL,'{\"path\":\"/room-management.php\",\"method\":\"GET\"}','GET','/room-management.php',NULL,NULL,'::1','Mozilla/5.0 (Linux; Android 6.0; Nexus 5 Build/MRA58N) AppleWebKit/537.36 (KHTML, like Gecko) Chrome/144.0.0.0 Mobile Safari/537.36','localhost','2026-02-04 16:33:41.561225'),
(417,NULL,'1829900159722','0bff3d37290924826ed011fe54d34e89','ae08bfc34865a00d91d0c0cc57',NULL,'AUDIT','request','VIEW','SUCCESS',NULL,NULL,NULL,NULL,'{\"path\":\"/room-management.php\",\"method\":\"GET\"}','GET','/room-management.php',NULL,NULL,'::1','Mozilla/5.0 (Linux; Android 6.0; Nexus 5 Build/MRA58N) AppleWebKit/537.36 (KHTML, like Gecko) Chrome/144.0.0.0 Mobile Safari/537.36','localhost','2026-02-04 16:35:49.529116'),
(418,NULL,'1829900159722','0bff3d37290924826ed011fe54d34e89','a721d365e70386ce1c72571707',NULL,'AUDIT','request','VIEW','SUCCESS',NULL,NULL,NULL,NULL,'{\"path\":\"/room-management.php\",\"method\":\"GET\"}','GET','/room-management.php',NULL,NULL,'::1','Mozilla/5.0 (Linux; Android 6.0; Nexus 5 Build/MRA58N) AppleWebKit/537.36 (KHTML, like Gecko) Chrome/144.0.0.0 Mobile Safari/537.36','localhost','2026-02-04 16:36:03.026595'),
(419,NULL,'1829900159722','0bff3d37290924826ed011fe54d34e89','88f70e6c85959d894b26f6e1a3',NULL,'AUDIT','request','VIEW','SUCCESS',NULL,NULL,NULL,NULL,'{\"path\":\"/room-management.php\",\"method\":\"GET\"}','GET','/room-management.php',NULL,NULL,'::1','Mozilla/5.0 (Linux; Android 6.0; Nexus 5 Build/MRA58N) AppleWebKit/537.36 (KHTML, like Gecko) Chrome/144.0.0.0 Mobile Safari/537.36','localhost','2026-02-04 16:37:38.001194'),
(420,NULL,'1829900159722','0bff3d37290924826ed011fe54d34e89','92fd852a2c8fc66552c2b9d05e',NULL,'AUDIT','request','VIEW','SUCCESS',NULL,NULL,NULL,NULL,'{\"path\":\"/room-management.php\",\"method\":\"GET\"}','GET','/room-management.php',NULL,NULL,'::1','Mozilla/5.0 (Linux; Android 6.0; Nexus 5 Build/MRA58N) AppleWebKit/537.36 (KHTML, like Gecko) Chrome/144.0.0.0 Mobile Safari/537.36','localhost','2026-02-04 16:38:14.889014'),
(421,NULL,'1829900159722','0bff3d37290924826ed011fe54d34e89','f181bba149ce1afb22089e6b55',NULL,'AUDIT','request','VIEW','SUCCESS',NULL,NULL,NULL,NULL,'{\"path\":\"/room-management.php\",\"method\":\"GET\"}','GET','/room-management.php',NULL,NULL,'::1','Mozilla/5.0 (Linux; Android 6.0; Nexus 5 Build/MRA58N) AppleWebKit/537.36 (KHTML, like Gecko) Chrome/144.0.0.0 Mobile Safari/537.36','localhost','2026-02-04 16:39:02.912540'),
(422,NULL,'1829900159722','0bff3d37290924826ed011fe54d34e89','f7b4fc7dc33d30428972c312c1',NULL,'AUDIT','request','VIEW','SUCCESS',NULL,NULL,NULL,NULL,'{\"path\":\"/room-management.php\",\"method\":\"GET\"}','GET','/room-management.php',NULL,NULL,'::1','Mozilla/5.0 (Linux; Android 6.0; Nexus 5 Build/MRA58N) AppleWebKit/537.36 (KHTML, like Gecko) Chrome/144.0.0.0 Mobile Safari/537.36','localhost','2026-02-04 16:40:24.418958'),
(423,NULL,'1829900159722','0bff3d37290924826ed011fe54d34e89','7a10913b64dbeb4b60158b713f',NULL,'AUDIT','request','VIEW','SUCCESS',NULL,NULL,NULL,NULL,'{\"path\":\"/room-management.php\",\"method\":\"GET\"}','GET','/room-management.php',NULL,NULL,'::1','Mozilla/5.0 (Linux; Android 6.0; Nexus 5 Build/MRA58N) AppleWebKit/537.36 (KHTML, like Gecko) Chrome/144.0.0.0 Mobile Safari/537.36','localhost','2026-02-04 16:41:57.279387'),
(424,NULL,'1829900159722','0bff3d37290924826ed011fe54d34e89','e2f29c0e420a55675a48a09f11',NULL,'AUDIT','request','VIEW','SUCCESS',NULL,NULL,NULL,NULL,'{\"path\":\"/room-management.php\",\"method\":\"GET\"}','GET','/room-management.php',NULL,NULL,'::1','Mozilla/5.0 (Linux; Android 6.0; Nexus 5 Build/MRA58N) AppleWebKit/537.36 (KHTML, like Gecko) Chrome/144.0.0.0 Mobile Safari/537.36','localhost','2026-02-04 16:42:55.150647'),
(425,NULL,'1829900159722','0bff3d37290924826ed011fe54d34e89','2a99f6e9eeeb134486fd3e18a6',NULL,'AUDIT','request','VIEW','SUCCESS',NULL,NULL,NULL,NULL,'{\"path\":\"/room-management.php\",\"method\":\"GET\"}','GET','/room-management.php',NULL,NULL,'::1','Mozilla/5.0 (Linux; Android 6.0; Nexus 5 Build/MRA58N) AppleWebKit/537.36 (KHTML, like Gecko) Chrome/144.0.0.0 Mobile Safari/537.36','localhost','2026-02-04 16:43:58.720001'),
(426,NULL,'1829900159722','0bff3d37290924826ed011fe54d34e89','b9850d87ea2e7d80f8d9547479',NULL,'AUDIT','request','VIEW','SUCCESS',NULL,NULL,NULL,NULL,'{\"path\":\"/room-management.php\",\"method\":\"GET\"}','GET','/room-management.php',NULL,NULL,'::1','Mozilla/5.0 (Linux; Android 6.0; Nexus 5 Build/MRA58N) AppleWebKit/537.36 (KHTML, like Gecko) Chrome/144.0.0.0 Mobile Safari/537.36','localhost','2026-02-04 16:44:06.339427'),
(427,NULL,'1829900159722','0bff3d37290924826ed011fe54d34e89','37f83314e950090200e31d41ba',NULL,'AUDIT','request','VIEW','SUCCESS',NULL,NULL,NULL,NULL,'{\"path\":\"/room-management.php\",\"method\":\"GET\"}','GET','/room-management.php',NULL,NULL,'::1','Mozilla/5.0 (Linux; Android 6.0; Nexus 5 Build/MRA58N) AppleWebKit/537.36 (KHTML, like Gecko) Chrome/144.0.0.0 Mobile Safari/537.36','localhost','2026-02-04 16:47:25.069190'),
(428,NULL,'1829900159722','0bff3d37290924826ed011fe54d34e89','ca4eb72363c63bd8ec3b1e5308',NULL,'AUDIT','request','VIEW','SUCCESS',NULL,NULL,NULL,NULL,'{\"path\":\"/room-management.php\",\"method\":\"GET\"}','GET','/room-management.php',NULL,NULL,'::1','Mozilla/5.0 (Linux; Android 6.0; Nexus 5 Build/MRA58N) AppleWebKit/537.36 (KHTML, like Gecko) Chrome/144.0.0.0 Mobile Safari/537.36','localhost','2026-02-04 16:47:39.331427'),
(429,NULL,'1829900159722','0bff3d37290924826ed011fe54d34e89','5827e4ac866ea8a242717f69f9',NULL,'AUDIT','request','VIEW','SUCCESS',NULL,NULL,NULL,NULL,'{\"path\":\"/room-management.php\",\"method\":\"GET\"}','GET','/room-management.php',NULL,NULL,'::1','Mozilla/5.0 (Linux; Android 6.0; Nexus 5 Build/MRA58N) AppleWebKit/537.36 (KHTML, like Gecko) Chrome/144.0.0.0 Mobile Safari/537.36','localhost','2026-02-04 16:48:13.697547'),
(430,NULL,'1829900159722','0bff3d37290924826ed011fe54d34e89','3b3340d8e583c8b4c17a52a884',NULL,'AUDIT','request','VIEW','SUCCESS',NULL,NULL,NULL,NULL,'{\"path\":\"/room-management.php\",\"method\":\"GET\"}','GET','/room-management.php',NULL,NULL,'::1','Mozilla/5.0 (Linux; Android 6.0; Nexus 5 Build/MRA58N) AppleWebKit/537.36 (KHTML, like Gecko) Chrome/144.0.0.0 Mobile Safari/537.36','localhost','2026-02-04 16:49:04.587685'),
(431,NULL,'1829900159722','0bff3d37290924826ed011fe54d34e89','56acd978a00996131fdf77a9e3',NULL,'AUDIT','request','VIEW','SUCCESS',NULL,NULL,NULL,NULL,'{\"path\":\"/room-management.php\",\"method\":\"GET\"}','GET','/room-management.php',NULL,NULL,'::1','Mozilla/5.0 (Linux; Android 6.0; Nexus 5 Build/MRA58N) AppleWebKit/537.36 (KHTML, like Gecko) Chrome/144.0.0.0 Mobile Safari/537.36','localhost','2026-02-04 16:50:08.312116'),
(432,NULL,'1829900159722','0bff3d37290924826ed011fe54d34e89','28c7eea6333ee7ccb5f8be36f7',NULL,'AUDIT','request','VIEW','SUCCESS',NULL,NULL,NULL,NULL,'{\"path\":\"/room-management.php\",\"method\":\"GET\"}','GET','/room-management.php',NULL,NULL,'::1','Mozilla/5.0 (Linux; Android 6.0; Nexus 5 Build/MRA58N) AppleWebKit/537.36 (KHTML, like Gecko) Chrome/144.0.0.0 Mobile Safari/537.36','localhost','2026-02-04 16:51:17.309150'),
(433,NULL,'1829900159722','0bff3d37290924826ed011fe54d34e89','62af28fe7020106495f1f2f6c5',NULL,'AUDIT','request','VIEW','SUCCESS',NULL,NULL,NULL,NULL,'{\"path\":\"/room-management.php\",\"method\":\"GET\"}','GET','/room-management.php',NULL,NULL,'::1','Mozilla/5.0 (Linux; Android 6.0; Nexus 5 Build/MRA58N) AppleWebKit/537.36 (KHTML, like Gecko) Chrome/144.0.0.0 Mobile Safari/537.36','localhost','2026-02-04 16:52:00.219461'),
(434,NULL,'1829900159722','0bff3d37290924826ed011fe54d34e89','0046630d3e37b36fc0eeb525b7',NULL,'AUDIT','request','VIEW','SUCCESS',NULL,NULL,NULL,NULL,'{\"path\":\"/room-management.php\",\"method\":\"GET\"}','GET','/room-management.php',NULL,NULL,'::1','Mozilla/5.0 (Linux; Android 6.0; Nexus 5 Build/MRA58N) AppleWebKit/537.36 (KHTML, like Gecko) Chrome/144.0.0.0 Mobile Safari/537.36','localhost','2026-02-04 16:55:16.152913'),
(435,NULL,'1829900159722','0bff3d37290924826ed011fe54d34e89','066e0f0fc801c81514ecd4e6d0',NULL,'AUDIT','request','VIEW','SUCCESS',NULL,NULL,NULL,NULL,'{\"path\":\"/room-management.php\",\"method\":\"GET\"}','GET','/room-management.php',NULL,NULL,'::1','Mozilla/5.0 (Linux; Android 6.0; Nexus 5 Build/MRA58N) AppleWebKit/537.36 (KHTML, like Gecko) Chrome/144.0.0.0 Mobile Safari/537.36','localhost','2026-02-04 16:56:01.269836'),
(436,NULL,'1829900159722','0bff3d37290924826ed011fe54d34e89','913703906c4c434dbb4ea153e1',NULL,'AUDIT','request','VIEW','SUCCESS',NULL,NULL,NULL,NULL,'{\"path\":\"/room-management.php\",\"method\":\"GET\"}','GET','/room-management.php',NULL,NULL,'::1','Mozilla/5.0 (Linux; Android 6.0; Nexus 5 Build/MRA58N) AppleWebKit/537.36 (KHTML, like Gecko) Chrome/144.0.0.0 Mobile Safari/537.36','localhost','2026-02-04 16:56:20.352587'),
(437,NULL,'1829900159722','0bff3d37290924826ed011fe54d34e89','a0d51fd3d6c695a7ca33ffa48f',NULL,'AUDIT','request','VIEW','SUCCESS',NULL,NULL,NULL,NULL,'{\"path\":\"/room-management.php\",\"method\":\"GET\"}','GET','/room-management.php',NULL,NULL,'::1','Mozilla/5.0 (Linux; Android 6.0; Nexus 5 Build/MRA58N) AppleWebKit/537.36 (KHTML, like Gecko) Chrome/144.0.0.0 Mobile Safari/537.36','localhost','2026-02-04 16:57:21.116099'),
(438,NULL,'1829900159722','0bff3d37290924826ed011fe54d34e89','139d967b6ae0309d4cf5a60098',NULL,'AUDIT','request','VIEW','SUCCESS',NULL,NULL,NULL,NULL,'{\"path\":\"/room-management.php\",\"method\":\"GET\"}','GET','/room-management.php',NULL,NULL,'::1','Mozilla/5.0 (Linux; Android 6.0; Nexus 5 Build/MRA58N) AppleWebKit/537.36 (KHTML, like Gecko) Chrome/144.0.0.0 Mobile Safari/537.36','localhost','2026-02-04 16:58:55.438713'),
(439,NULL,'1829900159722','0bff3d37290924826ed011fe54d34e89','4f216c5ccf882bf2c6cff6b2e8',NULL,'AUDIT','request','VIEW','SUCCESS',NULL,NULL,NULL,NULL,'{\"path\":\"/room-management.php\",\"method\":\"GET\"}','GET','/room-management.php',NULL,NULL,'::1','Mozilla/5.0 (Linux; Android 6.0; Nexus 5 Build/MRA58N) AppleWebKit/537.36 (KHTML, like Gecko) Chrome/144.0.0.0 Mobile Safari/537.36','localhost','2026-02-04 16:59:40.628602'),
(440,NULL,'1829900159722','0bff3d37290924826ed011fe54d34e89','83f25237ccf10ff8d69b8ab820',NULL,'AUDIT','request','VIEW','SUCCESS',NULL,NULL,NULL,NULL,'{\"path\":\"/room-management.php\",\"method\":\"GET\"}','GET','/room-management.php',NULL,NULL,'::1','Mozilla/5.0 (Linux; Android 6.0; Nexus 5 Build/MRA58N) AppleWebKit/537.36 (KHTML, like Gecko) Chrome/144.0.0.0 Mobile Safari/537.36','localhost','2026-02-04 17:00:04.096734'),
(441,NULL,'1829900159722','0bff3d37290924826ed011fe54d34e89','4eb47fa81e75cb6f8eea67ba44',NULL,'AUDIT','request','VIEW','SUCCESS',NULL,NULL,NULL,NULL,'{\"path\":\"/room-management.php\",\"method\":\"GET\"}','GET','/room-management.php',NULL,NULL,'::1','Mozilla/5.0 (Linux; Android 6.0; Nexus 5 Build/MRA58N) AppleWebKit/537.36 (KHTML, like Gecko) Chrome/144.0.0.0 Mobile Safari/537.36','localhost','2026-02-04 17:01:19.618975'),
(442,NULL,'1829900159722','0bff3d37290924826ed011fe54d34e89','8c83ee9800261d2d2ead244e27',NULL,'AUDIT','request','VIEW','SUCCESS',NULL,NULL,NULL,NULL,'{\"path\":\"/room-management.php\",\"method\":\"GET\"}','GET','/room-management.php',NULL,NULL,'::1','Mozilla/5.0 (Linux; Android 6.0; Nexus 5 Build/MRA58N) AppleWebKit/537.36 (KHTML, like Gecko) Chrome/144.0.0.0 Mobile Safari/537.36','localhost','2026-02-04 17:01:34.599731'),
(443,NULL,'1829900159722','0bff3d37290924826ed011fe54d34e89','a265da551a94a9982506685d2d',NULL,'AUDIT','request','VIEW','SUCCESS',NULL,NULL,NULL,NULL,'{\"path\":\"/room-management.php\",\"method\":\"GET\"}','GET','/room-management.php',NULL,NULL,'::1','Mozilla/5.0 (Linux; Android 6.0; Nexus 5 Build/MRA58N) AppleWebKit/537.36 (KHTML, like Gecko) Chrome/144.0.0.0 Mobile Safari/537.36','localhost','2026-02-04 17:03:47.210077'),
(444,NULL,'1829900159722','0bff3d37290924826ed011fe54d34e89','ef0b86056c99f8c4d91ed4206a',NULL,'AUDIT','request','VIEW','SUCCESS',NULL,NULL,NULL,NULL,'{\"path\":\"/room-management.php\",\"method\":\"GET\"}','GET','/room-management.php',NULL,NULL,'::1','Mozilla/5.0 (Linux; Android 6.0; Nexus 5 Build/MRA58N) AppleWebKit/537.36 (KHTML, like Gecko) Chrome/144.0.0.0 Mobile Safari/537.36','localhost','2026-02-04 17:04:03.613568'),
(445,NULL,'1829900159722','0bff3d37290924826ed011fe54d34e89','2e6326ec4d93f49951d7081cd1',NULL,'AUDIT','request','VIEW','SUCCESS',NULL,NULL,NULL,NULL,'{\"path\":\"/room-management.php\",\"method\":\"GET\"}','GET','/room-management.php',NULL,NULL,'::1','Mozilla/5.0 (Linux; Android 6.0; Nexus 5 Build/MRA58N) AppleWebKit/537.36 (KHTML, like Gecko) Chrome/144.0.0.0 Mobile Safari/537.36','localhost','2026-02-04 17:04:56.502115'),
(446,NULL,'1829900159722','0bff3d37290924826ed011fe54d34e89','602c7dd2c1029dbecc6a72d1d9',NULL,'AUDIT','request','VIEW','SUCCESS',NULL,NULL,NULL,NULL,'{\"path\":\"/room-management.php\",\"method\":\"GET\"}','GET','/room-management.php',NULL,NULL,'::1','Mozilla/5.0 (Linux; Android 6.0; Nexus 5 Build/MRA58N) AppleWebKit/537.36 (KHTML, like Gecko) Chrome/144.0.0.0 Mobile Safari/537.36','localhost','2026-02-04 17:06:00.059042'),
(447,NULL,'1829900159722','0bff3d37290924826ed011fe54d34e89','0be59e7532ce3444a7b48f1732',NULL,'AUDIT','request','VIEW','SUCCESS',NULL,NULL,NULL,NULL,'{\"path\":\"/room-management.php\",\"method\":\"GET\"}','GET','/room-management.php',NULL,NULL,'::1','Mozilla/5.0 (Linux; Android 6.0; Nexus 5 Build/MRA58N) AppleWebKit/537.36 (KHTML, like Gecko) Chrome/144.0.0.0 Mobile Safari/537.36','localhost','2026-02-04 17:06:36.355185'),
(448,NULL,'1829900159722','0bff3d37290924826ed011fe54d34e89','92a3ba1f7ca101b85f2b142fa4',NULL,'AUDIT','request','VIEW','SUCCESS',NULL,NULL,NULL,NULL,'{\"path\":\"/room-management.php\",\"method\":\"GET\"}','GET','/room-management.php',NULL,NULL,'::1','Mozilla/5.0 (Linux; Android 6.0; Nexus 5 Build/MRA58N) AppleWebKit/537.36 (KHTML, like Gecko) Chrome/144.0.0.0 Mobile Safari/537.36','localhost','2026-02-04 17:07:30.610785'),
(449,NULL,'1829900159722','0bff3d37290924826ed011fe54d34e89','87057ea584c66923de56b277be',NULL,'AUDIT','request','VIEW','SUCCESS',NULL,NULL,NULL,NULL,'{\"path\":\"/room-management.php\",\"method\":\"GET\"}','GET','/room-management.php',NULL,NULL,'::1','Mozilla/5.0 (Linux; Android 6.0; Nexus 5 Build/MRA58N) AppleWebKit/537.36 (KHTML, like Gecko) Chrome/144.0.0.0 Mobile Safari/537.36','localhost','2026-02-04 17:07:53.818640'),
(450,NULL,'1829900159722','0bff3d37290924826ed011fe54d34e89','6b8ff48afd014760bcd48df4a7',NULL,'AUDIT','request','VIEW','SUCCESS',NULL,NULL,NULL,NULL,'{\"path\":\"/room-management.php\",\"method\":\"GET\"}','GET','/room-management.php',NULL,NULL,'::1','Mozilla/5.0 (Linux; Android 6.0; Nexus 5 Build/MRA58N) AppleWebKit/537.36 (KHTML, like Gecko) Chrome/144.0.0.0 Mobile Safari/537.36','localhost','2026-02-04 17:10:55.532036'),
(451,NULL,'1829900159722','0bff3d37290924826ed011fe54d34e89','adda20e71484fc990fb8630f85',NULL,'AUDIT','request','VIEW','SUCCESS',NULL,NULL,NULL,NULL,'{\"path\":\"/room-management.php\",\"method\":\"GET\"}','GET','/room-management.php',NULL,NULL,'::1','Mozilla/5.0 (Linux; Android 6.0; Nexus 5 Build/MRA58N) AppleWebKit/537.36 (KHTML, like Gecko) Chrome/144.0.0.0 Mobile Safari/537.36','localhost','2026-02-04 17:11:43.295009'),
(452,NULL,'1829900159722','0bff3d37290924826ed011fe54d34e89','b22e50aa7c4039912da3dca212',NULL,'AUDIT','request','VIEW','SUCCESS',NULL,NULL,NULL,NULL,'{\"path\":\"/room-management.php\",\"method\":\"GET\"}','GET','/room-management.php',NULL,NULL,'::1','Mozilla/5.0 (Linux; Android 6.0; Nexus 5 Build/MRA58N) AppleWebKit/537.36 (KHTML, like Gecko) Chrome/144.0.0.0 Mobile Safari/537.36','localhost','2026-02-04 17:12:07.411016'),
(453,NULL,'1829900159722','0bff3d37290924826ed011fe54d34e89','d60595214562a87962c706d04a',NULL,'AUDIT','request','VIEW','SUCCESS',NULL,NULL,NULL,NULL,'{\"path\":\"/room-management.php\",\"method\":\"GET\"}','GET','/room-management.php',NULL,NULL,'::1','Mozilla/5.0 (Linux; Android 6.0; Nexus 5 Build/MRA58N) AppleWebKit/537.36 (KHTML, like Gecko) Chrome/144.0.0.0 Mobile Safari/537.36','localhost','2026-02-04 17:12:11.948503'),
(454,NULL,'1829900159722','0bff3d37290924826ed011fe54d34e89','4a17c47c2353c74ffc421a770e',NULL,'AUDIT','request','VIEW','SUCCESS',NULL,NULL,NULL,NULL,'{\"path\":\"/room-management.php\",\"method\":\"GET\"}','GET','/room-management.php',NULL,NULL,'::1','Mozilla/5.0 (Linux; Android 6.0; Nexus 5 Build/MRA58N) AppleWebKit/537.36 (KHTML, like Gecko) Chrome/144.0.0.0 Mobile Safari/537.36','localhost','2026-02-04 17:12:46.012750'),
(455,NULL,'1829900159722','0bff3d37290924826ed011fe54d34e89','48dfb0fa0b74210ad953ec3d16',NULL,'AUDIT','request','VIEW','SUCCESS',NULL,NULL,NULL,NULL,'{\"path\":\"/room-management.php\",\"method\":\"GET\"}','GET','/room-management.php',NULL,NULL,'::1','Mozilla/5.0 (Linux; Android 6.0; Nexus 5 Build/MRA58N) AppleWebKit/537.36 (KHTML, like Gecko) Chrome/144.0.0.0 Mobile Safari/537.36','localhost','2026-02-04 17:13:07.109572'),
(456,NULL,'1829900159722','0bff3d37290924826ed011fe54d34e89','39ee7f641ec024eeac65dca407',NULL,'AUDIT','request','VIEW','SUCCESS',NULL,NULL,NULL,NULL,'{\"path\":\"/room-management.php\",\"method\":\"GET\"}','GET','/room-management.php',NULL,NULL,'::1','Mozilla/5.0 (Linux; Android 6.0; Nexus 5 Build/MRA58N) AppleWebKit/537.36 (KHTML, like Gecko) Chrome/144.0.0.0 Mobile Safari/537.36','localhost','2026-02-04 17:13:14.073406'),
(457,NULL,'1829900159722','0bff3d37290924826ed011fe54d34e89','4340181da32b253a58db3c1ba8',NULL,'AUDIT','request','VIEW','SUCCESS',NULL,NULL,NULL,NULL,'{\"path\":\"/room-management.php\",\"method\":\"GET\"}','GET','/room-management.php',NULL,NULL,'::1','Mozilla/5.0 (Linux; Android 6.0; Nexus 5 Build/MRA58N) AppleWebKit/537.36 (KHTML, like Gecko) Chrome/144.0.0.0 Mobile Safari/537.36','localhost','2026-02-04 17:13:59.739851'),
(458,NULL,'1829900159722','0bff3d37290924826ed011fe54d34e89','87972551eefdfa32ac6239d8d2',NULL,'AUDIT','request','VIEW','SUCCESS',NULL,NULL,NULL,NULL,'{\"path\":\"/room-management.php\",\"method\":\"GET\"}','GET','/room-management.php',NULL,NULL,'::1','Mozilla/5.0 (Linux; Android 6.0; Nexus 5 Build/MRA58N) AppleWebKit/537.36 (KHTML, like Gecko) Chrome/144.0.0.0 Mobile Safari/537.36','localhost','2026-02-04 17:15:12.132306'),
(459,NULL,'1829900159722','0bff3d37290924826ed011fe54d34e89','50d1802c6f12465acf67b72da9',NULL,'AUDIT','request','VIEW','SUCCESS',NULL,NULL,NULL,NULL,'{\"path\":\"/room-management.php\",\"method\":\"GET\"}','GET','/room-management.php',NULL,NULL,'::1','Mozilla/5.0 (Linux; Android 6.0; Nexus 5 Build/MRA58N) AppleWebKit/537.36 (KHTML, like Gecko) Chrome/144.0.0.0 Mobile Safari/537.36','localhost','2026-02-04 17:24:25.753861'),
(460,NULL,'1829900159722','0bff3d37290924826ed011fe54d34e89','9461686b9f907f635c25a0c27f',NULL,'AUDIT','request','VIEW','SUCCESS',NULL,NULL,NULL,NULL,'{\"path\":\"/room-management.php\",\"method\":\"GET\"}','GET','/room-management.php',NULL,NULL,'::1','Mozilla/5.0 (Linux; Android 6.0; Nexus 5 Build/MRA58N) AppleWebKit/537.36 (KHTML, like Gecko) Chrome/144.0.0.0 Mobile Safari/537.36','localhost','2026-02-04 17:25:24.492694'),
(461,NULL,'1829900159722','0bff3d37290924826ed011fe54d34e89','40274e0f3eaa1171b27002c851',NULL,'AUDIT','request','VIEW','SUCCESS',NULL,NULL,NULL,NULL,'{\"path\":\"/room-management.php\",\"method\":\"GET\"}','GET','/room-management.php',NULL,NULL,'::1','Mozilla/5.0 (Linux; Android 6.0; Nexus 5 Build/MRA58N) AppleWebKit/537.36 (KHTML, like Gecko) Chrome/144.0.0.0 Mobile Safari/537.36','localhost','2026-02-04 17:26:04.057425'),
(462,NULL,'1829900159722','0bff3d37290924826ed011fe54d34e89','9ee5db6407450337d75fe06721',NULL,'AUDIT','request','VIEW','SUCCESS',NULL,NULL,NULL,NULL,'{\"path\":\"/room-management.php\",\"method\":\"GET\"}','GET','/room-management.php',NULL,NULL,'::1','Mozilla/5.0 (Linux; Android 6.0; Nexus 5 Build/MRA58N) AppleWebKit/537.36 (KHTML, like Gecko) Chrome/144.0.0.0 Mobile Safari/537.36','localhost','2026-02-04 17:26:34.263511'),
(463,NULL,'1829900159722','0bff3d37290924826ed011fe54d34e89','18b1d15ac518aacbb851c3cae5',NULL,'AUDIT','request','VIEW','SUCCESS',NULL,NULL,NULL,NULL,'{\"path\":\"/room-management.php\",\"method\":\"GET\"}','GET','/room-management.php',NULL,NULL,'::1','Mozilla/5.0 (Linux; Android 6.0; Nexus 5 Build/MRA58N) AppleWebKit/537.36 (KHTML, like Gecko) Chrome/144.0.0.0 Mobile Safari/537.36','localhost','2026-02-04 17:30:21.541637'),
(464,NULL,'1829900159722','0bff3d37290924826ed011fe54d34e89','feb3d90734571654ed7bef6618',NULL,'AUDIT','request','VIEW','SUCCESS',NULL,NULL,NULL,NULL,'{\"path\":\"/room-management.php\",\"method\":\"GET\"}','GET','/room-management.php',NULL,NULL,'::1','Mozilla/5.0 (Linux; Android 6.0; Nexus 5 Build/MRA58N) AppleWebKit/537.36 (KHTML, like Gecko) Chrome/144.0.0.0 Mobile Safari/537.36','localhost','2026-02-04 17:36:29.306742'),
(465,NULL,'1829900159722','0bff3d37290924826ed011fe54d34e89','88783a181a20191625d75a345d',NULL,'AUDIT','request','VIEW','SUCCESS',NULL,NULL,NULL,NULL,'{\"path\":\"/room-management.php\",\"method\":\"GET\"}','GET','/room-management.php',NULL,NULL,'::1','Mozilla/5.0 (Linux; Android 6.0; Nexus 5 Build/MRA58N) AppleWebKit/537.36 (KHTML, like Gecko) Chrome/144.0.0.0 Mobile Safari/537.36','localhost','2026-02-04 17:37:08.028037'),
(466,NULL,'1829900159722','0bff3d37290924826ed011fe54d34e89','294676dc09f4b0ab9eca9dfcf2',NULL,'AUDIT','request','VIEW','SUCCESS',NULL,NULL,NULL,NULL,'{\"path\":\"/room-management.php\",\"method\":\"GET\"}','GET','/room-management.php',NULL,NULL,'::1','Mozilla/5.0 (Linux; Android 6.0; Nexus 5 Build/MRA58N) AppleWebKit/537.36 (KHTML, like Gecko) Chrome/144.0.0.0 Mobile Safari/537.36','localhost','2026-02-04 17:38:54.235042'),
(467,NULL,'1829900159722','0bff3d37290924826ed011fe54d34e89','23a35c74013f3aae54c5f90c6e',NULL,'AUDIT','request','VIEW','SUCCESS',NULL,NULL,NULL,NULL,'{\"path\":\"/room-management.php\",\"method\":\"GET\"}','GET','/room-management.php',NULL,NULL,'::1','Mozilla/5.0 (Linux; Android 6.0; Nexus 5 Build/MRA58N) AppleWebKit/537.36 (KHTML, like Gecko) Chrome/144.0.0.0 Mobile Safari/537.36','localhost','2026-02-04 17:39:43.368071'),
(468,NULL,'1829900159722','0bff3d37290924826ed011fe54d34e89','046d2cbaf691c1c5889678270a',NULL,'AUDIT','request','VIEW','SUCCESS',NULL,NULL,NULL,NULL,'{\"path\":\"/room-management.php\",\"method\":\"GET\"}','GET','/room-management.php',NULL,NULL,'::1','Mozilla/5.0 (Linux; Android 6.0; Nexus 5 Build/MRA58N) AppleWebKit/537.36 (KHTML, like Gecko) Chrome/144.0.0.0 Mobile Safari/537.36','localhost','2026-02-04 17:40:03.470201'),
(469,NULL,'1829900159722','0bff3d37290924826ed011fe54d34e89','070031f65bd8c5bec64b17e4e7',NULL,'AUDIT','request','VIEW','SUCCESS',NULL,NULL,NULL,NULL,'{\"path\":\"/room-management.php\",\"method\":\"GET\"}','GET','/room-management.php',NULL,NULL,'::1','Mozilla/5.0 (Linux; Android 6.0; Nexus 5 Build/MRA58N) AppleWebKit/537.36 (KHTML, like Gecko) Chrome/144.0.0.0 Mobile Safari/537.36','localhost','2026-02-04 17:41:48.128765'),
(470,NULL,'1829900159722','0bff3d37290924826ed011fe54d34e89','2449e2514761e5261732a6697e',NULL,'AUDIT','request','VIEW','SUCCESS',NULL,NULL,NULL,NULL,'{\"path\":\"/room-management.php\",\"method\":\"GET\"}','GET','/room-management.php',NULL,NULL,'::1','Mozilla/5.0 (Windows NT 10.0; Win64; x64) AppleWebKit/537.36 (KHTML, like Gecko) Chrome/144.0.0.0 Safari/537.36','localhost','2026-02-04 17:41:56.775278'),
(471,NULL,'1829900159722','0bff3d37290924826ed011fe54d34e89','a1418e04f188b0731e1b5b94cc',NULL,'AUDIT','request','VIEW','SUCCESS',NULL,NULL,NULL,NULL,'{\"path\":\"/room-management.php\",\"method\":\"GET\"}','GET','/room-management.php',NULL,NULL,'::1','Mozilla/5.0 (Windows NT 10.0; Win64; x64) AppleWebKit/537.36 (KHTML, like Gecko) Chrome/144.0.0.0 Safari/537.36','localhost','2026-02-04 17:42:17.649126'),
(472,NULL,'1829900159722','0bff3d37290924826ed011fe54d34e89','a272d4e4cbbddf41dfb4ddb90f',NULL,'AUDIT','request','VIEW','SUCCESS',NULL,NULL,NULL,NULL,'{\"path\":\"/room-management.php\",\"method\":\"GET\"}','GET','/room-management.php',NULL,NULL,'::1','Mozilla/5.0 (Linux; Android 6.0; Nexus 5 Build/MRA58N) AppleWebKit/537.36 (KHTML, like Gecko) Chrome/144.0.0.0 Mobile Safari/537.36','localhost','2026-02-04 17:43:42.912565'),
(473,NULL,'1829900159722','0bff3d37290924826ed011fe54d34e89','3a77620a0bf75818182c30cf5d',NULL,'AUDIT','request','VIEW','SUCCESS',NULL,NULL,NULL,NULL,'{\"path\":\"/room-management.php\",\"method\":\"GET\"}','GET','/room-management.php',NULL,NULL,'::1','Mozilla/5.0 (Windows NT 10.0; Win64; x64) AppleWebKit/537.36 (KHTML, like Gecko) Chrome/144.0.0.0 Safari/537.36','localhost','2026-02-04 17:45:16.856820'),
(474,NULL,'1829900159722','0bff3d37290924826ed011fe54d34e89','8c30947901bba4c7203b6c39aa',NULL,'AUDIT','request','VIEW','SUCCESS',NULL,NULL,NULL,NULL,'{\"path\":\"/room-management.php\",\"method\":\"GET\"}','GET','/room-management.php',NULL,NULL,'::1','Mozilla/5.0 (Linux; Android 6.0; Nexus 5 Build/MRA58N) AppleWebKit/537.36 (KHTML, like Gecko) Chrome/144.0.0.0 Mobile Safari/537.36','localhost','2026-02-04 17:45:33.237395'),
(475,NULL,'1829900159722','0bff3d37290924826ed011fe54d34e89','1297f2b5c551d7ee309f801b34',NULL,'AUDIT','request','VIEW','SUCCESS',NULL,NULL,NULL,NULL,'{\"path\":\"/room-management.php\",\"method\":\"GET\"}','GET','/room-management.php',NULL,NULL,'::1','Mozilla/5.0 (Windows NT 10.0; Win64; x64) AppleWebKit/537.36 (KHTML, like Gecko) Chrome/144.0.0.0 Safari/537.36','localhost','2026-02-04 17:46:10.377703'),
(476,NULL,'1829900159722','0bff3d37290924826ed011fe54d34e89','f260d9563d97028bca4f24016f',NULL,'AUDIT','request','VIEW','SUCCESS',NULL,NULL,NULL,NULL,'{\"path\":\"/room-management.php\",\"method\":\"GET\"}','GET','/room-management.php',NULL,NULL,'::1','Mozilla/5.0 (Windows NT 10.0; Win64; x64) AppleWebKit/537.36 (KHTML, like Gecko) Chrome/144.0.0.0 Safari/537.36','localhost','2026-02-04 17:46:17.425299'),
(477,NULL,'1829900159722','0bff3d37290924826ed011fe54d34e89','951f51e1720b19fc0d0e4ac40f',NULL,'AUDIT','request','VIEW','SUCCESS',NULL,NULL,NULL,NULL,'{\"path\":\"/room-management.php\",\"method\":\"GET\"}','GET','/room-management.php',NULL,NULL,'::1','Mozilla/5.0 (Windows NT 10.0; Win64; x64) AppleWebKit/537.36 (KHTML, like Gecko) Chrome/144.0.0.0 Safari/537.36','localhost','2026-02-04 17:46:24.333163'),
(478,NULL,'1829900159722','0bff3d37290924826ed011fe54d34e89','a8b1a33a59181a3b566220f727',NULL,'AUDIT','request','VIEW','SUCCESS',NULL,NULL,NULL,NULL,'{\"path\":\"/room-management.php\",\"method\":\"GET\"}','GET','/room-management.php',NULL,NULL,'::1','Mozilla/5.0 (Linux; Android 6.0; Nexus 5 Build/MRA58N) AppleWebKit/537.36 (KHTML, like Gecko) Chrome/144.0.0.0 Mobile Safari/537.36','localhost','2026-02-04 17:46:56.063356'),
(479,NULL,'1829900159722','0bff3d37290924826ed011fe54d34e89','8902c0d651a31994d86e6e4cf2',NULL,'AUDIT','request','VIEW','SUCCESS',NULL,NULL,NULL,NULL,'{\"path\":\"/room-management.php\",\"method\":\"GET\"}','GET','/room-management.php',NULL,NULL,'::1','Mozilla/5.0 (Linux; Android 6.0; Nexus 5 Build/MRA58N) AppleWebKit/537.36 (KHTML, like Gecko) Chrome/144.0.0.0 Mobile Safari/537.36','localhost','2026-02-04 17:49:10.277777'),
(480,NULL,'1829900159722','0bff3d37290924826ed011fe54d34e89','55790e0932606d9fbbefceb73c',NULL,'AUDIT','request','VIEW','SUCCESS',NULL,NULL,NULL,NULL,'{\"path\":\"/room-management.php\",\"method\":\"GET\"}','GET','/room-management.php',NULL,NULL,'::1','Mozilla/5.0 (Linux; Android 6.0; Nexus 5 Build/MRA58N) AppleWebKit/537.36 (KHTML, like Gecko) Chrome/144.0.0.0 Mobile Safari/537.36','localhost','2026-02-04 17:51:27.143010');
/*!40000 ALTER TABLE `dh_logs` ENABLE KEYS */;
UNLOCK TABLES;
commit;

--
-- Table structure for table `dh_memos`
--

DROP TABLE IF EXISTS `dh_memos`;
/*!40101 SET @saved_cs_client     = @@character_set_client */;
/*!40101 SET character_set_client = utf8mb4 */;
CREATE TABLE `dh_memos` (
  `memoID` bigint(20) NOT NULL AUTO_INCREMENT,
  `dh_year` int(4) NOT NULL,
  `subject` varchar(300) NOT NULL,
  `detail` text DEFAULT NULL,
  `status` enum('DRAFT','SUBMITTED','APPROVED','REJECTED') NOT NULL DEFAULT 'DRAFT',
  `createdByPID` varchar(13) NOT NULL,
  `approvedByPID` varchar(13) DEFAULT NULL,
  `approvedAt` datetime DEFAULT NULL,
  `deletedAt` datetime DEFAULT NULL,
  `createdAt` timestamp NOT NULL DEFAULT current_timestamp(),
  `updatedAt` timestamp NOT NULL DEFAULT '0000-00-00 00:00:00' ON UPDATE current_timestamp(),
  PRIMARY KEY (`memoID`),
  KEY `idx_memo_year` (`dh_year`,`createdAt`),
  KEY `idx_memo_status` (`status`),
  KEY `fk_memo_created` (`createdByPID`),
  KEY `fk_memo_approved` (`approvedByPID`),
  CONSTRAINT `fk_memo_approved` FOREIGN KEY (`approvedByPID`) REFERENCES `teacher` (`pID`) ON DELETE SET NULL ON UPDATE CASCADE,
  CONSTRAINT `fk_memo_created` FOREIGN KEY (`createdByPID`) REFERENCES `teacher` (`pID`) ON UPDATE CASCADE
) ENGINE=InnoDB DEFAULT CHARSET=utf8mb4 COLLATE=utf8mb4_general_ci;
/*!40101 SET character_set_client = @saved_cs_client */;

--
-- Dumping data for table `dh_memos`
--

LOCK TABLES `dh_memos` WRITE;
/*!40000 ALTER TABLE `dh_memos` DISABLE KEYS */;
set autocommit=0;
/*!40000 ALTER TABLE `dh_memos` ENABLE KEYS */;
UNLOCK TABLES;
commit;

--
-- Table structure for table `dh_migrations`
--

DROP TABLE IF EXISTS `dh_migrations`;
/*!40101 SET @saved_cs_client     = @@character_set_client */;
/*!40101 SET character_set_client = utf8mb4 */;
CREATE TABLE `dh_migrations` (
  `id` int(11) unsigned NOT NULL AUTO_INCREMENT,
  `version` int(11) unsigned NOT NULL,
  `name` varchar(150) NOT NULL,
  `appliedAt` timestamp NOT NULL DEFAULT current_timestamp(),
  PRIMARY KEY (`id`),
  UNIQUE KEY `uq_migrations_version` (`version`)
) ENGINE=InnoDB AUTO_INCREMENT=10 DEFAULT CHARSET=utf8mb4 COLLATE=utf8mb4_general_ci;
/*!40101 SET character_set_client = @saved_cs_client */;

--
-- Dumping data for table `dh_migrations`
--

LOCK TABLES `dh_migrations` WRITE;
/*!40000 ALTER TABLE `dh_migrations` DISABLE KEYS */;
set autocommit=0;
INSERT INTO `dh_migrations` VALUES
(1,1,'001_add_rbac_tables.sql','2026-01-29 05:39:53'),
(2,2,'002_add_audit_actor_pid.sql','2026-01-29 05:39:53'),
(3,3,'003_create_outgoing_letters.sql','2026-01-29 05:39:53'),
(4,4,'004_create_orders.sql','2026-01-29 05:39:53'),
(5,5,'005_create_repairs_memos.sql','2026-01-29 05:39:53'),
(6,6,'006_circular_announcements.sql','2026-01-29 05:39:53'),
(7,7,'007_create_workflow_core.sql','2026-01-29 05:39:53'),
(8,8,'008_drop_dh_user_positions.sql','2026-02-02 06:07:44'),
(9,9,'009_update_circular_status_enum.sql','2026-02-02 06:29:50');
/*!40000 ALTER TABLE `dh_migrations` ENABLE KEYS */;
UNLOCK TABLES;
commit;

--
-- Table structure for table `dh_order_inboxes`
--

DROP TABLE IF EXISTS `dh_order_inboxes`;
/*!40101 SET @saved_cs_client     = @@character_set_client */;
/*!40101 SET character_set_client = utf8mb4 */;
CREATE TABLE `dh_order_inboxes` (
  `inboxID` bigint(20) NOT NULL AUTO_INCREMENT,
  `orderID` bigint(20) NOT NULL,
  `pID` varchar(13) NOT NULL,
  `isRead` tinyint(1) NOT NULL DEFAULT 0,
  `readAt` datetime DEFAULT NULL,
  `isArchived` tinyint(1) NOT NULL DEFAULT 0,
  `archivedAt` datetime DEFAULT NULL,
  `deliveredByPID` varchar(13) DEFAULT NULL,
  `deliveredAt` timestamp NOT NULL DEFAULT current_timestamp(),
  `updatedAt` timestamp NOT NULL DEFAULT '0000-00-00 00:00:00' ON UPDATE current_timestamp(),
  PRIMARY KEY (`inboxID`),
  KEY `idx_orderinbox_user` (`pID`,`isRead`,`isArchived`,`deliveredAt`),
  KEY `idx_orderinbox_order` (`orderID`),
  KEY `fk_orderinbox_delivered` (`deliveredByPID`),
  CONSTRAINT `fk_orderinbox_delivered` FOREIGN KEY (`deliveredByPID`) REFERENCES `teacher` (`pID`) ON DELETE SET NULL ON UPDATE CASCADE,
  CONSTRAINT `fk_orderinbox_order` FOREIGN KEY (`orderID`) REFERENCES `dh_orders` (`orderID`) ON DELETE CASCADE ON UPDATE CASCADE,
  CONSTRAINT `fk_orderinbox_user` FOREIGN KEY (`pID`) REFERENCES `teacher` (`pID`) ON DELETE CASCADE ON UPDATE CASCADE
) ENGINE=InnoDB DEFAULT CHARSET=utf8mb4 COLLATE=utf8mb4_general_ci;
/*!40101 SET character_set_client = @saved_cs_client */;

--
-- Dumping data for table `dh_order_inboxes`
--

LOCK TABLES `dh_order_inboxes` WRITE;
/*!40000 ALTER TABLE `dh_order_inboxes` DISABLE KEYS */;
set autocommit=0;
/*!40000 ALTER TABLE `dh_order_inboxes` ENABLE KEYS */;
UNLOCK TABLES;
commit;

--
-- Table structure for table `dh_order_recipients`
--

DROP TABLE IF EXISTS `dh_order_recipients`;
/*!40101 SET @saved_cs_client     = @@character_set_client */;
/*!40101 SET character_set_client = utf8mb4 */;
CREATE TABLE `dh_order_recipients` (
  `recipientID` bigint(20) NOT NULL AUTO_INCREMENT,
  `orderID` bigint(20) NOT NULL,
  `targetType` enum('UNIT','ROLE','PERSON') NOT NULL,
  `fID` int(3) DEFAULT NULL,
  `roleID` int(2) DEFAULT NULL,
  `pID` varchar(13) DEFAULT NULL,
  `isCc` tinyint(1) NOT NULL DEFAULT 0,
  `createdAt` timestamp NOT NULL DEFAULT current_timestamp(),
  PRIMARY KEY (`recipientID`),
  KEY `idx_orderrec_target` (`targetType`,`fID`,`roleID`,`pID`),
  KEY `idx_orderrec_order` (`orderID`),
  KEY `fk_orderrec_person` (`pID`),
  CONSTRAINT `fk_orderrec_order` FOREIGN KEY (`orderID`) REFERENCES `dh_orders` (`orderID`) ON DELETE CASCADE ON UPDATE CASCADE,
  CONSTRAINT `fk_orderrec_person` FOREIGN KEY (`pID`) REFERENCES `teacher` (`pID`) ON DELETE SET NULL ON UPDATE CASCADE
) ENGINE=InnoDB DEFAULT CHARSET=utf8mb4 COLLATE=utf8mb4_general_ci;
/*!40101 SET character_set_client = @saved_cs_client */;

--
-- Dumping data for table `dh_order_recipients`
--

LOCK TABLES `dh_order_recipients` WRITE;
/*!40000 ALTER TABLE `dh_order_recipients` DISABLE KEYS */;
set autocommit=0;
/*!40000 ALTER TABLE `dh_order_recipients` ENABLE KEYS */;
UNLOCK TABLES;
commit;

--
-- Table structure for table `dh_order_routes`
--

DROP TABLE IF EXISTS `dh_order_routes`;
/*!40101 SET @saved_cs_client     = @@character_set_client */;
/*!40101 SET character_set_client = utf8mb4 */;
CREATE TABLE `dh_order_routes` (
  `routeID` bigint(20) NOT NULL AUTO_INCREMENT,
  `orderID` bigint(20) NOT NULL,
  `action` enum('CREATE','SEND','RECALL','FORWARD','ARCHIVE','CANCEL') NOT NULL,
  `fromPID` varchar(13) DEFAULT NULL,
  `toPID` varchar(13) DEFAULT NULL,
  `note` text DEFAULT NULL,
  `actionAt` timestamp NOT NULL DEFAULT current_timestamp(),
  PRIMARY KEY (`routeID`),
  KEY `idx_orderroute_action` (`action`,`actionAt`),
  KEY `idx_orderroute_to` (`toPID`),
  KEY `fk_orderroute_order` (`orderID`),
  KEY `fk_orderroute_from` (`fromPID`),
  CONSTRAINT `fk_orderroute_from` FOREIGN KEY (`fromPID`) REFERENCES `teacher` (`pID`) ON DELETE SET NULL ON UPDATE CASCADE,
  CONSTRAINT `fk_orderroute_order` FOREIGN KEY (`orderID`) REFERENCES `dh_orders` (`orderID`) ON DELETE CASCADE ON UPDATE CASCADE,
  CONSTRAINT `fk_orderroute_to` FOREIGN KEY (`toPID`) REFERENCES `teacher` (`pID`) ON DELETE SET NULL ON UPDATE CASCADE
) ENGINE=InnoDB DEFAULT CHARSET=utf8mb4 COLLATE=utf8mb4_general_ci;
/*!40101 SET character_set_client = @saved_cs_client */;

--
-- Dumping data for table `dh_order_routes`
--

LOCK TABLES `dh_order_routes` WRITE;
/*!40000 ALTER TABLE `dh_order_routes` DISABLE KEYS */;
set autocommit=0;
/*!40000 ALTER TABLE `dh_order_routes` ENABLE KEYS */;
UNLOCK TABLES;
commit;

--
-- Table structure for table `dh_orders`
--

DROP TABLE IF EXISTS `dh_orders`;
/*!40101 SET @saved_cs_client     = @@character_set_client */;
/*!40101 SET character_set_client = utf8mb4 */;
CREATE TABLE `dh_orders` (
  `orderID` bigint(20) NOT NULL AUTO_INCREMENT,
  `dh_year` int(4) NOT NULL,
  `orderNo` varchar(20) NOT NULL,
  `orderSeq` int(11) NOT NULL,
  `subject` varchar(300) NOT NULL,
  `detail` text DEFAULT NULL,
  `status` enum('WAITING_ATTACHMENT','COMPLETE','SENT') NOT NULL DEFAULT 'WAITING_ATTACHMENT',
  `createdByPID` varchar(13) NOT NULL,
  `updatedByPID` varchar(13) DEFAULT NULL,
  `deletedAt` datetime DEFAULT NULL,
  `createdAt` timestamp NOT NULL DEFAULT current_timestamp(),
  `updatedAt` timestamp NOT NULL DEFAULT '0000-00-00 00:00:00' ON UPDATE current_timestamp(),
  PRIMARY KEY (`orderID`),
  UNIQUE KEY `uq_order_no` (`dh_year`,`orderSeq`),
  KEY `idx_order_year` (`dh_year`,`createdAt`),
  KEY `fk_order_created` (`createdByPID`),
  KEY `fk_order_updated` (`updatedByPID`),
  CONSTRAINT `fk_order_created` FOREIGN KEY (`createdByPID`) REFERENCES `teacher` (`pID`) ON UPDATE CASCADE,
  CONSTRAINT `fk_order_updated` FOREIGN KEY (`updatedByPID`) REFERENCES `teacher` (`pID`) ON DELETE SET NULL ON UPDATE CASCADE
) ENGINE=InnoDB DEFAULT CHARSET=utf8mb4 COLLATE=utf8mb4_general_ci;
/*!40101 SET character_set_client = @saved_cs_client */;

--
-- Dumping data for table `dh_orders`
--

LOCK TABLES `dh_orders` WRITE;
/*!40000 ALTER TABLE `dh_orders` DISABLE KEYS */;
set autocommit=0;
/*!40000 ALTER TABLE `dh_orders` ENABLE KEYS */;
UNLOCK TABLES;
commit;

--
-- Table structure for table `dh_outgoing_letters`
--

DROP TABLE IF EXISTS `dh_outgoing_letters`;
/*!40101 SET @saved_cs_client     = @@character_set_client */;
/*!40101 SET character_set_client = utf8mb4 */;
CREATE TABLE `dh_outgoing_letters` (
  `outgoingID` bigint(20) NOT NULL AUTO_INCREMENT,
  `dh_year` int(4) NOT NULL,
  `outgoingNo` varchar(50) NOT NULL,
  `outgoingSeq` int(11) NOT NULL,
  `subject` varchar(300) NOT NULL,
  `detail` text DEFAULT NULL,
  `status` enum('WAITING_ATTACHMENT','COMPLETE') NOT NULL DEFAULT 'WAITING_ATTACHMENT',
  `createdByPID` varchar(13) NOT NULL,
  `updatedByPID` varchar(13) DEFAULT NULL,
  `deletedAt` datetime DEFAULT NULL,
  `createdAt` timestamp NOT NULL DEFAULT current_timestamp(),
  `updatedAt` timestamp NOT NULL DEFAULT '0000-00-00 00:00:00' ON UPDATE current_timestamp(),
  PRIMARY KEY (`outgoingID`),
  UNIQUE KEY `uq_outgoing_no` (`dh_year`,`outgoingSeq`),
  KEY `idx_outgoing_year` (`dh_year`,`createdAt`),
  KEY `fk_outgoing_created` (`createdByPID`),
  KEY `fk_outgoing_updated` (`updatedByPID`),
  CONSTRAINT `fk_outgoing_created` FOREIGN KEY (`createdByPID`) REFERENCES `teacher` (`pID`) ON UPDATE CASCADE,
  CONSTRAINT `fk_outgoing_updated` FOREIGN KEY (`updatedByPID`) REFERENCES `teacher` (`pID`) ON DELETE SET NULL ON UPDATE CASCADE
) ENGINE=InnoDB AUTO_INCREMENT=2 DEFAULT CHARSET=utf8mb4 COLLATE=utf8mb4_general_ci;
/*!40101 SET character_set_client = @saved_cs_client */;

--
-- Dumping data for table `dh_outgoing_letters`
--

LOCK TABLES `dh_outgoing_letters` WRITE;
/*!40000 ALTER TABLE `dh_outgoing_letters` DISABLE KEYS */;
set autocommit=0;
INSERT INTO `dh_outgoing_letters` VALUES
(1,2568,'ศธ.01234/001',1,'ำะั้เ้','พะ้พะ้ะ้','COMPLETE','1829900159722','1829900159722',NULL,'2026-01-29 06:49:35','2026-01-29 06:49:35');
/*!40000 ALTER TABLE `dh_outgoing_letters` ENABLE KEYS */;
UNLOCK TABLES;
commit;

--
-- Table structure for table `dh_permissions`
--

DROP TABLE IF EXISTS `dh_permissions`;
/*!40101 SET @saved_cs_client     = @@character_set_client */;
/*!40101 SET character_set_client = utf8mb4 */;
CREATE TABLE `dh_permissions` (
  `permissionID` int(11) NOT NULL AUTO_INCREMENT,
  `permissionKey` varchar(100) NOT NULL,
  `permissionName` varchar(150) NOT NULL,
  `permissionDescription` text DEFAULT NULL,
  PRIMARY KEY (`permissionID`),
  UNIQUE KEY `uq_permissions_key` (`permissionKey`)
) ENGINE=InnoDB DEFAULT CHARSET=utf8mb4 COLLATE=utf8mb4_general_ci;
/*!40101 SET character_set_client = @saved_cs_client */;

--
-- Dumping data for table `dh_permissions`
--

LOCK TABLES `dh_permissions` WRITE;
/*!40000 ALTER TABLE `dh_permissions` DISABLE KEYS */;
set autocommit=0;
/*!40000 ALTER TABLE `dh_permissions` ENABLE KEYS */;
UNLOCK TABLES;
commit;

--
-- Table structure for table `dh_positions`
--

DROP TABLE IF EXISTS `dh_positions`;
/*!40101 SET @saved_cs_client     = @@character_set_client */;
/*!40101 SET character_set_client = utf8mb4 */;
CREATE TABLE `dh_positions` (
  `positionID` int(11) NOT NULL AUTO_INCREMENT,
  `positionName` varchar(100) NOT NULL,
  `positionDescription` text DEFAULT NULL,
  PRIMARY KEY (`positionID`)
) ENGINE=InnoDB AUTO_INCREMENT=9 DEFAULT CHARSET=utf8mb4 COLLATE=utf8mb4_general_ci;
/*!40101 SET character_set_client = @saved_cs_client */;

--
-- Dumping data for table `dh_positions`
--

LOCK TABLES `dh_positions` WRITE;
/*!40000 ALTER TABLE `dh_positions` DISABLE KEYS */;
set autocommit=0;
INSERT INTO `dh_positions` VALUES
(1,'ผู้อำนวยการโรงเรียน','ผู้บริหารสูงสุดของสถานศึกษา ดูแลและกำกับงานทั้งหมด'),
(2,'รองผู้อำนวยการกลุ่มบริหารงานวิชาการ','กำกับดูแลงานวิชาการและคุณภาพการเรียนการสอน วางแผนหลักสูตร ติดตามผลสัมฤทธิ์ และพัฒนาครู/การสอน'),
(3,'รองผู้อำนวยการกลุ่มบริหารงานบุคคลและงบประมาณ','ดูแลงานบุคคลและงบประมาณ บริหารอัตรากำลัง วางแผนการเงิน/พัสดุ ควบคุมการใช้จ่ายให้โปร่งใสและเป็นระบบ'),
(4,'รองผู้อำนวยการกลุ่มบริหารกิจการนักเรียน','รับผิดชอบงานกิจการนักเรียน วินัย ความปลอดภัย สวัสดิการ แนะแนว และกิจกรรม เพื่อให้นักเรียนมีคุณภาพและอยู่ร่วมกันได้ดี'),
(5,'ครู (หัวหน้ากลุ่มสาระ)','ดูแลการจัดการเรียนการสอนในกลุ่มสาระที่รับผิดชอบ วางแผนงานกลุ่มสาระ ประสานงานครู และติดตามผลการสอน'),
(6,'หัวหน้างาน','บริหารและควบคุมการทำงานของฝ่าย/งานที่ได้รับมอบหมาย จัดสรรงาน ติดตามความคืบหน้า และรายงานผลให้ผู้บริหาร'),
(7,'ครู','จัดการเรียนการสอนและดูแลนักเรียนตามหลักสูตร วัดผลประเมินผล และส่งเสริมพัฒนาการของผู้เรียนทั้งด้านวิชาการและพฤติกรรม'),
(8,'เจ้าหน้าที่','สนับสนุนงานเอกสาร ธุรการ และงานประสานงานภายใน ช่วยให้การดำเนินงานของโรงเรียนเป็นไปอย่างเรียบร้อย');
/*!40000 ALTER TABLE `dh_positions` ENABLE KEYS */;
UNLOCK TABLES;
commit;

--
-- Table structure for table `dh_read_receipts`
--

DROP TABLE IF EXISTS `dh_read_receipts`;
/*!40101 SET @saved_cs_client     = @@character_set_client */;
/*!40101 SET character_set_client = utf8mb4 */;
CREATE TABLE `dh_read_receipts` (
  `receiptID` bigint(20) unsigned NOT NULL AUTO_INCREMENT,
  `documentID` bigint(20) unsigned NOT NULL,
  `recipientPID` varchar(13) NOT NULL,
  `readAt` datetime NOT NULL,
  `requestID` char(26) DEFAULT NULL,
  `ipAddress` varchar(45) DEFAULT NULL,
  `userAgent` varchar(255) DEFAULT NULL,
  `receiptHash` char(64) DEFAULT NULL,
  PRIMARY KEY (`receiptID`),
  KEY `idx_receipts_document` (`documentID`),
  KEY `idx_receipts_recipient` (`recipientPID`,`readAt`),
  CONSTRAINT `fk_receipts_document` FOREIGN KEY (`documentID`) REFERENCES `dh_documents` (`id`) ON DELETE CASCADE ON UPDATE CASCADE,
  CONSTRAINT `fk_receipts_recipient` FOREIGN KEY (`recipientPID`) REFERENCES `teacher` (`pID`) ON UPDATE CASCADE
) ENGINE=InnoDB DEFAULT CHARSET=utf8mb4 COLLATE=utf8mb4_general_ci;
/*!40101 SET character_set_client = @saved_cs_client */;

--
-- Dumping data for table `dh_read_receipts`
--

LOCK TABLES `dh_read_receipts` WRITE;
/*!40000 ALTER TABLE `dh_read_receipts` DISABLE KEYS */;
set autocommit=0;
/*!40000 ALTER TABLE `dh_read_receipts` ENABLE KEYS */;
UNLOCK TABLES;
commit;

--
-- Table structure for table `dh_repair_requests`
--

DROP TABLE IF EXISTS `dh_repair_requests`;
/*!40101 SET @saved_cs_client     = @@character_set_client */;
/*!40101 SET character_set_client = utf8mb4 */;
CREATE TABLE `dh_repair_requests` (
  `repairID` bigint(20) NOT NULL AUTO_INCREMENT,
  `dh_year` int(4) NOT NULL,
  `requesterPID` varchar(13) NOT NULL,
  `subject` varchar(300) NOT NULL,
  `detail` text DEFAULT NULL,
  `location` varchar(255) DEFAULT NULL,
  `status` enum('PENDING','IN_PROGRESS','COMPLETED','REJECTED','CANCELLED') NOT NULL DEFAULT 'PENDING',
  `assignedToPID` varchar(13) DEFAULT NULL,
  `resolvedAt` datetime DEFAULT NULL,
  `deletedAt` datetime DEFAULT NULL,
  `createdAt` timestamp NOT NULL DEFAULT current_timestamp(),
  `updatedAt` timestamp NOT NULL DEFAULT '0000-00-00 00:00:00' ON UPDATE current_timestamp(),
  PRIMARY KEY (`repairID`),
  KEY `idx_repair_year` (`dh_year`,`createdAt`),
  KEY `idx_repair_requester` (`requesterPID`),
  KEY `idx_repair_status` (`status`),
  KEY `fk_repair_assigned` (`assignedToPID`),
  CONSTRAINT `fk_repair_assigned` FOREIGN KEY (`assignedToPID`) REFERENCES `teacher` (`pID`) ON DELETE SET NULL ON UPDATE CASCADE,
  CONSTRAINT `fk_repair_requester` FOREIGN KEY (`requesterPID`) REFERENCES `teacher` (`pID`) ON UPDATE CASCADE
) ENGINE=InnoDB AUTO_INCREMENT=3 DEFAULT CHARSET=utf8mb4 COLLATE=utf8mb4_general_ci;
/*!40101 SET character_set_client = @saved_cs_client */;

--
-- Dumping data for table `dh_repair_requests`
--

LOCK TABLES `dh_repair_requests` WRITE;
/*!40000 ALTER TABLE `dh_repair_requests` DISABLE KEYS */;
set autocommit=0;
INSERT INTO `dh_repair_requests` VALUES
(1,2568,'1829900159722','กฟหกฟหก','ฟหกฟหก','ฟกฟหกฟห','PENDING',NULL,NULL,'2026-01-29 13:17:34','2026-01-29 05:53:52','2026-01-29 06:17:34'),
(2,2568,'1829900159722','หกดหกดหกดกห','หกดกหดหกดกหด','หกดหกดหกดหกด','PENDING',NULL,NULL,NULL,'2026-01-29 06:17:56','0000-00-00 00:00:00');
/*!40000 ALTER TABLE `dh_repair_requests` ENABLE KEYS */;
UNLOCK TABLES;
commit;

--
-- Table structure for table `dh_role_permissions`
--

DROP TABLE IF EXISTS `dh_role_permissions`;
/*!40101 SET @saved_cs_client     = @@character_set_client */;
/*!40101 SET character_set_client = utf8mb4 */;
CREATE TABLE `dh_role_permissions` (
  `id` bigint(20) unsigned NOT NULL AUTO_INCREMENT,
  `roleID` int(11) NOT NULL,
  `permissionID` int(11) NOT NULL,
  PRIMARY KEY (`id`),
  UNIQUE KEY `uq_role_perm` (`roleID`,`permissionID`),
  KEY `idx_role_perm_role` (`roleID`),
  KEY `idx_role_perm_perm` (`permissionID`),
  CONSTRAINT `fk_role_perm_perm` FOREIGN KEY (`permissionID`) REFERENCES `dh_permissions` (`permissionID`) ON DELETE CASCADE ON UPDATE CASCADE,
  CONSTRAINT `fk_role_perm_role` FOREIGN KEY (`roleID`) REFERENCES `dh_roles` (`roleID`) ON DELETE CASCADE ON UPDATE CASCADE
) ENGINE=InnoDB DEFAULT CHARSET=utf8mb4 COLLATE=utf8mb4_general_ci;
/*!40101 SET character_set_client = @saved_cs_client */;

--
-- Dumping data for table `dh_role_permissions`
--

LOCK TABLES `dh_role_permissions` WRITE;
/*!40000 ALTER TABLE `dh_role_permissions` DISABLE KEYS */;
set autocommit=0;
/*!40000 ALTER TABLE `dh_role_permissions` ENABLE KEYS */;
UNLOCK TABLES;
commit;

--
-- Table structure for table `dh_roles`
--

DROP TABLE IF EXISTS `dh_roles`;
/*!40101 SET @saved_cs_client     = @@character_set_client */;
/*!40101 SET character_set_client = utf8mb4 */;
CREATE TABLE `dh_roles` (
  `roleID` int(11) NOT NULL AUTO_INCREMENT,
  `roleName` varchar(100) NOT NULL,
  `roleDescription` text NOT NULL,
  PRIMARY KEY (`roleID`)
) ENGINE=InnoDB AUTO_INCREMENT=7 DEFAULT CHARSET=utf8mb4 COLLATE=utf8mb4_general_ci;
/*!40101 SET character_set_client = @saved_cs_client */;

--
-- Dumping data for table `dh_roles`
--

LOCK TABLES `dh_roles` WRITE;
/*!40000 ALTER TABLE `dh_roles` DISABLE KEYS */;
set autocommit=0;
INSERT INTO `dh_roles` VALUES
(1,'ผู้ดูแลระบบ','มีสิทธิ์สูงสุดในการเข้าถึงและจัดการระบบสำนักงานอิเล็กทรอนิกส์ทั้งหมด\nสามารถเพิ่ม แก้ไข หรือลบบัญชีผู้ใช้งาน กำหนดสิทธิ์การเข้าถึงเมนูต่าง ๆ\nตรวจสอบและบริหารจัดการข้อมูลภายในระบบ เช่น หนังสือเวียน คำสั่งราชการ การจองยานพาหนะ\nรวมถึงดูแลการตั้งค่าระบบทั่วไป เช่น การสำรองข้อมูล การตั้งค่าไฟล์แนบ และการจัดการลายเซ็นดิจิทัลของผู้บริหาร'),
(2,'เจ้าหน้าที่สารบัญ','รับผิดชอบการรับ–ส่งหนังสือราชการภายในและภายนอกหน่วยงาน\r\nบันทึก ลงทะเบียน และจัดเก็บเอกสารในระบบสำนักงานอิเล็กทรอนิกส์ให้เป็นระเบียบ\r\nตรวจสอบสถานะหนังสือเวียน คำสั่งราชการ และบันทึกข้อความ\r\nรวมถึงติดตามว่าผู้รับเปิดอ่านเอกสารแล้วหรือไม่\r\nสามารถเผยแพร่หนังสือเวียนที่สำคัญให้แสดงในหน้า “ข่าวประชาสัมพันธ์” ของระบบได้'),
(3,'เจ้าหน้าที่ยานพาหนะ ','รับผิดชอบการบริหารจัดการและดูแลการจองยานพาหนะของหน่วยงาน\r\nตรวจสอบคำขอใช้รถ บันทึกข้อมูลการจอง อนุมัติหรือปฏิเสธตามความเหมาะสม\r\nดูแลตารางการใช้รถ สถานะการใช้งาน และบันทึกข้อมูลผู้ขับขี่\r\nรวมถึงจัดเก็บเอกสารแนบ เช่น ใบขออนุญาตเดินทาง ใบสั่งงาน หรือเอกสารประกอบการเดินทาง\r\nเพื่อให้การใช้ยานพาหนะเป็นไปตามระเบียบและตรวจสอบย้อนหลังได้'),
(4,'เจ้าหน้าที่วันลา','รับผิดชอบการจัดการข้อมูลการลาของบุคลากรในหน่วยงาน ตรวจสอบคำขอลาแต่ละประเภท เช่น ลาป่วย ลากิจ ลาพักผ่อน ตรวจสอบความถูกต้องของข้อมูล วันลา และเอกสารแนบ บันทึกสถานะการอนุมัติหรือไม่อนุมัติให้เป็นปัจจุบันในระบบ พร้อมทั้งจัดทำรายงานสรุปสถิติการลาเพื่อเสนอผู้บริหาร และช่วยตรวจสอบสิทธิ์การลาประจำปีของแต่ละบุคลากร'),
(5,'เจ้าหน้าที่สถานที่','รับผิดชอบการดูแลและบริหารจัดการการจองห้องประชุม อาคาร และสถานที่ต่าง ๆ ภายในหน่วยงาน\r\nตรวจสอบคำขอจองห้อง บันทึกข้อมูลการจอง อนุมัติหรือปฏิเสธตามความเหมาะสม\r\nจัดทำตารางการใช้สถานที่ให้ไม่ซ้ำซ้อน พร้อมอัปเดตสถานะให้ผู้ใช้สามารถตรวจสอบได้แบบเรียลไทม์\r\nรวมถึงบันทึกหมายเหตุหรือเอกสารแนบที่เกี่ยวข้อง เพื่อให้การใช้สถานที่มีประสิทธิภาพและตรวจสอบย้อนหลังได้อย่างโปร่งใส'),
(6,'บุคลากรทั่วไป','บุคลากรที่ปฏิบัติงานทั่วไปภายในหน่วยงาน สนับสนุนการดำเนินงานประจำวัน ประสานงานภายใน และปฏิบัติงานตามที่ได้รับมอบหมายจากผู้บังคับบัญชา');
/*!40000 ALTER TABLE `dh_roles` ENABLE KEYS */;
UNLOCK TABLES;
commit;

--
-- Table structure for table `dh_room_bookings`
--

DROP TABLE IF EXISTS `dh_room_bookings`;
/*!40101 SET @saved_cs_client     = @@character_set_client */;
/*!40101 SET character_set_client = utf8mb4 */;
CREATE TABLE `dh_room_bookings` (
  `roomBookingID` bigint(20) NOT NULL AUTO_INCREMENT,
  `dh_year` int(4) NOT NULL,
  `requesterPID` varchar(13) NOT NULL,
  `roomID` int(11) NOT NULL,
  `startDate` date NOT NULL,
  `endDate` date NOT NULL,
  `startTime` time NOT NULL,
  `endTime` time NOT NULL,
  `attendeeCount` smallint(5) unsigned NOT NULL DEFAULT 1,
  `status` enum('DRAFT','PENDING','APPROVED','REJECTED','CANCELLED','COMPLETED') NOT NULL DEFAULT 'PENDING',
  `bookingTopic` varchar(255) DEFAULT NULL,
  `bookingDetail` text DEFAULT NULL,
  `equipmentDetail` text DEFAULT NULL,
  `requesterDisplayName` varchar(255) DEFAULT NULL,
  `approvedByPID` varchar(13) DEFAULT NULL,
  `approvedAt` datetime DEFAULT NULL,
  `deletedAt` datetime DEFAULT NULL,
  `createdAt` timestamp NOT NULL DEFAULT current_timestamp(),
  `updatedAt` timestamp NOT NULL DEFAULT '0000-00-00 00:00:00' ON UPDATE current_timestamp(),
  PRIMARY KEY (`roomBookingID`),
  KEY `fk_room_approved` (`approvedByPID`),
  KEY `idx_room_booking_range` (`roomID`,`startDate`,`endDate`),
  KEY `idx_room_booking_time` (`roomID`,`startTime`,`endTime`),
  KEY `idx_room_status` (`status`),
  KEY `idx_room_requester` (`requesterPID`,`createdAt`),
  CONSTRAINT `fk_room_approved` FOREIGN KEY (`approvedByPID`) REFERENCES `teacher` (`pID`) ON DELETE SET NULL ON UPDATE CASCADE,
  CONSTRAINT `fk_room_req` FOREIGN KEY (`requesterPID`) REFERENCES `teacher` (`pID`) ON UPDATE CASCADE,
  CONSTRAINT `fk_room_room` FOREIGN KEY (`roomID`) REFERENCES `dh_rooms` (`roomID`) ON UPDATE CASCADE
) ENGINE=InnoDB AUTO_INCREMENT=7 DEFAULT CHARSET=utf8mb4 COLLATE=utf8mb4_general_ci;
/*!40101 SET character_set_client = @saved_cs_client */;

--
-- Dumping data for table `dh_room_bookings`
--

LOCK TABLES `dh_room_bookings` WRITE;
/*!40000 ALTER TABLE `dh_room_bookings` DISABLE KEYS */;
set autocommit=0;
INSERT INTO `dh_room_bookings` VALUES
(1,2568,'1829900159722',2,'2026-01-16','2026-01-17','00:52:00','17:53:00',243,'PENDING','','23423423','234234','234234','นางสาวทิพยรัตน์ บุญมณี',NULL,NULL,'2026-01-16 01:09:59','2026-01-15 17:47:27','2026-01-15 18:09:59'),
(2,2568,'1829900159722',8,'2026-01-30','2026-02-01','01:04:00','02:04:00',2,'PENDING','','23123123','12312312','3123123','นางสาวทิพยรัตน์ บุญมณี',NULL,NULL,'2026-01-16 01:05:09','2026-01-15 18:04:48','2026-01-15 18:05:09'),
(3,2568,'1829900159722',5,'2026-01-01','2026-01-02','13:15:00','15:14:00',12,'PENDING','','12','12','12','นางสาวทิพยรัตน์ บุญมณี',NULL,NULL,'2026-01-16 13:15:02','2026-01-16 06:14:57','2026-01-16 06:15:02'),
(4,2568,'1819900163142',4,'2026-01-01','2026-01-02','13:22:00','15:22:00',12,'REJECTED','asdasdasdsd','12','12','12','นายบพิธ มังคะลา','1829900159722','2026-01-19 17:35:23',NULL,'2026-01-16 06:22:55','2026-01-19 10:35:23'),
(5,2568,'1819900163142',8,'2026-01-31','2026-02-01','19:39:00','21:30:00',12,'APPROVED',NULL,'2','3','77','นายบพิธ มังคะลา','1829900159722','2026-01-20 18:15:25',NULL,'2026-01-16 06:29:19','2026-01-20 11:15:25'),
(6,2568,'1829900159722',7,'2026-01-16','2026-01-17','13:55:00','14:55:00',12,'APPROVED',NULL,'12121','12121212','465','นางสาวทิพยรัตน์ บุญมณี','1829900159722','2026-01-17 00:04:30','2026-01-19 12:53:34','2026-01-16 06:55:43','2026-01-19 05:53:34');
/*!40000 ALTER TABLE `dh_room_bookings` ENABLE KEYS */;
UNLOCK TABLES;
commit;

--
-- Table structure for table `dh_rooms`
--

DROP TABLE IF EXISTS `dh_rooms`;
/*!40101 SET @saved_cs_client     = @@character_set_client */;
/*!40101 SET character_set_client = utf8mb4 */;
CREATE TABLE `dh_rooms` (
  `roomID` int(11) NOT NULL AUTO_INCREMENT,
  `roomName` varchar(150) NOT NULL,
  `roomStatus` enum('พร้อมใช้งาน','ระงับชั่วคราว','กำลังซ่อม','ไม่พร้อมใช้งาน') NOT NULL DEFAULT 'พร้อมใช้งาน',
  `roomNote` text NOT NULL,
  `createdAt` timestamp NOT NULL DEFAULT current_timestamp() ON UPDATE current_timestamp(),
  `updatedAt` timestamp NOT NULL DEFAULT '0000-00-00 00:00:00',
  `deletedAt` datetime DEFAULT NULL,
  PRIMARY KEY (`roomID`)
) ENGINE=InnoDB AUTO_INCREMENT=14 DEFAULT CHARSET=utf8mb4 COLLATE=utf8mb4_general_ci;
/*!40101 SET character_set_client = @saved_cs_client */;

--
-- Dumping data for table `dh_rooms`
--

LOCK TABLES `dh_rooms` WRITE;
/*!40000 ALTER TABLE `dh_rooms` DISABLE KEYS */;
set autocommit=0;
INSERT INTO `dh_rooms` VALUES
(1,'ห้องประชุมก้ามงิ้นเชี้ยว','พร้อมใช้งาน','','2026-01-16 11:56:39','2026-01-15 16:55:26',NULL),
(2,'ห้องประชุมเพชรดีบุก','พร้อมใช้งาน','','2026-01-15 16:55:26','2026-01-15 16:55:26',NULL),
(3,'ห้องสื่อมัลติมีเดีย','พร้อมใช้งาน','','2026-01-15 16:55:26','2026-01-15 16:55:26',NULL),
(4,'หอประชุม(หลังเก่า)','พร้อมใช้งาน','','2026-01-15 16:55:26','2026-01-15 16:55:26',NULL),
(5,'หอประชุมชั้นบนอาคารอเนกประสงค์','พร้อมใช้งาน','','2026-01-16 12:31:49','2026-01-16 12:31:49',NULL),
(6,'โรงอาหาร','พร้อมใช้งาน','','2026-01-15 16:55:26','2026-01-15 16:55:26',NULL),
(7,'ใต้ถุนอาคาร 5','พร้อมใช้งาน','','2026-01-19 05:02:46','2026-01-19 05:02:46',NULL),
(8,'ห้องประชุมเพชรประดู่','พร้อมใช้งาน','','2026-01-15 16:55:26','2026-01-15 16:55:26',NULL),
(9,'ห้องประชุมเกียรติยศ','พร้อมใช้งาน','','2026-01-15 16:55:26','2026-01-15 16:55:26',NULL),
(12,'กหดหกดหก','พร้อมใช้งาน','หกดกหดกหดกห','2026-01-16 12:42:37','2026-01-16 12:42:37','2026-01-16 19:42:37'),
(13,'ดเ้ด้ดเ','พร้อมใช้งาน','ดเ้ดเ้ดเ้ดเ','2026-01-16 12:44:52','2026-01-16 12:44:52','2026-01-16 19:44:52');
/*!40000 ALTER TABLE `dh_rooms` ENABLE KEYS */;
UNLOCK TABLES;
commit;

--
-- Table structure for table `dh_sequences`
--

DROP TABLE IF EXISTS `dh_sequences`;
/*!40101 SET @saved_cs_client     = @@character_set_client */;
/*!40101 SET character_set_client = utf8mb4 */;
CREATE TABLE `dh_sequences` (
  `seqKey` varchar(50) NOT NULL,
  `currentValue` bigint(20) unsigned NOT NULL DEFAULT 0,
  `updatedAt` timestamp NOT NULL DEFAULT current_timestamp() ON UPDATE current_timestamp(),
  PRIMARY KEY (`seqKey`)
) ENGINE=InnoDB DEFAULT CHARSET=utf8mb4 COLLATE=utf8mb4_general_ci;
/*!40101 SET character_set_client = @saved_cs_client */;

--
-- Dumping data for table `dh_sequences`
--

LOCK TABLES `dh_sequences` WRITE;
/*!40000 ALTER TABLE `dh_sequences` DISABLE KEYS */;
set autocommit=0;
/*!40000 ALTER TABLE `dh_sequences` ENABLE KEYS */;
UNLOCK TABLES;
commit;

--
-- Table structure for table `dh_vehicle_bookings`
--

DROP TABLE IF EXISTS `dh_vehicle_bookings`;
/*!40101 SET @saved_cs_client     = @@character_set_client */;
/*!40101 SET character_set_client = utf8mb4 */;
CREATE TABLE `dh_vehicle_bookings` (
  `bookingID` bigint(20) NOT NULL AUTO_INCREMENT,
  `dh_year` int(4) NOT NULL,
  `requesterPID` varchar(13) NOT NULL,
  `vehicleID` int(11) DEFAULT NULL,
  `driverPID` varchar(13) DEFAULT NULL,
  `driverName` varchar(150) DEFAULT NULL,
  `driverTel` varchar(10) DEFAULT NULL,
  `startAt` datetime NOT NULL,
  `endAt` datetime NOT NULL,
  `status` enum('DRAFT','PENDING','ASSIGNED','APPROVED','REJECTED','CANCELLED','COMPLETED') NOT NULL DEFAULT 'PENDING',
  `statusReason` text DEFAULT NULL,
  `approvedByPID` varchar(13) DEFAULT NULL,
  `approvedAt` datetime DEFAULT NULL,
  `deletedAt` timestamp NULL DEFAULT NULL,
  `createdAt` timestamp NOT NULL DEFAULT current_timestamp(),
  `updatedAt` timestamp NOT NULL DEFAULT '0000-00-00 00:00:00' ON UPDATE current_timestamp(),
  PRIMARY KEY (`bookingID`),
  KEY `fk_booking_requester` (`requesterPID`),
  KEY `fk_booking_approvedby` (`approvedByPID`),
  KEY `idx_booking_time` (`startAt`,`endAt`),
  KEY `idx_booking_vehicle_time` (`vehicleID`,`startAt`),
  KEY `idx_booking_driver_time` (`driverPID`,`startAt`),
  KEY `idx_booking_status` (`status`),
  CONSTRAINT `fk_booking_approvedby` FOREIGN KEY (`approvedByPID`) REFERENCES `teacher` (`pID`) ON DELETE SET NULL ON UPDATE CASCADE,
  CONSTRAINT `fk_booking_driverpid` FOREIGN KEY (`driverPID`) REFERENCES `teacher` (`pID`) ON DELETE SET NULL ON UPDATE CASCADE,
  CONSTRAINT `fk_booking_requester` FOREIGN KEY (`requesterPID`) REFERENCES `teacher` (`pID`) ON UPDATE CASCADE,
  CONSTRAINT `fk_booking_vehicle` FOREIGN KEY (`vehicleID`) REFERENCES `dh_vehicles` (`vehicleID`) ON DELETE SET NULL ON UPDATE CASCADE
) ENGINE=InnoDB AUTO_INCREMENT=3 DEFAULT CHARSET=utf8mb4 COLLATE=utf8mb4_general_ci;
/*!40101 SET character_set_client = @saved_cs_client */;

--
-- Dumping data for table `dh_vehicle_bookings`
--

LOCK TABLES `dh_vehicle_bookings` WRITE;
/*!40000 ALTER TABLE `dh_vehicle_bookings` DISABLE KEYS */;
set autocommit=0;
INSERT INTO `dh_vehicle_bookings` VALUES
(1,2568,'1829900159722',NULL,NULL,NULL,NULL,'2026-01-20 20:14:00','2026-01-21 22:14:00','APPROVED','','1829900159722','2026-01-25 15:28:00',NULL,'2026-01-20 13:14:14','2026-01-25 08:28:00'),
(2,2568,'1829900159722',NULL,NULL,NULL,NULL,'2026-01-25 15:49:00','2026-01-26 16:50:00','PENDING',NULL,NULL,NULL,NULL,'2026-01-25 08:49:46','0000-00-00 00:00:00');
/*!40000 ALTER TABLE `dh_vehicle_bookings` ENABLE KEYS */;
UNLOCK TABLES;
commit;

--
-- Table structure for table `dh_vehicles`
--

DROP TABLE IF EXISTS `dh_vehicles`;
/*!40101 SET @saved_cs_client     = @@character_set_client */;
/*!40101 SET character_set_client = utf8mb4 */;
CREATE TABLE `dh_vehicles` (
  `vehicleID` int(11) NOT NULL AUTO_INCREMENT,
  `vehicleType` varchar(50) NOT NULL,
  `vehicleBrand` varchar(100) DEFAULT NULL,
  `vehicleModel` varchar(100) DEFAULT NULL,
  `vehiclePlate` varchar(50) NOT NULL,
  `vehicleColor` varchar(50) DEFAULT NULL,
  `vehicleCapacity` int(2) DEFAULT 4,
  `vehicleStatus` enum('พร้อมใช้งาน','อยู่ระหว่างใช้งาน','ส่งซ่อม','ไม่พร้อมใช้งาน') DEFAULT 'พร้อมใช้งาน',
  `createdAt` timestamp NOT NULL DEFAULT current_timestamp(),
  `updatedAt` timestamp NOT NULL DEFAULT '0000-00-00 00:00:00',
  PRIMARY KEY (`vehicleID`)
) ENGINE=InnoDB AUTO_INCREMENT=2 DEFAULT CHARSET=utf8mb4 COLLATE=utf8mb4_general_ci;
/*!40101 SET character_set_client = @saved_cs_client */;

--
-- Dumping data for table `dh_vehicles`
--

LOCK TABLES `dh_vehicles` WRITE;
/*!40000 ALTER TABLE `dh_vehicles` DISABLE KEYS */;
set autocommit=0;
INSERT INTO `dh_vehicles` VALUES
(1,'czxc','zxczxczxc','cxfssdf','sdfsdfdsf','zxcxzc',4,'พร้อมใช้งาน','2026-02-03 16:09:37','2026-02-03 16:09:37');
/*!40000 ALTER TABLE `dh_vehicles` ENABLE KEYS */;
UNLOCK TABLES;
commit;
/*!40103 SET TIME_ZONE=@OLD_TIME_ZONE */;

/*!40101 SET SQL_MODE=@OLD_SQL_MODE */;
/*!40014 SET FOREIGN_KEY_CHECKS=@OLD_FOREIGN_KEY_CHECKS */;
/*!40014 SET UNIQUE_CHECKS=@OLD_UNIQUE_CHECKS */;
/*!40101 SET CHARACTER_SET_CLIENT=@OLD_CHARACTER_SET_CLIENT */;
/*!40101 SET CHARACTER_SET_RESULTS=@OLD_CHARACTER_SET_RESULTS */;
/*!40101 SET COLLATION_CONNECTION=@OLD_COLLATION_CONNECTION */;
/*M!100616 SET NOTE_VERBOSITY=@OLD_NOTE_VERBOSITY */;

-- Dump completed on 2026-02-05 10:42:13
